13020002,INT1003,4.2
13020002,FLF1105,3.5
13020002,MAT1094,6
13020002,PHY1100,6.8
13020008,INT1003,6.2
13020008,INT1006,7.8
13020008,MAT1094,5.8
13020008,PHY1100,5.9
13020012,INT1003,6.9
13020012,INT1006,4.8
13020012,FLF1105,6.1
13020012,MAT1094,5
13020012,PHY1100,4.1
13020053,FLF1105,4.5
13020053,MAT1094,7.3
13020053,PHY1100,5.8
13020063,INT1003,7.2
13020063,INT1006,4.6
13020063,FLF1105,5.3
13020063,MAT1094,7.1
13020708,INT1003,7.5
13020708,INT1006,4.2
13020708,FLF1105,3.2
13020708,PHY1100,5.1
13020091,INT1003,7.5
13020091,INT1006,7.4
13020091,FLF1105,8.2
13020091,MAT1094,6.4
13020091,PHY1100,5.3
13020712,INT1003,7.3
13020712,INT1006,4.1
13020712,FLF1105,4.1
13020712,MAT1094,5
13020712,PHY1100,7.3
13020716,INT1003,6.2
13020716,PHY1100,7.2
13020113,INT1003,7.3
13020113,INT1006,6
13020113,FLF1105,6.4
13020113,MAT1094,8.1
13020113,PHY1100,4.4
13020531,INT1003,3
13020531,FLF1105,4.3
13020531,MAT1094,8.2
13020531,PHY1100,8
13020125,INT1003,8.1
13020125,INT1006,8.8
13020125,MAT1094,5.5
13020136,INT1003,7.7
13020136,INT1006,7.6
13020136,FLF1105,10
13020136,MAT1094,7.5
13020136,PHY1100,5.9
13020137,INT1003,6.8
13020137,FLF1105,6.8
13020137,MAT1094,8.3
13020146,INT1003,7.5
13020146,FLF1105,6.8
13020146,MAT1094,6.6
13020146,PHY1100,4.7
13020148,INT1003,7.3
13020148,INT1006,8.4
13020148,FLF1105,7.8
13020148,MAT1094,7.7
13020148,PHY1100,5.8
13020159,INT1003,4.5
13020159,FLF1105,6.6
13020159,MAT1094,5.8
13020159,PHY1100,5.4
13020160,INT1003,7.2
13020160,INT1006,5
13020160,FLF1105,8.8
13020160,MAT1094,5.5
13020160,PHY1100,5.4
13020713,INT1003,8
13020713,INT1006,7.3
13020713,FLF1105,2.9
13020713,MAT1094,4.7
13020713,PHY1100,7.3
13020183,INT1003,8.6
13020183,INT1006,6.8
13020183,FLF1105,8.9
13020183,MAT1094,6.1
13020190,INT1003,7.2
13020190,INT1006,5
13020190,FLF1105,4.9
13020190,MAT1094,6.5
13020190,PHY1100,6.2
13020546,INT1003,5.9
13020546,INT1006,7.5
13020546,FLF1105,6
13020546,MAT1094,7.1
13020546,PHY1100,7
13020196,INT1003,7.2
13020196,INT1006,7
13020196,FLF1105,6
13020196,MAT1094,6.1
13020196,PHY1100,5.9
13020704,INT1003,5.5
13020704,MAT1094,4.6
13020704,PHY1100,6.2
13020228,INT1003,7.1
13020228,INT1006,8
13020228,FLF1105,6.8
13020228,MAT1094,5.5
13020229,INT1003,7.9
13020229,INT1006,6.2
13020229,FLF1105,7.5
13020229,MAT1094,5.9
13020229,PHY1100,5
13020265,INT1003,8.2
13020265,INT1006,7.1
13020265,FLF1105,4.5
13020265,MAT1094,9.3
13020265,PHY1100,5.8
13020725,INT1003,0
13020725,INT1006,0
13020725,FLF1105,0
13020725,MAT1094,0
13020725,PHY1100,0
13020275,FLF1105,5.4
13020275,MAT1094,5.7
13020275,PHY1100,4.5
13020280,INT1003,5.4
13020280,INT1006,5.7
13020280,FLF1105,5.2
13020280,MAT1094,5.9
13020280,PHY1100,6.7
13020629,INT1003,8
13020629,INT1006,6.7
13020629,FLF1105,8.1
13020629,MAT1094,4.3
13020629,PHY1100,7.5
13020290,INT1003,7.7
13020290,INT1006,6.9
13020290,FLF1105,4.8
13020290,MAT1094,6
13020290,PHY1100,6.3
13020291,INT1003,7.7
13020291,INT1006,7.6
13020291,FLF1105,4.5
13020291,MAT1094,5.7
13020291,PHY1100,4.8
13020550,INT1003,7.5
13020550,INT1006,7.3
13020550,FLF1105,4.8
13020550,MAT1094,7.3
13020550,PHY1100,6.9
13020314,INT1003,7.7
13020314,INT1006,4.9
13020314,FLF1105,7.1
13020314,MAT1094,6.7
13020314,PHY1100,7.9
13020317,INT1003,5.5
13020317,FLF1105,7.2
13020317,MAT1094,7.1
13020317,PHY1100,7.3
13020323,INT1003,7.7
13020323,INT1006,4.6
13020323,FLF1105,7.9
13020323,MAT1094,6.6
13020323,PHY1100,7.2
13020324,INT1003,6
13020324,INT1006,8.1
13020324,FLF1105,5.8
13020324,MAT1094,7.7
13020324,PHY1100,5.8
13020330,INT1003,5.4
13020330,INT1006,5.2
13020330,FLF1105,5.7
13020330,MAT1094,7.2
13020330,PHY1100,7
13020636,INT1003,6.2
13020636,FLF1105,5.7
13020636,MAT1094,4.8
13020636,PHY1100,7
13020342,INT1003,7.3
13020342,FLF1105,7.4
13020342,MAT1094,6.9
13020601,INT1003,6.2
13020601,INT1006,9
13020601,FLF1105,10
13020601,MAT1094,6.1
13020601,PHY1100,7.2
13020638,INT1003,8.8
13020638,INT1006,5.2
13020638,FLF1105,10
13020638,MAT1094,5
13020638,PHY1100,7.7
13020372,INT1003,8.1
13020372,INT1006,7.1
13020372,FLF1105,4.8
13020372,MAT1094,5.7
13020372,PHY1100,6.7
13020397,INT1003,8.4
13020397,INT1006,9.1
13020397,FLF1105,5.9
13020397,MAT1094,6.7
13020397,PHY1100,6.4
13020395,INT1003,7.5
13020395,FLF1105,6.2
13020395,MAT1094,8.7
13020395,PHY1100,6.1
13020386,INT1003,8.7
13020386,MAT1094,7.9
13020386,PHY1100,7.2
13020403,INT1003,8.6
13020403,FLF1105,6.7
13020403,MAT1094,0
13020403,PHY1100,6.3
13020410,INT1003,4.8
13020410,FLF1105,6.1
13020410,MAT1094,7.3
13020410,PHY1100,7.9
13020418,INT1003,7.9
13020418,INT1006,5.5
13020418,FLF1105,7.6
13020418,MAT1094,5.7
13020418,PHY1100,5.7
13020420,INT1003,8.4
13020420,INT1006,8.2
13020420,FLF1105,6.2
13020420,MAT1094,6.4
13020420,PHY1100,5.1
13020425,INT1003,6.9
13020425,INT1006,4.5
13020425,FLF1105,3
13020425,MAT1094,5.6
13020428,INT1003,6.6
13020428,INT1006,7.9
13020428,FLF1105,4.2
13020428,MAT1094,6.2
13020428,PHY1100,7.6
13020452,INT1003,8.3
13020452,MAT1094,6.7
13020452,PHY1100,7.9
13020450,INT1003,7.5
13020450,INT1006,6.3
13020450,FLF1105,6.8
13020450,MAT1094,7.8
13020450,PHY1100,6.4
13020647,INT1003,7.7
13020647,INT1006,4.7
13020647,FLF1105,7.2
13020647,MAT1094,9
13020647,PHY1100,5.8
13020481,INT1003,7.3
13020481,INT1006,4.2
13020481,FLF1105,4.9
13020481,MAT1094,6.5
13020481,PHY1100,6.4
13020495,INT1003,7.1
13020495,INT1006,6
13020495,FLF1105,6
13020495,MAT1094,6.4
13020495,PHY1100,4.8
13020496,INT1003,8.6
13020496,INT1006,8.2
13020496,FLF1105,5.2
13020496,MAT1094,6.5
13020496,PHY1100,5.7
13020511,INT1003,6.9
13020511,INT1006,7.9
13020511,FLF1105,6.9
13020511,MAT1094,7.6
13020511,PHY1100,5.9
13020513,INT1003,5.8
13020513,INT1006,3.2
13020513,FLF1105,0.6
13020513,MAT1094,3.9
13020513,PHY1100,6.4
13020013,INT1003,3.1
13020013,INT1006,0
13020013,FLF1105,3.5
13020013,MAT1094,0
13020013,PHY1100,4.1
13020034,INT1003,5.2
13020034,INT1006,4.8
13020034,FLF1105,5.3
13020034,MAT1094,5.3
13020034,PHY1100,5.9
13020044,INT1003,7.2
13020044,FLF1105,4.9
13020044,MAT1094,5.5
13020044,PHY1100,4.4
13020052,INT1003,7.3
13020052,INT1006,7.3
13020052,FLF1105,4
13020052,MAT1094,7.4
13020052,PHY1100,4.7
13020054,INT1003,8.2
13020054,INT1006,4.2
13020054,FLF1105,7.6
13020054,MAT1094,6.5
13020054,PHY1100,5
13020055,INT1006,7.2
13020055,FLF1105,6.1
13020055,MAT1094,6.4
13020057,INT1003,6.9
13020057,INT1006,7.9
13020057,FLF1105,6.2
13020057,MAT1094,6.3
13020057,PHY1100,4.6
13020583,INT1003,7.2
13020583,INT1006,9.8
13020583,FLF1105,5.7
13020583,MAT1094,6.1
13020583,PHY1100,7.8
13020094,INT1003,4.8
13020094,INT1006,5.8
13020094,FLF1105,6.5
13020094,MAT1094,6
13020094,PHY1100,4.4
13020092,INT1003,6.9
13020092,INT1006,5.4
13020092,MAT1094,7.9
13020099,INT1003,6.1
13020099,INT1006,7.4
13020099,FLF1105,7.7
13020099,MAT1094,5.8
13020099,PHY1100,5.6
13020130,INT1003,4.2
13020130,INT1006,3
13020130,FLF1105,6
13020130,MAT1094,4
13020130,PHY1100,2.4
13020540,INT1003,4.7
13020540,INT1006,7.4
13020540,MAT1094,2.8
13020540,PHY1100,5.1
13020153,INT1003,7.4
13020153,INT1006,7
13020153,FLF1105,6.6
13020153,MAT1094,7.9
13020153,PHY1100,4.5
13020155,INT1003,9.2
13020155,INT1006,9.8
13020155,FLF1105,10
13020155,MAT1094,7.8
13020155,PHY1100,6.2
13020169,INT1003,6.4
13020169,FLF1105,5.3
13020169,MAT1094,4.8
13020173,INT1003,8.2
13020173,INT1006,4
13020173,FLF1105,6.8
13020173,MAT1094,7.7
13020173,PHY1100,6.2
13020176,INT1003,7.2
13020176,FLF1105,6.1
13020176,MAT1094,7.1
13020176,PHY1100,5.4
13020184,INT1003,7.5
13020184,INT1006,4.4
13020184,FLF1105,7.4
13020184,MAT1094,5.7
13020184,PHY1100,5
13020191,INT1003,7.8
13020191,INT1006,7
13020191,FLF1105,6.7
13020191,MAT1094,5.8
13020191,PHY1100,4.8
13020234,INT1003,8.3
13020234,INT1006,9.7
13020234,MAT1094,6.3
13020244,INT1003,6.9
13020244,INT1006,5.8
13020244,FLF1105,6.2
13020244,MAT1094,6.2
13020244,PHY1100,4.8
13020719,INT1003,5.4
13020719,INT1006,3.8
13020719,FLF1105,2.9
13020719,MAT1094,4.4
13020719,PHY1100,4.2
13020549,INT1003,4.3
13020549,FLF1105,5.6
13020549,MAT1094,5.3
13020549,PHY1100,6.6
13020263,INT1003,7.2
13020263,INT1006,4.6
13020263,FLF1105,4.9
13020263,MAT1094,6.1
13020263,PHY1100,5.7
13020268,INT1003,7.2
13020268,INT1006,2.6
13020268,FLF1105,6.7
13020268,MAT1094,7.2
13020268,PHY1100,3.8
13020282,INT1003,6.4
13020282,INT1006,6.5
13020282,FLF1105,6.7
13020282,MAT1094,6.4
13020282,PHY1100,5.5
13020293,INT1003,7.6
13020293,INT1006,5.3
13020293,FLF1105,6
13020293,MAT1094,6.7
13020293,PHY1100,6.7
13020311,INT1003,7.4
13020311,INT1006,8.2
13020311,FLF1105,4.7
13020311,MAT1094,8.1
13020311,PHY1100,6.6
13020321,INT1003,8.5
13020321,FLF1105,5.1
13020321,MAT1094,6.6
13020321,PHY1100,7
13020553,INT1003,9
13020553,INT1006,7.6
13020553,MAT1094,6
13020337,INT1003,7.6
13020337,INT1006,4
13020337,FLF1105,7.4
13020337,MAT1094,6.6
13020337,PHY1100,6.4
13020382,INT1003,8.7
13020382,INT1006,4.1
13020382,FLF1105,6.7
13020382,MAT1094,6.9
13020382,PHY1100,5.4
13020604,INT1003,3.5
13020604,INT1006,0
13020604,FLF1105,0
13020604,MAT1094,1.8
13020604,PHY1100,0
13020421,INT1003,8.2
13020421,FLF1105,10
13020421,MAT1094,6.3
13020421,PHY1100,6.7
13020430,INT1003,4.7
13020430,INT1006,7.6
13020430,FLF1105,5.6
13020430,MAT1094,6.5
13020430,PHY1100,8.8
13020437,INT1003,8
13020437,INT1006,7.8
13020437,FLF1105,6.5
13020437,MAT1094,7.5
13020437,PHY1100,5.4
13020443,INT1003,8.6
13020443,INT1006,6.5
13020443,FLF1105,4.4
13020443,MAT1094,8
13020443,PHY1100,6.9
13020447,INT1003,8.2
13020447,INT1006,3.8
13020447,FLF1105,5.6
13020447,MAT1094,5.5
13020447,PHY1100,6.7
13020468,INT1003,6.9
13020468,INT1006,4.2
13020468,FLF1105,7
13020468,MAT1094,5.4
13020468,PHY1100,6.1
13020470,INT1003,8.5
13020470,INT1006,6.3
13020470,FLF1105,5.8
13020470,MAT1094,7.1
13020470,PHY1100,5.2
13020499,INT1003,8.2
13020499,INT1006,8.3
13020499,MAT1094,7.1
13020499,PHY1100,6.3
13020472,INT1003,8.3
13020472,INT1006,4.5
13020472,FLF1105,5.8
13020472,MAT1094,6.6
13020472,PHY1100,6.3
13020477,INT1003,8.7
13020477,INT1006,8
13020477,FLF1105,5.8
13020477,MAT1094,7.8
13020477,PHY1100,8.2
13020711,INT1003,7.1
13020711,INT1006,7.5
13020711,FLF1105,5.6
13020711,MAT1094,6.1
13020711,PHY1100,7.3
13020488,INT1003,8.8
13020488,INT1006,8
13020488,FLF1105,4.6
13020488,MAT1094,8.5
13020488,PHY1100,7.3
13020718,INT1003,5.6
13020718,FLF1105,1.4
13020718,MAT1094,4.8
13020718,PHY1100,5.3
13020493,INT1003,7.6
13020493,INT1006,5.2
13020493,FLF1105,4.8
13020493,MAT1094,7.2
13020493,PHY1100,6.7
13020485,INT1003,8.6
13020485,INT1006,6.9
13020485,FLF1105,6.2
13020485,MAT1094,6.5
13020485,PHY1100,6.1
13020706,INT1003,7
13020706,INT1006,4.8
13020706,FLF1105,3.1
13020706,PHY1100,4.5
13020518,INT1003,5.6
13020518,FLF1105,5.6
13020518,PHY1100,5.8
13020578,INT1003,7.7
13020578,MAT1094,7.5
13020578,PHY1100,8.2
13020003,INT1003,7.4
13020003,INT1006,7.4
13020003,MAT1094,7.5
13020003,PHY1100,5.8
13020006,INT1003,7.8
13020006,INT1006,8.1
13020006,FLF1105,7.2
13020006,MAT1094,4.3
13020006,PHY1100,5.6
13020579,INT1003,9.4
13020579,INT1006,10
13020579,FLF1105,5.8
13020579,MAT1094,8.3
13020579,PHY1100,8.2
13020020,INT1003,7
13020020,INT1006,5.9
13020020,MAT1094,7.6
13020020,PHY1100,5
13020024,INT1003,7.7
13020024,INT1006,9.7
13020024,FLF1105,5.2
13020024,MAT1094,6.1
13020024,PHY1100,8.3
13020614,INT1003,7.6
13020614,INT1006,7
13020614,MAT1094,6.9
13020614,PHY1100,6.7
13020048,INT1003,6
13020048,INT1006,9
13020048,FLF1105,5.3
13020048,MAT1094,6.8
13020048,PHY1100,6.5
13020051,INT1003,7.3
13020051,INT1006,4.8
13020051,FLF1105,10
13020051,MAT1094,6.2
13020051,PHY1100,7.1
13020056,INT1003,6.5
13020056,INT1006,7.5
13020056,MAT1094,5.6
13020084,INT1003,7.3
13020084,INT1006,6.4
13020084,FLF1105,8.5
13020084,MAT1094,6.8
13020084,PHY1100,6.4
13020073,INT1003,7.3
13020073,FLF1105,5
13020073,MAT1094,5.8
13020073,PHY1100,4.4
13020095,INT1003,8.4
13020095,INT1006,9.2
13020095,FLF1105,7.2
13020095,MAT1094,5.5
13020095,PHY1100,5.4
13020100,INT1003,8.1
13020100,INT1006,7.6
13020100,FLF1105,5.8
13020100,MAT1094,6.8
13020100,PHY1100,5.1
13020726,INT1003,7.9
13020726,INT1006,10
13020726,FLF1105,4.5
13020726,MAT1094,6.8
13020726,PHY1100,6.9
13020537,INT1003,6.5
13020537,FLF1105,6.4
13020537,MAT1094,5.4
13020537,PHY1100,8.3
13020133,INT1003,6.8
13020133,INT1006,4
13020133,FLF1105,6.2
13020133,MAT1094,7
13020133,PHY1100,4.4
13020539,INT1003,8.1
13020539,INT1006,6.5
13020539,FLF1105,7.1
13020539,MAT1094,7.2
13020539,PHY1100,7.5
13020139,INT1003,7.2
13020139,INT1006,6.4
13020139,FLF1105,6.6
13020139,MAT1094,6.5
13020139,PHY1100,5.9
13020656,INT1003,6.4
13020656,FLF1105,2.5
13020656,MAT1094,0.9
13020541,INT1003,6.6
13020541,INT1006,6.9
13020541,FLF1105,5
13020541,MAT1094,8.4
13020541,PHY1100,8
13020149,INT1003,8.1
13020149,INT1006,5
13020149,FLF1105,6.1
13020149,MAT1094,6.5
13020149,PHY1100,4.4
13020622,INT1003,6.8
13020622,INT1006,5.6
13020622,FLF1105,10
13020622,MAT1094,5.3
13020622,PHY1100,5.8
13020707,INT1003,7.3
13020707,INT1006,5.4
13020707,FLF1105,3.3
13020707,PHY1100,4.2
13020174,INT1003,8
13020174,FLF1105,6.8
13020174,MAT1094,7.9
13020702,INT1003,6.6
13020702,MAT1094,5.3
13020702,PHY1100,4.7
13020186,INT1003,6.4
13020186,INT1006,5
13020186,FLF1105,5.7
13020186,MAT1094,5.4
13020200,INT1003,7.9
13020200,INT1006,8.4
13020200,FLF1105,7.2
13020200,MAT1094,6.6
13020200,PHY1100,4.9
13020202,INT1003,8.6
13020202,INT1006,9.4
13020202,MAT1094,5.7
13020202,PHY1100,8
13020223,INT1003,7.7
13020223,INT1006,4.8
13020223,MAT1094,5.6
13020223,PHY1100,5.6
13020714,INT1003,6
13020714,MAT1094,4.8
13020703,INT1003,7.9
13020703,INT1006,7.8
13020703,FLF1105,4
13020703,MAT1094,4.7
13020703,PHY1100,5.6
13020243,INT1003,7.4
13020243,INT1006,7.3
13020243,FLF1105,5.9
13020243,MAT1094,7.5
13020243,PHY1100,5.9
13020247,INT1003,8
13020247,INT1006,9.2
13020247,FLF1105,6
13020247,MAT1094,6.7
13020247,PHY1100,5.6
13020261,INT1003,8.7
13020261,INT1006,8.7
13020261,FLF1105,6
13020261,MAT1094,6.1
13020261,PHY1100,6.2
13020630,INT1003,9
13020630,INT1006,7.6
13020630,FLF1105,10
13020630,MAT1094,9.4
13020630,PHY1100,6.7
13020295,INT1003,7.4
13020295,INT1006,7.6
13020295,FLF1105,8.1
13020295,MAT1094,8.7
13020295,PHY1100,6.7
13020705,INT1003,7
13020705,INT1006,5.4
13020705,PHY1100,7
13020335,INT1003,7
13020335,INT1006,6.1
13020335,FLF1105,6.4
13020335,MAT1094,5.8
13020335,PHY1100,6.1
13020339,INT1003,6.1
13020339,FLF1105,5.8
13020339,MAT1094,7.4
13020339,PHY1100,5
13020556,INT1003,5.7
13020556,INT1006,5.6
13020556,FLF1105,5.9
13020556,PHY1100,7.2
13020346,INT1003,8.6
13020346,INT1006,7.4
13020346,FLF1105,6.4
13020346,MAT1094,6.1
13020346,PHY1100,6.4
13020370,INT1003,4.1
13020370,MAT1094,5.8
13020370,PHY1100,4.8
13020374,INT1003,6.5
13020374,INT1006,5.2
13020374,FLF1105,7
13020374,MAT1094,6.3
13020374,PHY1100,7.7
13020393,INT1003,8.2
13020393,INT1006,5
13020393,FLF1105,4
13020393,MAT1094,5.8
13020393,PHY1100,7.6
13020399,INT1003,7.1
13020399,FLF1105,6.6
13020399,MAT1094,6.5
13020399,PHY1100,7.3
13020405,INT1003,7
13020405,MAT1094,7.4
13020405,PHY1100,7.3
13020412,INT1003,7.8
13020412,INT1006,5.3
13020412,FLF1105,6
13020412,MAT1094,5.6
13020412,PHY1100,5.7
13020417,INT1003,9
13020417,INT1006,5.5
13020417,FLF1105,7.8
13020417,MAT1094,7.8
13020417,PHY1100,7.3
13020423,INT1003,8.2
13020423,INT1006,5.9
13020423,FLF1105,6.2
13020423,MAT1094,7.9
13020423,PHY1100,6.4
13020424,INT1003,8.8
13020424,INT1006,7.3
13020424,FLF1105,4.6
13020424,MAT1094,7.4
13020424,PHY1100,8.5
13020439,INT1003,8.7
13020439,INT1006,9.4
13020439,FLF1105,5.9
13020439,MAT1094,8.3
13020439,PHY1100,6.7
13020570,INT1003,7.3
13020570,INT1006,9.1
13020570,FLF1105,6.9
13020570,MAT1094,7.6
13020570,PHY1100,6
13020448,INT1003,7.8
13020448,INT1006,4.8
13020448,FLF1105,4.5
13020448,PHY1100,6.7
13020709,INT1003,7.2
13020709,MAT1094,4.3
13020709,PHY1100,4.5
13020461,INT1003,8.1
13020461,INT1006,8.5
13020461,FLF1105,7.6
13020461,MAT1094,8.6
13020461,PHY1100,6.7
13020462,INT1003,8.5
13020462,INT1006,6.4
13020462,FLF1105,5.9
13020462,MAT1094,6.3
13020462,PHY1100,6.1
13020466,INT1003,6
13020466,FLF1105,5.5
13020466,MAT1094,6.3
13020609,INT1003,4.7
13020609,INT1006,4.9
13020609,FLF1105,4.3
13020609,MAT1094,5.9
13020609,PHY1100,7.2
13020486,INT1003,7.5
13020486,INT1006,6
13020486,FLF1105,7.8
13020486,MAT1094,8.6
13020486,PHY1100,7.3
13020501,INT1003,8.5
13020501,INT1006,8.7
13020501,FLF1105,7.3
13020501,MAT1094,7.1
13020501,PHY1100,8.2
13020502,INT1003,7.5
13020502,INT1006,8.8
13020502,FLF1105,8.1
13020502,MAT1094,7.1
13020502,PHY1100,5.4
13020517,INT1003,5.8
13020517,INT1006,4
13020517,FLF1105,4.1
13020517,MAT1094,6.1
13020517,PHY1100,7.3
13020519,INT1003,6.3
13020519,FLF1105,5
13020519,MAT1094,6.7
13020519,PHY1100,4.5
12020011,PHI1004,5.8
12020011,PHI1005,5.8
12020011,FLF1105,7
12020011,FLF1106,7.6
12020011,FLF1107,6.3
12020013,INT1003,5.5
12020013,INT1006,4.6
12020013,FLF1105,6.7
12020013,MAT1094,5.4
12020013,PHY1100,6.3
12020023,INT1003,6.4
12020023,INT1006,6.7
12020023,FLF1105,6.5
12020023,MAT1094,5.8
12020023,PHY1100,5.7
12020026,PHI1004,5.6
12020026,PHI1005,5.6
12020026,FLF1105,6.1
12020026,FLF1106,5.3
12020026,FLF1107,6.1
12020036,PHI1005,3.4
12020036,FLF1105,4.8
12020036,FLF1106,4
12020036,FLF1107,0
12020043,INT1003,7.1
12020043,FLF1105,6.7
12020043,MAT1094,5.9
12020043,PHY1100,4.1
12020053,INT1003,7.1
12020053,INT1006,5.6
12020053,FLF1105,8
12020053,PHY1100,7.2
12020999,INT1003,7.5
12020999,INT1006,7.5
12020999,MAT1093,7
12020999,MAT1094,7.5
12020999,MAT1095,7.5
12020999,INT1050,7.5
12020999,MAT1099,7.5
12020613,FLF1105,0
12020613,FLF1106,0
12020613,FLF1107,0
12020456,PHI1004,6.1
12020456,PHI1005,6.1
12020456,FLF1105,5.9
12020456,FLF1106,5.7
12020456,FLF1107,5.6
12020068,INT1003,5.2
12020068,INT1006,5.5
12020068,FLF1105,6.5
12020068,MAT1094,5.8
12020068,PHY1100,5.4
12020085,INT1003,7.3
12020085,INT1006,7.1
12020085,FLF1105,7.4
12020085,MAT1094,5.2
12020085,PHY1100,5.6
12020086,INT1003,7.3
12020086,INT1006,4.3
12020086,FLF1105,8.1
12020086,MAT1094,6.1
12020087,INT1003,7.6
12020087,INT1006,6
12020087,FLF1105,7.4
12020087,MAT1094,6.1
12020087,PHY1100,6.3
12020637,INT1003,4.1
12020637,INT1006,5.5
12020637,FLF1105,5.7
12020637,MAT1094,3
12020637,PHY1100,5.3
12020090,INT1003,7.7
12020090,INT1006,8.7
12020090,FLF1105,5.6
12020090,MAT1094,5.4
12020090,PHY1100,5.1
12020093,INT1003,8.8
12020093,INT1006,9.4
12020093,FLF1105,8.1
12020093,MAT1094,6.4
12020093,PHY1100,5.9
12020103,INT1003,5.9
12020103,INT1006,5.6
12020103,FLF1105,7.1
12020103,MAT1094,7.7
12020103,PHY1100,5.2
12020109,PHI1004,6.1
12020109,PHI1005,6.1
12020109,FLF1105,5.5
12020109,FLF1106,5.5
12020109,FLF1107,4.4
12020118,INT1003,8
12020118,FLF1105,7.8
12020118,MAT1094,7
12020458,PHI1004,2.6
12020458,PHI1005,2.6
12020458,FLF1105,8.5
12020458,FLF1106,8.7
12020458,FLF1107,7.2
12020112,INT1003,7.6
12020112,FLF1105,8.6
12020112,MAT1094,6.8
12020112,PHY1100,4.4
12020136,INT1003,7
12020136,FLF1105,7.5
12020136,PHY1100,6.4
12020137,INT1003,7.9
12020137,FLF1105,6.8
12020137,PHY1100,5.4
12020496,INT1003,6.5
12020496,INT1006,6.9
12020496,FLF1105,8.1
12020496,MAT1094,5.6
12020496,PHY1100,6.2
12020157,INT1003,7.9
12020157,INT1006,5.1
12020157,FLF1105,6.4
12020157,MAT1094,6
12020157,PHY1100,5.9
12020159,INT1003,7.1
12020159,FLF1105,5.9
12020159,MAT1094,9.1
12020159,PHY1100,6.2
12020160,INT1003,7.5
12020160,FLF1105,6.3
12020160,MAT1094,7.4
12020160,PHY1100,5
12020180,INT1003,8.1
12020180,INT1006,8.5
12020180,FLF1105,8.2
12020180,MAT1094,7.4
12020180,PHY1100,6
12020169,PHI1004,6.5
12020169,PHI1005,6.5
12020169,FLF1105,5.8
12020169,FLF1106,5.4
12020169,FLF1107,5.1
12020170,INT1003,5.8
12020170,FLF1105,7.6
12020170,MAT1094,5.3
12020170,PHY1100,5.2
12020176,INT1003,5.8
12020176,INT1006,6.1
12020176,FLF1105,10
12020176,MAT1094,7
12020176,PHY1100,5.4
12020206,INT1003,5.1
12020206,INT1006,5.4
12020206,FLF1105,7.5
12020206,MAT1094,3.9
12020206,PHY1100,7.2
12020502,INT1003,6.5
12020502,INT1006,5.5
12020502,FLF1105,7.2
12020502,MAT1094,6.2
12020502,PHY1100,5.6
12020505,INT1003,7.2
12020505,INT1006,5
12020505,FLF1105,7.6
12020505,MAT1094,6.4
12020505,PHY1100,6.2
12020217,INT1003,5.7
12020217,INT1006,6.4
12020217,FLF1105,7.9
12020217,MAT1094,5.2
12020217,PHY1100,6.9
12020236,INT1003,7.2
12020236,INT1006,7.2
12020236,FLF1105,7.5
12020236,MAT1094,6.7
12020236,PHY1100,7
12020248,FLF1105,6.7
12020248,MAT1094,5.1
12020249,INT1003,5.8
12020249,INT1006,6
12020249,FLF1105,7.5
12020249,PHY1100,5.8
12020250,INT1003,7.3
12020250,INT1006,8.2
12020250,FLF1105,7.5
12020250,MAT1094,9.5
12020250,PHY1100,6.3
12020463,INT1003,7.3
12020463,INT1006,6.2
12020463,FLF1105,10
12020463,MAT1094,4.9
12020463,PHY1100,6.9
12020262,INT1003,6.9
12020262,INT1006,5.5
12020262,FLF1105,4.4
12020262,MAT1094,7.5
12020262,PHY1100,6.7
12020265,INT1003,7.7
12020265,INT1006,8.5
12020265,FLF1105,7.5
12020265,MAT1094,7.5
12020265,PHY1100,7.2
12020274,INT1003,7.1
12020274,INT1006,8.1
12020274,FLF1105,4.2
12020274,MAT1094,5.6
12020274,PHY1100,5.6
12020292,PHI1004,4.9
12020292,PHI1005,4.9
12020292,FLF1105,6.2
12020292,FLF1106,7.2
12020292,FLF1107,5.4
12020300,INT1003,7.3
12020300,INT1006,6.7
12020300,FLF1105,5.7
12020300,MAT1094,7
12020300,PHY1100,5.8
12020324,INT1003,7.9
12020324,INT1006,7.9
12020324,FLF1105,8.2
12020324,MAT1094,6.9
12020324,PHY1100,5.1
12020326,INT1003,6.3
12020326,FLF1105,6
12020326,MAT1094,6.7
12020326,PHY1100,4.1
12020517,INT1003,7.5
12020517,INT1006,4.4
12020517,FLF1105,8.1
12020517,MAT1094,7.6
12020517,PHY1100,5.1
12020353,INT1003,8.5
12020353,INT1006,4
12020353,FLF1105,8.4
12020353,MAT1094,6.1
12020353,PHY1100,6
12020354,INT1003,8.6
12020354,FLF1105,8.1
12020354,MAT1094,7.9
12020354,PHY1100,6.3
12020366,INT1003,7
12020366,FLF1105,6.6
12020366,MAT1094,5.7
12020366,PHY1100,7.2
12020543,INT1003,8.2
12020543,FLF1105,7.2
12020543,PHY1100,6
12020518,INT1003,7
12020518,INT1006,6.6
12020518,FLF1105,7.2
12020518,MAT1094,5.6
12020518,PHY1100,5.7
12020519,INT1003,6.6
12020519,INT1006,3.6
12020519,FLF1105,5.9
12020519,MAT1094,6.7
12020519,PHY1100,6.3
12020402,INT1003,6
12020402,FLF1105,7.9
12020402,MAT1094,6.9
12020402,PHY1100,5.1
12020008,INT1003,7.9
12020008,INT1006,7.8
12020008,FLF1105,8.7
12020008,MAT1094,5.9
12020008,PHY1100,8.2
12020030,INT1003,7.2
12020030,INT1006,5.3
12020030,FLF1105,8.4
12020055,INT1003,8.1
12020055,INT1006,9.6
12020055,FLF1105,6.3
12020055,MAT1094,7.2
12020055,PHY1100,6.6
12020069,INT1003,7.3
12020069,INT1006,7.2
12020069,FLF1105,7.2
12020069,MAT1094,7
12020069,PHY1100,4.1
12020073,INT1003,7.3
12020073,INT1006,6.3
12020073,FLF1105,7.2
12020073,MAT1094,6.5
12020073,PHY1100,7.3
12020078,INT1003,5.5
12020078,INT1006,5.2
12020078,FLF1105,7
12020095,INT1003,7.2
12020095,FLF1105,4.8
12020105,INT1003,7.3
12020105,FLF1105,8.1
12020121,INT1003,8.6
12020121,FLF1105,7.6
12020121,MAT1094,7
12020121,PHY1100,6.2
12020124,INT1003,8.7
12020124,INT1006,9.2
12020124,FLF1105,8
12020124,MAT1094,7.7
12020124,PHY1100,5.7
12020138,INT1003,8.6
12020138,INT1006,7.9
12020138,FLF1105,7.4
12020138,MAT1094,7.6
12020138,PHY1100,6.4
12020140,INT1003,6.6
12020140,FLF1105,6.3
12020140,PHY1100,6.5
12020149,INT1003,8
12020149,FLF1105,7.7
12020149,MAT1094,7.3
12020149,PHY1100,7.1
12020151,INT1003,5.8
12020151,FLF1105,6
12020151,MAT1094,6.9
12020151,PHY1100,4.2
12020459,INT1003,7.6
12020459,INT1006,6.1
12020459,FLF1105,10
12020459,MAT1094,5.4
12020459,PHY1100,5.4
12020498,INT1003,4.1
12020498,FLF1105,7.6
12020498,PHY1100,6.9
12020187,INT1003,7
12020187,INT1006,7.9
12020187,FLF1105,6.8
12020187,MAT1094,7.5
12020187,PHY1100,6.6
12020191,PHI1004,6.5
12020191,PHI1005,6.5
12020191,FLF1105,5.6
12020191,FLF1106,5.7
12020191,FLF1107,4.8
12020192,INT1003,7.7
12020192,INT1006,8.1
12020192,FLF1105,7.7
12020192,MAT1094,7.1
12020192,PHY1100,6.4
12020196,PHI1004,6.9
12020196,PHI1005,6.9
12020196,FLF1105,6.6
12020196,FLF1106,6.9
12020196,FLF1107,6.3
12020639,INT1003,7.3
12020639,INT1006,4.2
12020639,FLF1105,7
12020639,PHY1100,6.2
12020202,INT1003,4.4
12020202,FLF1105,6.7
12020202,MAT1094,5.9
12020205,INT1003,4.8
12020205,FLF1105,6.6
12020205,MAT1094,5.9
12020205,PHY1100,6.5
12020219,INT1003,5.7
12020219,INT1006,7.5
12020219,FLF1105,6.9
12020219,MAT1094,9.1
12020219,PHY1100,4.9
12020227,FLF1105,4.9
12020227,FLF1106,5.7
12020227,FLF1107,4.3
12020228,INT1003,4.9
12020228,FLF1105,6.9
12020228,MAT1094,7.9
12020228,PHY1100,6.1
12020235,INT1003,6.5
12020235,INT1006,5.8
12020235,FLF1105,5.7
12020235,MAT1094,6.3
12020235,PHY1100,5.8
12020535,INT1003,7.4
12020535,INT1006,8.7
12020535,FLF1105,7.2
12020535,PHY1100,5.7
12020240,INT1003,5.1
12020240,INT1006,4.5
12020240,FLF1105,6.2
12020240,MAT1094,9.1
12020240,PHY1100,6.5
12020251,INT1003,7.1
12020251,INT1006,6.4
12020251,FLF1105,6.8
12020251,MAT1094,6.6
12020251,PHY1100,6.2
12020253,INT1003,1.8
12020253,INT1006,1.5
12020253,FLF1105,2.6
12020253,MAT1094,2.2
12020253,PHY1100,0.9
12020254,INT1003,5.5
12020254,FLF1105,6.8
12020254,MAT1094,7.1
12020254,PHY1100,6.4
12020266,INT1003,6.8
12020266,INT1006,5.8
12020266,FLF1105,7.6
12020266,MAT1094,6.7
12020266,PHY1100,8
12020267,INT1003,6.4
12020267,FLF1105,6.7
12020267,MAT1094,6.6
12020267,PHY1100,7.3
12020275,INT1003,6
12020275,FLF1105,5.7
12020275,MAT1094,8
12020275,PHY1100,6.7
12020289,INT1003,7.7
12020289,INT1006,9.9
12020289,FLF1105,7.7
12020289,MAT1094,5.1
12020289,PHY1100,7.1
12020291,PHI1004,6.8
12020291,PHI1005,6.8
12020291,FLF1105,6.4
12020291,FLF1106,7.5
12020291,FLF1107,5.6
12020294,INT1003,8.3
12020315,INT1003,6
12020315,INT1006,7.6
12020315,FLF1105,4.6
12020315,MAT1094,7.1
12020315,PHY1100,6.3
12020322,PHI1004,3.7
12020322,FLF1105,6.4
12020322,FLF1106,6.6
12020322,FLF1107,6.8
12020323,INT1003,7.2
12020323,INT1006,7
12020323,FLF1105,8.5
12020323,MAT1094,6.4
12020323,PHY1100,5.4
12020329,INT1003,6.1
12020329,FLF1105,5.7
12020329,MAT1094,7.3
12020329,PHY1100,5.1
12020516,INT1003,7.7
12020516,FLF1105,8.4
12020516,MAT1094,7.3
12020516,PHY1100,5.4
12020341,INT1003,5.9
12020341,FLF1105,4.4
12020341,MAT1094,5.6
12020341,PHY1100,6
12020621,PHI1004,1
12020621,PHI1005,1
12020621,FLF1105,0
12020621,FLF1106,0
12020621,FLF1107,0
12020351,PHI1004,6.1
12020351,PHI1005,6.1
12020351,FLF1105,6.5
12020351,FLF1106,7
12020351,FLF1107,6.5
12020363,PHI1004,5.9
12020363,PHI1005,5.9
12020363,FLF1105,4.1
12020363,FLF1106,5.2
12020363,FLF1107,5.7
12020364,PHI1004,5.1
12020364,PHI1005,5.1
12020364,FLF1105,8.3
12020364,FLF1106,8.4
12020364,FLF1107,10
12020373,INT1003,7.5
12020373,FLF1105,5.9
12020373,MAT1094,7.4
12020378,INT1003,7.8
12020378,FLF1105,7
12020378,MAT1094,5.8
12020378,PHY1100,5.4
12020380,INT1003,6.1
12020380,FLF1105,7
12020380,MAT1094,6.8
12020382,INT1003,9
12020382,FLF1105,8.8
12020382,PHY1100,7.4
12020387,INT1003,8.9
12020387,FLF1105,8
12020387,MAT1094,7.6
12020387,PHY1100,5.4
12020400,INT1003,3.8
12020400,INT1006,2.1
12020400,FLF1105,6.5
12020400,MAT1094,7.4
12020400,PHY1100,5.4
12020478,PHI1004,7
12020478,PHI1005,7
12020478,FLF1105,8
12020478,FLF1106,8.8
12020478,FLF1107,7.9
12020426,INT1003,4.1
12020426,INT1006,5.2
12020426,FLF1105,5.9
12020426,MAT1094,6.2
12020426,PHY1100,5.4
12020000,INT1003,7.5
12020000,INT1006,7.1
12020000,FLF1105,8.4
12020000,MAT1094,7.3
12020000,PHY1100,8.4
12020003,INT1003,7.2
12020003,INT1006,5
12020003,FLF1105,8.9
12020003,PHY1100,7.1
12020524,INT1003,7.6
12020524,INT1006,8.7
12020524,FLF1105,7.1
12020524,PHY1100,6
12020018,INT1003,7.4
12020018,FLF1105,7.6
12020018,MAT1094,7.1
12020018,PHY1100,7.5
12020021,INT1003,4.9
12020021,INT1006,4.8
12020021,FLF1105,6.4
12020021,MAT1094,4.8
12020038,INT1003,6.5
12020038,INT1006,6
12020038,FLF1105,6.6
12020038,MAT1094,5
12020038,PHY1100,4.3
12020051,INT1003,5.5
12020051,INT1006,6.1
12020051,FLF1105,4.6
12020051,MAT1094,6.8
12020051,PHY1100,4.9
12020491,INT1003,7.2
12020491,INT1006,4.8
12020491,FLF1105,7.3
12020491,PHY1100,6.3
12020084,PHI1004,7.7
12020084,PHI1005,7.7
12020084,FLF1106,4.8
12020092,INT1003,7.8
12020092,INT1006,6.1
12020092,FLF1105,5.6
12020092,MAT1094,7.8
12020092,PHY1100,6.4
12020094,INT1003,6
12020094,INT1006,6.4
12020094,FLF1105,6.7
12020094,MAT1094,5.5
12020098,INT1003,5.3
12020098,INT1006,6.7
12020098,FLF1105,6.7
12020098,MAT1094,5.4
12020098,PHY1100,5.1
12020113,INT1003,6.9
12020113,INT1006,6.3
12020113,FLF1105,5.5
12020113,MAT1094,6
12020113,PHY1100,6
12020117,INT1003,7.3
12020117,INT1006,4.6
12020117,FLF1105,7
12020117,MAT1094,7.7
12020122,INT1003,7.8
12020122,INT1006,5.4
12020122,FLF1105,6.3
12020122,MAT1094,3.8
12020122,PHY1100,6.2
12020125,INT1003,6.4
12020125,INT1006,5.5
12020125,FLF1105,7.7
12020125,MAT1094,5.7
12020125,PHY1100,6.1
12020145,INT1003,8.1
12020145,INT1006,7.8
12020145,FLF1105,7.5
12020145,MAT1094,6.6
12020145,PHY1100,4.8
12020141,INT1003,6.6
12020141,INT1006,5.1
12020141,FLF1105,8.5
12020141,PHY1100,4.8
12020158,INT1003,7.3
12020158,INT1006,7.2
12020158,FLF1105,6.1
12020158,MAT1094,7.3
12020158,PHY1100,5.9
12020501,INT1003,6.9
12020501,INT1006,5.8
12020501,FLF1105,5.9
12020501,MAT1094,3.2
12020183,INT1003,8.3
12020183,INT1006,7.3
12020183,FLF1105,10
12020183,MAT1094,7
12020183,PHY1100,7.6
12020533,INT1003,7.7
12020533,INT1006,6.7
12020533,FLF1105,6.9
12020533,MAT1094,5.5
12020533,PHY1100,6.2
12020172,INT1003,7.5
12020172,FLF1105,6.5
12020172,MAT1094,6.6
12020172,PHY1100,6.3
12020199,INT1003,8.3
12020199,FLF1105,7.7
12020199,MAT1094,9.5
12020199,PHY1100,7.1
12020204,INT1003,8.2
12020204,INT1006,6.1
12020204,FLF1105,7.3
12020204,MAT1094,7
12020204,PHY1100,6.5
12020216,INT1003,7.7
12020216,INT1006,9.3
12020216,FLF1105,7.1
12020216,MAT1094,3.9
12020216,PHY1100,6.5
12020232,INT1003,6.4
12020232,INT1006,7.5
12020232,FLF1105,7.5
12020232,MAT1094,9.1
12020232,PHY1100,6.4
12020238,INT1003,6.6
12020238,INT1006,6.3
12020238,FLF1105,6.9
12020238,MAT1094,7.6
12020238,PHY1100,7.2
12020241,INT1003,6.5
12020241,INT1006,7.7
12020241,FLF1105,7.1
12020241,MAT1094,8.7
12020241,PHY1100,4.5
12020507,INT1003,5.9
12020507,INT1006,5.2
12020507,FLF1105,5.7
12020507,MAT1094,5.2
12020507,PHY1100,6.2
12020258,INT1003,6.6
12020258,INT1006,7.3
12020258,FLF1105,5
12020258,MAT1094,5.2
12020258,PHY1100,5.2
12020259,INT1003,7.2
12020259,FLF1105,5.9
12020259,MAT1094,7.6
12020638,INT1003,8.5
12020638,INT1006,7.2
12020638,FLF1105,7
12020638,PHY1100,5.9
12020282,INT1003,7.5
12020282,INT1006,7
12020282,FLF1105,7.2
12020282,MAT1094,5.9
12020282,PHY1100,4.4
12020515,INT1003,6.8
12020515,INT1006,9
12020515,FLF1105,8.2
12020515,MAT1094,5.2
12020515,PHY1100,6.2
12020331,INT1003,7.4
12020331,INT1006,5.7
12020331,FLF1105,6.1
12020331,MAT1094,5.3
12020331,PHY1100,5.3
12020358,INT1003,9.2
12020358,INT1006,6.3
12020358,FLF1105,7.8
12020358,MAT1094,5.5
12020358,PHY1100,5.4
12020352,INT1003,8.6
12020352,FLF1105,7.7
12020352,MAT1094,5.4
12020352,PHY1100,5.7
12020365,INT1003,9.3
12020365,INT1006,9.1
12020365,FLF1105,8.9
12020365,MAT1094,7.5
12020379,INT1003,6.4
12020379,FLF1105,5.4
12020379,MAT1094,5.9
12020386,INT1003,7.5
12020386,INT1006,3.6
12020386,FLF1105,6.2
12020386,MAT1094,3.4
12020386,PHY1100,5.1
12020391,INT1003,4.9
12020391,FLF1105,7.4
12020391,MAT1094,6
12020391,PHY1100,6
12020405,INT1003,5.5
12020405,INT1006,7.8
12020405,FLF1105,5.9
12020405,MAT1094,5.8
12020405,PHY1100,5.6
12020413,INT1003,7.6
12020413,INT1006,7.5
12020413,FLF1105,4.8
12020413,MAT1094,6.7
12020413,PHY1100,6.8
12020431,INT1003,6.4
12020431,INT1006,7.8
12020431,FLF1105,7
12020431,PHY1100,5.6
11020002,INT1003,8.4
11020002,INT1006,6.2
11020002,FLF1105,8.5
11020002,MAT1093,6.6
11020002,MAT1094,5.5
11020411,INT1003,7.7
11020411,INT1006,7.4
11020411,FLF1105,6.8
11020411,MAT1093,7.5
11020411,MAT1094,7.7
11020013,INT1003,6.3
11020013,INT1006,5.7
11020013,FLF1105,4.5
11020013,MAT1093,6.7
11020013,MAT1094,6
11020023,INT1003,6.4
11020023,INT1006,6.9
11020023,FLF1105,7.3
11020023,MAT1093,8.2
11020023,MAT1094,5.5
11020029,INT1003,7.4
11020029,INT1006,6.9
11020029,FLF1105,5.6
11020029,MAT1093,6
11020029,MAT1094,7.4
11020046,INT1003,8.3
11020046,FLF1105,6.5
11020046,MAT1093,5.5
11020046,MAT1094,6.2
11020053,INT1003,6.7
11020053,FLF1105,4.5
11020053,MAT1094,5.1
11020071,INT1003,7.7
11020071,INT1006,5.6
11020071,FLF1105,6.9
11020071,MAT1093,6.9
11020071,MAT1094,7.2
11020079,INT1003,7.4
11020079,INT1006,7.3
11020079,FLF1105,5.4
11020079,MAT1093,7.2
11020079,MAT1094,7.1
11020083,INT1003,7.4
11020083,INT1006,5.4
11020083,FLF1105,6.5
11020083,MAT1093,7.6
11020083,MAT1094,6.7
11020087,INT1003,6.8
11020087,FLF1105,6.7
11020087,MAT1093,7.2
11020093,INT1003,9.5
11020093,INT1006,7.4
11020093,FLF1105,6.2
11020093,MAT1093,6.5
11020093,MAT1094,6.6
11020100,INT1003,5.4
11020100,INT1006,5.3
11020100,FLF1105,8.4
11020100,MAT1094,8.2
11020111,INT1003,8.8
11020111,INT1006,7.4
11020111,FLF1105,7.4
11020111,MAT1093,5.5
11020111,MAT1094,5.5
11020416,INT1003,7.3
11020416,INT1006,5.2
11020416,FLF1105,7.2
11020416,MAT1094,6.6
11020130,INT1006,0.4
11020130,FLF1105,8
11020130,MAT1093,8.1
11020130,MAT1094,9.1
11020144,INT1003,6.8
11020144,INT1006,7.4
11020144,FLF1105,7
11020144,MAT1093,6.9
11020144,MAT1094,5.4
11020140,INT1006,0.4
11020140,FLF1105,2.2
11020140,MAT1093,0
11020140,MAT1094,0
11020153,INT1003,7
11020153,INT1006,6
11020153,FLF1105,6
11020153,MAT1093,6.5
11020153,MAT1094,6.7
11020158,INT1003,8
11020158,INT1006,9
11020158,FLF1105,6.5
11020158,MAT1093,8.6
11020158,MAT1094,9.5
11020165,INT1003,6.3
11020165,INT1006,7.4
11020165,FLF1105,6
11020165,MAT1093,6.2
11020173,INT1003,4.8
11020173,INT1006,8.6
11020173,FLF1105,7
11020173,MAT1093,7.6
11020173,MAT1094,6.2
11020176,INT1003,8.3
11020176,FLF1105,8.2
11020176,MAT1093,4.3
11020176,MAT1094,4.8
11020180,INT1003,5.6
11020180,INT1006,5
11020180,FLF1105,5.4
11020180,MAT1093,6.2
11020180,MAT1094,8.4
11020188,INT1003,6.9
11020188,INT1006,6.2
11020188,FLF1105,6.8
11020188,MAT1093,5.8
11020188,MAT1094,6.8
11020196,INT1003,6.2
11020196,INT1006,5.1
11020196,FLF1105,5.1
11020196,MAT1093,5.2
11020196,MAT1094,4.4
11020419,INT1003,6.5
11020419,INT1006,6.2
11020419,FLF1105,4.1
11020419,MAT1093,5.2
11020419,MAT1094,6.1
11020208,INT1003,8.1
11020208,INT1006,9.1
11020208,FLF1105,9
11020208,MAT1093,8.7
11020208,MAT1094,8.9
11020420,INT1003,8.8
11020420,INT1006,8.5
11020420,FLF1105,8
11020420,MAT1093,7
11020420,MAT1094,10
11020218,INT1003,7.2
11020218,INT1006,6.9
11020218,FLF1105,6.5
11020218,MAT1093,7.2
11020218,MAT1094,6.6
11020225,INT1003,7.2
11020225,INT1006,5.8
11020225,FLF1105,7.4
11020225,MAT1093,6.2
11020231,INT1003,4.9
11020231,INT1006,5.9
11020231,FLF1105,7.8
11020231,MAT1093,5.9
11020233,INT1003,8.3
11020233,INT1006,7.7
11020233,FLF1105,6.2
11020233,MAT1093,7.3
11020233,MAT1094,6.3
11020424,INT1003,6.2
11020424,INT1006,6.7
11020424,FLF1105,6.3
11020424,MAT1094,5.4
11020240,INT1003,8.5
11020240,INT1006,6.9
11020240,FLF1105,10
11020240,MAT1093,6.2
11020240,MAT1094,5.9
11020238,INT1003,7.9
11020238,INT1006,5.7
11020238,FLF1105,5.2
11020238,MAT1093,6.5
11020238,MAT1094,6.7
11020245,INT1003,6.2
11020245,FLF1105,4.5
11020248,INT1003,8.9
11020248,INT1006,8
11020248,FLF1105,7.8
11020248,MAT1093,7.9
11020248,MAT1094,5.5
11020263,INT1003,6.7
11020263,INT1006,7.4
11020263,FLF1105,6.7
11020514,INT1003,7.9
11020514,INT1006,6.6
11020514,FLF1105,6.3
11020514,MAT1094,5.7
11020284,INT1003,5.6
11020284,INT1006,6.6
11020284,FLF1105,6.3
11020284,MAT1093,6
11020284,MAT1094,4.1
11020289,INT1003,6.6
11020289,INT1006,7
11020289,FLF1105,6
11020289,MAT1093,6.2
11020289,MAT1094,5.1
11020430,INT1003,5.3
11020430,FLF1105,7.5
11020430,MAT1093,6.1
11020430,MAT1094,6.8
11020518,INT1003,6.5
11020518,INT1006,7.3
11020518,FLF1105,7.3
11020298,INT1003,5.8
11020298,INT1006,7.3
11020298,FLF1105,5.7
11020298,MAT1093,5.5
11020298,MAT1094,4.1
11020307,INT1003,6.6
11020307,INT1006,5
11020307,FLF1105,5.7
11020307,MAT1093,3.4
11020307,MAT1094,2
11020441,INT1003,4.9
11020441,FLF1105,4.3
11020441,MAT1093,5.8
11020441,MAT1094,5.1
11020318,INT1003,7.3
11020318,INT1006,4.1
11020318,FLF1105,5.6
11020331,INT1003,6.2
11020331,INT1006,5.6
11020331,FLF1105,5.1
11020331,MAT1093,6.2
11020333,INT1003,7.9
11020333,INT1006,6.2
11020333,FLF1105,7.6
11020333,MAT1093,6.5
11020333,MAT1094,7.3
11020339,INT1003,6.7
11020339,INT1006,6.5
11020339,FLF1105,6.3
11020339,MAT1093,5.3
11020339,MAT1094,7.2
11020345,INT1003,7.8
11020345,FLF1105,8.5
11020345,MAT1094,5.9
11020349,INT1003,6.8
11020349,INT1006,6
11020349,FLF1105,6.9
11020349,MAT1094,6.7
11020354,INT1003,8
11020354,INT1006,8.8
11020354,FLF1105,5.8
11020354,MAT1093,8
11020354,MAT1094,7.5
11020356,INT1003,5.4
11020356,FLF1105,7.2
11020356,MAT1093,6.2
11020356,MAT1094,7
11020359,INT1003,6.6
11020359,INT1006,7.2
11020359,FLF1105,7.1
11020359,MAT1093,5.7
11020436,INT1003,6.7
11020436,INT1006,6.1
11020436,FLF1105,6.6
11020436,MAT1093,7.2
11020363,INT1003,7.1
11020363,INT1006,6.4
11020363,FLF1105,6.4
11020374,FLF1105,7.8
11020374,MAT1094,4.7
11020378,INT1003,6.6
11020378,INT1006,6.6
11020378,FLF1105,6.3
11020378,MAT1094,6.4
11020373,INT1003,7.7
11020373,INT1006,7.4
11020373,FLF1105,6.9
11020373,MAT1093,5
11020393,INT1003,8.1
11020393,INT1006,7.3
11020393,FLF1105,6.8
11020393,MAT1093,6.2
11020393,MAT1094,8.1
11020396,INT1003,8.4
11020396,FLF1105,6.1
11020396,MAT1093,4.4
11020396,MAT1094,6.2
11020398,INT1003,6.9
11020398,INT1006,6.8
11020398,FLF1105,6.2
11020407,INT1003,6.1
11020407,INT1006,5.4
11020407,FLF1105,5
11020016,INT1003,7.7
11020016,FLF1105,5.1
11020016,MAT1093,6.9
11020016,MAT1094,8.7
11020025,INT1003,7.7
11020025,FLF1105,6.5
11020025,MAT1094,6.7
11020035,INT1003,7.2
11020035,FLF1105,5
11020035,MAT1093,8.3
11020035,MAT1094,8.3
11020048,INT1003,7.6
11020058,INT1003,8.9
11020058,INT1006,9
11020058,FLF1105,7.8
11020058,MAT1093,7.9
11020058,MAT1094,8.5
11020062,INT1003,8.4
11020062,FLF1105,7.5
11020062,MAT1094,5.3
11020068,INT1003,8.2
11020068,INT1006,7.2
11020068,FLF1105,7
11020068,MAT1094,8.2
11020070,PHI1004,6.1
11020070,PHI1005,6.1
11020070,FLF1105,7.7
11020070,FLF1106,7.7
11020070,FLF1107,5.5
11020072,PHI1004,6.1
11020072,PHI1005,6.1
11020072,FLF1105,6
11020072,FLF1106,6.1
11020072,FLF1107,5.1
11020508,INT1003,6.2
11020508,INT1006,4.4
11020508,FLF1105,7.2
11020508,MAT1093,3.9
11020508,MAT1094,6.5
11020074,PHI1004,6
11020074,PHI1005,6
11020074,FLF1105,0
11020074,FLF1106,6.2
11020074,FLF1107,6
11020080,INT1003,7.8
11020080,INT1006,7
11020080,FLF1105,7.9
11020080,MAT1093,8.6
11020080,MAT1094,9.4
11020094,INT1003,5.2
11020094,INT1006,6.6
11020094,FLF1105,7.5
11020094,MAT1093,8.3
11020094,MAT1094,6.4
11020104,INT1003,5.5
11020104,INT1006,6.6
11020104,FLF1105,7.1
11020104,MAT1093,8.6
11020104,MAT1094,9.9
11020107,PHI1004,6.7
11020107,PHI1005,6.7
11020107,FLF1105,7.3
11020107,FLF1106,7
11020107,FLF1107,6.9
11020511,INT1003,6.1
11020511,FLF1105,7.3
11020511,MAT1094,6.9
11020114,INT1003,8.1
11020114,INT1006,6.2
11020114,FLF1105,6.9
11020114,MAT1094,8
11020120,INT1003,8.2
11020120,INT1006,9.2
11020120,MAT1093,6.1
11020120,MAT1094,5.4
11020118,INT1003,8.3
11020118,FLF1105,5.8
11020118,MAT1093,7.2
11020122,INT1006,6.4
11020122,FLF1105,7
11020122,MAT1093,8.3
11020122,MAT1094,6.7
11020127,INT1003,7.4
11020127,FLF1105,4.6
11020127,MAT1094,7.4
11020133,INT1003,8.2
11020133,INT1006,6.8
11020133,FLF1105,7
11020133,MAT1093,8.8
11020133,MAT1094,7.9
11020145,INT1003,8.2
11020145,INT1006,7.8
11020145,FLF1105,7
11020145,MAT1094,5
11020137,INT1003,7
11020137,INT1006,6.4
11020137,FLF1105,4.8
11020137,MAT1093,9.7
11020137,MAT1094,7.8
11020141,INT1003,7.6
11020141,INT1006,7.4
11020141,FLF1105,7.3
11020141,MAT1093,6.9
11020141,MAT1094,6.4
11020157,PHI1004,6.6
11020157,PHI1005,6.6
11020157,FLF1105,6.2
11020157,FLF1106,5.4
11020157,FLF1107,6
11020159,FLF1107,0
11020160,INT1003,5.6
11020160,INT1006,9
11020160,FLF1105,6.2
11020160,MAT1093,5.8
11020160,MAT1094,5.3
11020171,PHI1004,6.8
11020171,PHI1005,6.8
11020171,FLF1105,5.4
11020175,INT1003,8.3
11020175,INT1006,7.9
11020175,FLF1105,7
11020175,MAT1093,5.8
11020175,MAT1094,4.4
11020182,INT1003,5
11020182,INT1006,6
11020182,FLF1105,7
11020182,MAT1093,6.3
11020182,MAT1094,7.3
11020186,PHI1004,6.1
11020186,PHI1005,6.1
11020186,FLF1105,10
11020186,FLF1106,10
11020186,FLF1107,10
11020192,INT1003,8.2
11020192,INT1006,8.7
11020192,FLF1105,7
11020192,MAT1093,9.3
11020192,MAT1094,6.8
11020214,INT1003,8.9
11020214,INT1006,5.4
11020214,FLF1105,7.9
11020214,MAT1093,5.2
11020214,MAT1094,6.3
11020221,INT1003,8.9
11020221,FLF1105,7.6
11020221,MAT1093,7.2
11020221,MAT1094,8.9
11020227,INT1003,8.4
11020227,INT1006,9
11020227,FLF1105,7.5
11020227,MAT1093,7.6
11020227,MAT1094,9.3
11020229,INT1003,6.6
11020229,INT1006,7.8
11020229,FLF1105,5.9
11020229,MAT1094,7.7
11020422,INT1003,6.4
11020422,INT1006,8
11020422,FLF1105,6.6
11020235,INT1003,8.2
11020235,INT1006,8.2
11020235,FLF1105,5.6
11020235,MAT1093,8
11020235,MAT1094,6.9
11020239,INT1003,7.9
11020239,INT1006,5.2
11020239,FLF1105,7.5
11020239,MAT1093,6.2
11020239,MAT1094,7
11020244,PHI1004,6
11020244,PHI1005,6
11020244,FLF1105,7.9
11020244,FLF1106,7.8
11020244,FLF1107,6
11020246,INT1003,8.6
11020246,INT1006,6.4
11020246,FLF1105,6.2
11020246,MAT1093,9.7
11020246,MAT1094,9.6
11020269,PHI1004,4.2
11020269,PHI1005,4.2
11020269,FLF1105,7.2
11020269,FLF1106,6.3
11020269,FLF1107,4.5
11020272,INT1003,7.9
11020272,INT1006,5
11020272,FLF1105,6.4
11020272,MAT1093,7.1
11020274,INT1003,8.9
11020274,INT1006,9.6
11020274,FLF1105,8
11020274,MAT1093,5.6
11020274,MAT1094,5.8
11020276,PHI1004,7.6
11020276,PHI1005,7.6
11020276,FLF1105,5.8
11020285,INT1003,8
11020285,INT1006,8.6
11020285,FLF1105,6.9
11020285,MAT1093,9.3
11020285,MAT1094,7.5
11020304,PHI1004,6.7
11020304,PHI1005,6.7
11020304,FLF1105,5.4
11020304,FLF1106,5.5
11020304,FLF1107,5.4
11020516,INT1003,7.1
11020516,INT1006,4.6
11020516,FLF1105,6.5
11020519,INT1003,5.8
11020519,FLF1105,4.9
11020316,INT1003,4.6
11020316,FLF1105,6.5
11020316,MAT1094,5.8
11020327,INT1003,7.4
11020327,FLF1105,6
11020327,MAT1093,7.6
11020520,INT1003,5.6
11020520,INT1006,4.6
11020520,FLF1105,5.2
11020334,INT1003,8.6
11020334,FLF1105,6
11020334,MAT1093,8.3
11020434,INT1003,7.3
11020434,MAT1094,9.4
11020435,INT1003,8.9
11020435,INT1006,10
11020435,FLF1105,6.9
11020435,MAT1093,7.8
11020361,INT1003,6.6
11020361,INT1006,5.2
11020361,FLF1105,5.9
11020361,MAT1093,6.4
11020361,MAT1094,6.5
11020364,INT1003,7.6
11020364,FLF1105,6
11020364,MAT1094,4.4
11020371,FLF1105,6.4
11020371,FLF1106,6.3
11020371,FLF1107,6.3
11020376,INT1003,7.6
11020376,FLF1105,7.2
11020376,MAT1093,5.8
11020379,INT1003,8.5
11020379,FLF1105,7.9
11020379,MAT1093,5.5
11020379,MAT1094,6.3
11020442,INT1003,4.1
11020442,INT1006,1.2
11020442,FLF1105,2.9
11020442,MAT1093,2.3
11020442,MAT1094,2
11020387,INT1006,5.6
11020387,FLF1105,5.3
11020387,MAT1093,6.1
11020387,MAT1094,4.5
11020389,PHI1004,6.2
11020389,PHI1005,6.2
11020389,FLF1105,7.1
11020389,FLF1106,8
11020389,FLF1107,6.2
11020394,FLF1105,4.8
11020394,MAT1094,4.6
11020405,INT1003,7
11020405,FLF1105,4.9
11020405,MAT1094,8
11020007,INT1003,8.4
11020007,FLF1105,8.6
11020007,MAT1094,5.2
11020008,INT1003,7.1
11020008,FLF1105,5.3
11020008,MAT1093,4.2
11020008,MAT1094,5.6
11020010,INT1003,9.4
11020010,INT1006,5.1
11020010,FLF1105,8.1
11020010,MAT1093,5.8
11020010,MAT1094,5.9
11020172,INT1003,5.6
11020172,FLF1105,5.7
11020018,INT1003,7.7
11020018,INT1006,4.1
11020018,FLF1105,7.6
11020018,MAT1094,5.8
11020022,INT1003,7.8
11020022,INT1006,6.7
11020022,FLF1105,6.9
11020022,MAT1093,6.7
11020022,MAT1094,5.5
11020024,INT1003,4.2
11020024,FLF1105,7
11020024,MAT1093,4.6
11020028,INT1003,7.6
11020028,INT1006,6.7
11020028,FLF1105,7.4
11020028,MAT1093,5.8
11020028,MAT1094,5.6
11020037,INT1003,8
11020037,INT1006,7.5
11020037,FLF1105,6.4
11020037,MAT1094,6
11020045,INT1003,7.8
11020045,FLF1105,7
11020045,MAT1093,5.7
11020045,MAT1094,6.6
11020049,INT1003,7
11020049,INT1006,5.4
11020049,FLF1105,7.2
11020049,MAT1093,6.1
11020049,MAT1094,6.2
11020523,INT1003,5.8
11020523,INT1006,4.1
11020523,FLF1105,7.8
11020523,MAT1094,5.1
11020065,INT1003,8.8
11020065,INT1006,4.2
11020065,FLF1105,6.2
11020065,MAT1093,6.1
11020065,MAT1094,5.2
11020069,FLF1105,6.5
11020069,MAT1094,6
11020073,FLF1105,7.6
11020073,MAT1093,7.4
11020073,MAT1094,6.1
11020076,FLF1105,5.8
11020509,INT1003,8.1
11020509,FLF1105,6.7
11020081,INT1003,6.8
11020081,FLF1105,6.2
11020081,MAT1093,4.2
11020081,MAT1094,4.7
11020086,INT1003,7.9
11020086,FLF1105,6.2
11020092,INT1003,8.8
11020092,INT1006,8
11020092,FLF1105,6.7
11020092,MAT1093,6.1
11020092,MAT1094,5.4
11020096,INT1003,8.3
11020096,FLF1105,6
11020096,MAT1094,5.2
11020099,FLF1105,8.3
11020099,MAT1093,6.6
11020099,MAT1094,5.6
11020510,INT1003,6.1
11020510,FLF1105,8.5
11020510,MAT1093,4.8
11020510,MAT1094,5.7
11020524,INT1003,8.8
11020524,FLF1105,7
11020524,MAT1093,2.8
11020119,INT1003,5.4
11020119,FLF1105,6.4
11020119,MAT1093,5.7
11020119,MAT1094,5.8
11020512,INT1003,7.1
11020512,INT1006,4.2
11020512,FLF1105,7.2
11020512,MAT1094,6.3
11020129,INT1006,7.8
11020129,FLF1105,8.3
11020129,MAT1093,5.7
11020134,INT1003,6.1
11020134,FLF1105,5.9
11020134,MAT1093,6.5
11020134,MAT1094,5.6
11020138,INT1003,7.9
11020138,INT1006,6
11020138,FLF1105,6.7
11020143,INT1003,7.6
11020143,INT1006,5.6
11020143,FLF1105,6.8
11020143,MAT1093,5.9
11020143,MAT1094,5.3
11020151,INT1003,7
11020151,INT1006,7.5
11020151,FLF1105,7.7
11020151,MAT1093,7.4
11020151,MAT1094,5.8
11020152,INT1003,7.6
11020152,FLF1105,0
11020152,MAT1093,6.2
11020152,MAT1094,0
11020155,INT1003,6.7
11020155,FLF1105,4.2
11020155,MAT1094,4.6
11020163,INT1003,5.6
11020163,INT1006,6.6
11020163,FLF1105,5.6
11020163,MAT1093,6.7
11020163,MAT1094,6
11020177,INT1003,9.3
11020177,INT1006,5.9
11020177,FLF1105,10
11020177,MAT1093,6.2
11020177,MAT1094,5.9
11020193,INT1003,8.2
11020193,FLF1105,6.6
11020193,MAT1093,5.4
11020193,MAT1094,5.6
11020198,INT1003,8.4
11020198,MAT1094,5.8
11020207,INT1003,7.2
11020207,FLF1105,6.4
11020207,MAT1094,5.2
11020217,INT1003,8.2
11020217,INT1006,7.9
11020217,FLF1105,8.4
11020217,MAT1094,5.2
11020222,INT1003,8.5
11020222,FLF1105,10
11020232,INT1003,7.6
11020232,INT1006,4.1
11020232,FLF1105,6.6
11020232,MAT1094,5
11020237,INT1003,7.2
11020237,INT1006,7.9
11020237,FLF1105,6.4
11020237,MAT1093,6.5
11020237,MAT1094,7.3
11020426,FLF1105,6.2
11020426,MAT1093,5.8
11020426,MAT1094,7
11020535,INT1003,7.9
11020535,FLF1105,7
11020535,MAT1093,6.7
11020427,INT1003,4
11020427,FLF1105,7.7
11020427,MAT1094,5.2
11020262,INT1003,8.1
11020262,INT1006,4.4
11020262,MAT1094,4.5
11020266,INT1006,0
11020266,FLF1105,0
11020266,MAT1093,0
11020266,MAT1094,0
11020278,INT1003,8.2
11020278,INT1006,7.1
11020278,FLF1105,8.2
11020278,MAT1094,5.5
11020283,INT1003,5.8
11020283,MAT1094,7.2
11020515,INT1003,7.7
11020515,FLF1105,7.9
11020291,INT1003,7.1
11020291,FLF1105,8.1
11020291,MAT1093,7.9
11020291,MAT1094,5.3
11020297,INT1003,7.7
11020297,FLF1105,6.4
11020297,MAT1093,6.4
11020297,MAT1094,6.9
11020303,INT1003,7.6
11020303,FLF1105,10
11020303,MAT1093,5.8
11020303,MAT1094,6.7
11020517,INT1003,7.5
11020517,FLF1105,6.6
11020517,MAT1093,5
11020312,INT1003,8.8
11020312,INT1006,8.5
11020312,FLF1105,9.3
11020312,MAT1093,5.7
11020312,MAT1094,5.3
11020317,INT1003,6.2
11020317,FLF1105,7.2
11020317,MAT1093,6.3
11020324,INT1003,6.6
11020324,FLF1105,6.1
11020324,MAT1094,5.2
11020330,INT1003,6.7
11020330,FLF1105,5.8
11020330,MAT1093,6
11020330,MAT1094,7
11020332,INT1003,7.4
11020332,INT1006,5.4
11020332,FLF1105,5.6
11020332,MAT1093,5.4
11020332,MAT1094,6.5
11020336,INT1003,8.7
11020336,INT1006,9.4
11020336,FLF1105,6.3
11020336,MAT1093,6.9
11020336,MAT1094,8.8
11020355,INT1003,7.3
11020355,INT1006,4.6
11020355,FLF1105,6.8
11020355,MAT1093,5.7
11020355,MAT1094,5.8
11020358,INT1003,7.2
11020358,MAT1093,6.5
11020362,INT1003,7
11020362,FLF1105,5
11020362,MAT1093,4.4
11020365,INT1003,8.2
11020365,INT1006,8.7
11020365,FLF1105,7.6
11020370,INT1003,8.7
11020370,INT1006,5.2
11020370,FLF1105,7.6
11020370,MAT1093,6.2
11020377,INT1003,7.5
11020377,INT1006,4.9
11020377,FLF1105,7.9
11020377,MAT1093,6.5
11020377,MAT1094,5.6
11020388,INT1003,4.1
11020388,FLF1105,4.6
11020388,MAT1093,4.9
11020397,INT1003,9.1
11020397,INT1006,9.7
11020397,FLF1105,6.9
11020397,MAT1093,7.2
11020397,MAT1094,6
11020439,INT1003,8
11020439,INT1006,6.6
11020439,FLF1105,5.2
11020439,MAT1093,3.1
11020439,MAT1094,5.5
11020406,INT1003,8.5
11020406,INT1006,9
11020406,FLF1105,8.5
11020406,MAT1093,7.7
11020406,MAT1094,7.2
10020007,INT1003,6.8
10020007,INT1006,5.8
10020007,FLF1105,5.5
10020007,MAT1093,7
10020007,MAT1094,6.4
10020015,INT1003,7.4
10020015,INT1006,6
10020015,FLF1105,6.6
10020015,MAT1093,5.5
10020015,MAT1094,5.3
10020020,INT1003,8.9
10020020,INT1006,6.7
10020020,FLF1105,6.2
10020020,MAT1093,9.5
10020020,MAT1094,7.4
10020024,INT1003,7.9
10020024,INT1006,6.1
10020024,FLF1105,6.8
10020024,MAT1093,8.8
10020024,MAT1094,7.7
10020029,PHI1004,6.4
10020029,PHI1005,6.4
10020029,FLF1105,9
10020029,FLF1106,8.4
10020029,FLF1107,8
10020034,INT1006,1
10020034,FLF1105,2.7
10020034,MAT1093,0
10020034,MAT1094,0
10020036,PHI1004,6.6
10020036,PHI1005,6.6
10020036,INT1003,9.3
10020036,INT1006,8.2
10020036,FLF1105,8
10020036,FLF1106,7.5
10020036,FLF1107,9
10020036,MAT1093,9.2
10020041,PHI1004,7.4
10020041,PHI1005,7.4
10020041,INT1006,7
10020041,FLF1105,7.7
10020041,MAT1093,9.3
10020041,MAT1094,8.6
10020058,INT1006,6.4
10020058,FLF1105,7.7
10020058,MAT1093,9.1
10020058,MAT1094,5.8
10020054,INT1006,4.8
10020054,FLF1105,5.9
10020054,MAT1093,7.4
10020054,MAT1094,6.6
10020069,PHI1004,7.3
10020069,PHI1005,7.3
10020069,INT1003,7.8
10020069,FLF1105,8.3
10020069,FLF1106,8.1
10020069,FLF1107,10
10020069,MAT1093,6.8
10020072,INT1003,7
10020072,INT1006,6.7
10020072,FLF1105,7.8
10020072,MAT1093,8
10020072,MAT1094,7.8
10020085,PHI1004,7.1
10020085,PHI1005,7.1
10020085,FLF1105,6.7
10020085,FLF1106,7.2
10020085,FLF1107,8
10020085,MAT1094,7.6
10020094,INT1003,7.6
10020094,FLF1105,7.1
10020094,MAT1093,7.9
10020094,MAT1094,5.7
10020100,PHI1004,6.8
10020100,PHI1005,6.8
10020100,INT1003,7.5
10020100,FLF1105,6.8
10020100,FLF1106,5.2
10020100,FLF1107,6
10020100,MAT1094,9
10020104,INT1006,4.6
10020104,FLF1105,6.8
10020104,MAT1093,7.9
10020104,MAT1094,7.3
10020107,INT1006,5.5
10020107,FLF1105,6
10020107,MAT1093,8.8
10020107,MAT1094,6.5
10020111,INT1003,8.1
10020111,FLF1105,7.5
10020111,MAT1093,9
10020111,MAT1094,7.9
10020119,PHI1004,6.6
10020119,PHI1005,6.6
10020119,INT1003,9.1
10020119,FLF1105,7.2
10020119,MAT1093,7.6
10020128,INT1003,7.6
10020128,INT1006,8.2
10020128,FLF1105,7
10020128,MAT1093,8.3
10020128,MAT1094,7.5
10020459,PHI1004,6.6
10020459,PHI1005,6.6
10020459,INT1006,5.5
10020459,FLF1105,7.5
10020459,MAT1093,6.9
10020150,PHI1004,8
10020150,PHI1005,8
10020150,INT1003,7.9
10020150,FLF1105,5.2
10020150,MAT1093,8.3
10020150,MAT1094,7.3
10020139,INT1006,9.6
10020139,FLF1105,7.3
10020139,MAT1093,8
10020139,MAT1094,5.6
10020146,INT1003,9
10020146,INT1006,7
10020146,FLF1105,6.8
10020146,MAT1093,8.2
10020146,MAT1094,7.2
10020464,INT1006,4.6
10020464,FLF1105,8.5
10020464,MAT1093,7.2
10020464,MAT1094,7.1
10020156,PHI1004,6.6
10020156,PHI1005,6.6
10020156,INT1003,8.8
10020156,INT1006,7.3
10020156,FLF1105,6.5
10020156,MAT1094,6.6
10020162,INT1003,8.2
10020162,FLF1105,7.3
10020162,MAT1093,8.5
10020162,MAT1094,6.1
10020171,INT1003,8.4
10020171,FLF1105,6.5
10020171,MAT1094,6.1
10020500,INT1003,7.6
10020500,FLF1105,6.1
10020500,MAT1093,7.2
10020177,INT1003,7.2
10020177,FLF1105,5.6
10020177,MAT1093,6.9
10020180,INT1006,9.9
10020180,FLF1105,8.4
10020180,MAT1093,9.4
10020180,MAT1094,7.6
10020189,INT1003,7.8
10020189,INT1006,7.9
10020189,FLF1105,7.1
10020189,MAT1093,9
10020189,MAT1094,7.3
10020194,INT1006,8.7
10020194,FLF1105,6.5
10020194,MAT1093,9.7
10020194,MAT1094,7.2
10020205,INT1003,8.9
10020205,INT1006,9.7
10020205,FLF1105,7.3
10020205,MAT1093,9.3
10020205,MAT1094,9.1
10020213,FLF1105,6.4
10020213,MAT1093,8.7
10020213,MAT1094,6.2
10020219,INT1003,8.2
10020219,INT1006,6.6
10020219,FLF1105,7
10020219,MAT1093,9.2
10020219,MAT1094,6.9
10020224,PHI1004,7.2
10020224,PHI1005,7.2
10020224,INT1006,6.4
10020224,FLF1105,6.2
10020224,MAT1093,7.4
10020224,MAT1094,6.8
10020227,INT1003,6.9
10020227,INT1006,5.8
10020227,FLF1105,5.7
10020227,MAT1093,7.7
10020227,MAT1094,6.3
10020240,INT1003,4.3
10020240,FLF1105,5.9
10020240,MAT1094,6.3
10020256,INT1003,8.2
10020256,INT1006,5.5
10020256,FLF1105,6.7
10020256,MAT1093,9
10020256,MAT1094,7.3
10020475,PHI1004,6.7
10020475,PHI1005,6.7
10020475,INT1003,7.1
10020475,INT1006,5.8
10020475,FLF1105,7
10020475,MAT1093,6.1
10020475,MAT1094,9.6
10020267,FLF1105,8.5
10020267,MAT1093,5.9
10020267,MAT1094,5.6
10020291,PHI1004,8.1
10020291,PHI1005,8.1
10020291,INT1003,8.2
10020291,INT1006,5.2
10020291,FLF1105,6.3
10020291,MAT1093,9.2
10020291,MAT1094,8.6
10020278,INT1003,8.5
10020278,INT1006,5.8
10020278,FLF1105,6.9
10020278,MAT1093,7.7
10020278,MAT1094,6.3
10020282,PHI1004,6.2
10020282,PHI1005,6.2
10020282,INT1003,8.8
10020282,FLF1105,7.9
10020282,FLF1106,7.1
10020282,FLF1107,10
10020282,MAT1093,5.1
10020287,INT1006,6.7
10020287,FLF1105,6.1
10020287,MAT1093,5.3
10020287,MAT1094,5.9
10020298,INT1003,8.8
10020298,FLF1105,6.9
10020298,MAT1093,7
10020298,MAT1094,7.7
10020306,INT1003,7.2
10020306,INT1006,6.8
10020306,FLF1105,8.5
10020306,MAT1093,5.5
10020306,MAT1094,5.3
10020506,INT1003,6.7
10020506,FLF1105,6.5
10020312,PHI1004,6
10020312,PHI1005,6
10020312,INT1006,6.1
10020312,FLF1105,6.7
10020312,FLF1106,7
10020312,FLF1107,8
10020312,MAT1094,8.3
10020480,PHI1004,6.8
10020480,PHI1005,6.8
10020480,INT1003,9.3
10020480,FLF1105,7.6
10020480,MAT1093,6.2
10020480,MAT1094,6.9
10020332,PHI1004,6.4
10020332,PHI1005,6.4
10020332,INT1003,6.8
10020332,INT1006,6.6
10020332,FLF1105,6
10020332,MAT1094,6
10020335,PHI1004,7.6
10020335,PHI1005,7.6
10020335,INT1003,6.7
10020335,INT1006,7.6
10020335,FLF1105,6.4
10020335,FLF1106,6.1
10020335,FLF1107,9
10020335,MAT1094,8.9
10020339,INT1003,5.4
10020339,INT1006,0.8
10020350,PHI1004,6.8
10020350,PHI1005,6.8
10020350,FLF1105,6.8
10020350,MAT1093,6.6
10020350,MAT1094,7.2
10020351,PHI1004,5.7
10020351,PHI1005,5.7
10020351,INT1003,6.2
10020351,INT1006,5.4
10020351,FLF1106,5.8
10020351,FLF1107,7
10020351,MAT1094,8.2
10020354,PHI1004,6.2
10020354,PHI1005,6.2
10020354,INT1003,9.1
10020354,INT1006,7.5
10020354,FLF1105,6.4
10020354,MAT1093,5.7
10020357,INT1003,5.4
10020357,INT1006,0.8
10020357,FLF1105,0
10020357,MAT1093,0
10020357,MAT1094,0
10020360,INT1003,8.1
10020360,INT1006,5.8
10020360,FLF1105,6.8
10020360,MAT1093,7.1
10020360,MAT1094,5.5
10020376,INT1003,7.9
10020376,INT1006,6.7
10020376,FLF1105,8.2
10020376,MAT1093,6.2
10020376,MAT1094,7.6
10020380,INT1003,7.9
10020380,INT1006,6.3
10020380,FLF1105,7
10020380,MAT1093,7.1
10020380,MAT1094,6.3
10020388,INT1003,8.4
10020388,FLF1105,6.1
10020388,MAT1093,7.5
10020388,MAT1094,6.1
10020402,FLF1105,5.7
10020402,MAT1093,9.3
10020402,MAT1094,5.9
10020412,INT1003,8.6
10020412,INT1006,6.2
10020412,FLF1105,7.1
10020412,MAT1093,6.1
10020412,MAT1094,6.2
10020424,INT1003,8.4
10020424,INT1006,5
10020424,FLF1105,7.5
10020424,MAT1093,6.8
10020424,MAT1094,5.6
10020510,FLF1105,2.6
10020510,FLF1106,3.1
10020510,FLF1107,6
10020408,FLF1105,6.9
10020408,MAT1093,6
10020408,MAT1094,5.4
10020428,INT1003,6.6
10020428,FLF1105,8
10020428,MAT1093,6.8
10020428,MAT1094,7.2
10020444,INT1003,6.8
10020444,FLF1105,6
10020444,MAT1093,7.2
10020444,MAT1094,5.2
10020005,FLF1105,5.9
10020005,MAT1093,6.1
10020010,INT1003,7.1
10020010,INT1006,6.3
10020010,FLF1105,5.4
10020010,MAT1093,9.5
10020010,MAT1094,8.2
10020016,INT1003,8.2
10020016,INT1006,6.5
10020016,FLF1105,5.7
10020016,MAT1093,8.2
10020016,MAT1094,5.7
10020025,INT1006,7.1
10020025,FLF1105,6.8
10020025,MAT1093,5.6
10020025,MAT1094,4.9
10020498,INT1003,8.2
10020498,FLF1105,4.6
10020498,MAT1093,6.8
10020498,MAT1094,4.7
10020035,INT1006,0
10020035,FLF1105,3.7
10020035,MAT1093,3.8
10020035,MAT1094,1.2
10020042,INT1003,7.7
10020042,MAT1093,8.2
10020042,MAT1094,7.2
10020047,INT1003,8.5
10020047,INT1006,5.9
10020047,FLF1105,7
10020047,MAT1093,8.5
10020047,MAT1094,4.8
10020050,INT1003,7.2
10020050,INT1006,8
10020050,FLF1105,8.3
10020050,MAT1093,9.7
10020050,MAT1094,4.7
10020060,INT1003,7.2
10020060,INT1006,5.1
10020060,FLF1105,7.5
10020060,MAT1093,9.3
10020060,MAT1094,5.7
10020055,INT1003,5.2
10020055,INT1006,4.8
10020055,FLF1105,5.7
10020055,MAT1093,4.5
10020067,INT1003,6.6
10020067,FLF1105,5.1
10020067,MAT1093,8.1
10020073,INT1003,7.9
10020073,INT1006,7.4
10020073,FLF1105,7.1
10020073,MAT1093,10
10020073,MAT1094,7.7
10020081,INT1003,8.7
10020081,INT1006,8.6
10020081,FLF1105,7.4
10020081,MAT1093,6.5
10020081,MAT1094,6.7
10020089,INT1003,7.7
10020089,INT1006,8.2
10020089,FLF1105,7.7
10020089,MAT1093,10
10020089,MAT1094,8.3
10020099,FLF1105,6.6
10020099,MAT1093,7.3
10020105,INT1003,8.1
10020105,FLF1105,7.7
10020105,MAT1093,7.6
10020124,INT1003,8.2
10020124,FLF1105,6.9
10020124,MAT1093,7.1
10020461,PHI1004,8.2
10020461,PHI1005,8.2
10020461,INT1006,6.3
10020461,FLF1105,7.4
10020461,MAT1093,6.1
10020501,FLF1105,6.6
10020501,MAT1093,6
10020147,PHI1004,7.9
10020147,PHI1005,7.9
10020147,INT1003,8.7
10020147,INT1006,7.3
10020147,FLF1105,5.9
10020147,MAT1093,7
10020147,MAT1094,6.2
10020153,INT1003,7.9
10020153,FLF1105,4.8
10020153,MAT1093,5.6
10020153,MAT1094,6
10020169,INT1003,5.6
10020169,FLF1105,5.5
10020169,MAT1093,5.2
10020465,INT1003,6.5
10020465,FLF1105,6
10020465,MAT1094,5
10020159,INT1003,8.1
10020159,INT1006,8.3
10020159,FLF1105,6.7
10020159,MAT1093,7.7
10020159,MAT1094,6.5
10020178,INT1006,6
10020178,FLF1105,6.8
10020178,MAT1093,6.1
10020181,INT1003,8.7
10020181,INT1006,8.1
10020181,FLF1105,7.4
10020181,MAT1093,7.4
10020186,INT1003,6.6
10020186,FLF1105,6.2
10020186,MAT1093,5.4
10020196,INT1003,7.6
10020196,FLF1105,6.4
10020196,MAT1093,7.4
10020206,INT1003,6.2
10020206,INT1006,4.4
10020206,FLF1105,6.1
10020502,INT1003,6.5
10020502,FLF1105,6.5
10020502,MAT1093,6.4
10020220,INT1003,9.1
10020220,INT1006,5
10020220,FLF1105,6.2
10020220,MAT1093,7.6
10020228,INT1003,8.2
10020228,INT1006,4.1
10020228,FLF1105,5.4
10020228,MAT1093,8.5
10020238,INT1003,8.4
10020238,INT1006,6.2
10020238,FLF1105,6.1
10020238,MAT1093,8.4
10020238,MAT1094,7
10020243,INT1003,8.7
10020243,INT1006,7.9
10020243,FLF1105,6.9
10020243,MAT1093,8.9
10020243,MAT1094,6.5
10020268,PHI1004,7.7
10020268,PHI1005,7.7
10020268,MAT1093,6.1
10020274,INT1003,5.2
10020289,INT1003,6.4
10020289,INT1006,6.3
10020289,FLF1105,6.9
10020289,MAT1093,5.7
10020283,INT1003,7.6
10020283,FLF1105,4.7
10020283,MAT1093,5.4
10020504,INT1003,5
10020504,FLF1105,5
10020504,MAT1093,5.6
10020505,INT1003,4.9
10020505,FLF1105,6.3
10020304,PHI1004,8.1
10020304,PHI1005,8.1
10020304,INT1006,6.3
10020304,FLF1105,6.7
10020304,MAT1093,8.3
10020313,INT1006,7.7
10020313,FLF1105,6.8
10020313,MAT1093,6.5
10020320,INT1003,6.7
10020320,INT1006,5.9
10020320,FLF1105,6
10020320,MAT1093,8.4
10020320,MAT1094,5.2
10020507,INT1003,6.5
10020507,FLF1105,5.2
10020336,INT1003,8.5
10020336,INT1006,7.9
10020336,FLF1105,5.4
10020336,MAT1093,6.5
10020340,FLF1105,2.1
10020340,MAT1093,1.1
10020340,MAT1094,3.4
10020346,INT1006,5.6
10020346,FLF1105,6.5
10020352,INT1003,8.6
10020352,INT1006,8.2
10020352,FLF1105,7.2
10020352,MAT1093,7.7
10020352,MAT1094,5
10020355,INT1003,8.9
10020355,INT1006,5.7
10020355,FLF1105,7.5
10020355,MAT1093,7.5
10020355,MAT1094,5.2
10020358,INT1003,7.1
10020358,FLF1105,4.8
10020358,MAT1093,6.6
10020361,INT1003,7.8
10020361,INT1006,7.2
10020361,FLF1105,7.2
10020361,MAT1093,10
10020361,MAT1094,7.2
10020365,INT1003,8.6
10020365,INT1006,9.2
10020365,FLF1105,7.4
10020365,MAT1093,10
10020365,MAT1094,6.6
10020378,INT1003,6.7
10020378,FLF1105,6.3
10020378,MAT1093,7.4
10020487,PHI1004,7.7
10020487,PHI1005,7.7
10020487,INT1006,7.8
10020487,FLF1105,6.5
10020487,MAT1093,7.2
10020487,MAT1094,6.1
10020413,INT1003,8.2
10020413,INT1006,5.3
10020413,FLF1105,6.7
10020413,MAT1093,6.9
10020421,INT1003,8.6
10020421,INT1006,6.9
10020421,FLF1105,8
10020421,MAT1093,6.3
10020425,INT1003,7.9
10020425,INT1006,5.5
10020425,FLF1105,6.5
10020425,MAT1093,7.1
10020425,MAT1094,7.6
10020406,INT1003,7.2
10020406,FLF1105,5.5
10020406,MAT1093,7.1
10020406,MAT1094,6.2
10020409,INT1003,7.5
10020409,FLF1105,5.2
10020409,MAT1093,8.6
10020409,MAT1094,5.6
10020439,INT1003,4.8
10020439,INT1006,9.2
10020439,FLF1105,5.6
10020445,INT1003,7.3
10020445,INT1006,5.6
10020445,FLF1105,5.9
10020445,MAT1093,7.7
10020445,MAT1094,4.8
10020013,INT1003,8.4
10020013,INT1006,7
10020013,FLF1105,6.9
10020013,MAT1093,7.6
10020013,MAT1094,5.2
10020446,INT1003,8.6
10020446,INT1006,7.2
10020446,FLF1105,6.5
10020446,MAT1093,7.7
10020446,MAT1094,6.4
10020019,INT1003,8
10020019,INT1006,7.3
10020019,FLF1105,5.9
10020019,MAT1093,7.7
10020019,MAT1094,8.9
10020447,PHI1004,7.9
10020447,PHI1005,7.9
10020447,INT1003,9.4
10020447,INT1006,8.4
10020447,FLF1105,7.2
10020447,MAT1093,5.7
10020447,MAT1094,7.2
10020022,INT1003,5.5
10020022,INT1006,4.8
10020022,FLF1105,6.4
10020033,PHI1004,7.4
10020033,PHI1005,7.4
10020033,INT1003,6.4
10020033,INT1006,7.2
10020033,MAT1093,7.9
10020033,MAT1094,8.8
10020044,INT1003,7.7
10020044,INT1006,6.9
10020044,FLF1105,8.3
10020044,MAT1093,7.7
10020044,MAT1094,8.5
10020052,INT1003,6.6
10020052,FLF1105,6.3
10020052,MAT1093,8.2
10020052,MAT1094,6
10020450,PHI1004,7
10020450,PHI1005,7
10020450,INT1003,7.4
10020450,INT1006,6
10020450,FLF1105,6.2
10020450,FLF1106,6.9
10020450,FLF1107,8
10020450,MAT1094,7.3
10020061,INT1003,6.4
10020061,FLF1105,6.7
10020061,MAT1093,7.5
10020061,MAT1094,6.4
10020056,INT1003,8
10020056,MAT1093,7.5
10020082,PHI1004,7.6
10020082,PHI1005,7.6
10020082,INT1003,7.5
10020082,INT1006,6.8
10020082,FLF1105,5.4
10020082,MAT1093,6.7
10020082,MAT1094,6.8
10020091,INT1003,8.1
10020091,INT1006,6
10020091,FLF1105,6
10020091,MAT1093,4.7
10020091,MAT1094,5.8
10020096,PHI1004,6.8
10020096,PHI1005,6.8
10020096,FLF1105,8.1
10020096,FLF1106,7.4
10020096,FLF1107,10
10020096,MAT1093,6.9
10020110,INT1003,6.6
10020110,FLF1105,5.6
10020110,MAT1093,6.7
10020110,MAT1094,7.2
10020113,INT1006,9.7
10020113,FLF1105,7.2
10020113,MAT1093,9
10020113,MAT1094,7.3
10020458,INT1003,9.5
10020458,INT1006,8.6
10020458,FLF1105,7.2
10020458,MAT1093,6.2
10020458,MAT1094,6
10020134,INT1003,7.3
10020134,FLF1105,7.6
10020134,MAT1093,7.9
10020134,MAT1094,6.6
10020462,INT1003,6.7
10020462,INT1006,10
10020462,FLF1105,7.2
10020462,MAT1094,7.7
10020166,INT1006,0
10020166,FLF1105,0
10020166,MAT1093,0
10020166,MAT1094,0
10020155,INT1003,8.1
10020155,INT1006,5.6
10020155,FLF1105,6.1
10020155,MAT1093,7.5
10020155,MAT1094,6.5
10020161,INT1003,9.2
10020161,INT1006,9.7
10020161,FLF1105,6.1
10020161,MAT1093,9.3
10020161,MAT1094,9.4
10020170,PHI1004,6.7
10020170,PHI1005,6.7
10020170,FLF1105,5.4
10020170,MAT1093,6.3
10020170,MAT1094,4.5
10020179,INT1003,8.4
10020179,INT1006,9.7
10020179,FLF1105,6.8
10020179,MAT1093,8.6
10020179,MAT1094,9.4
10020182,PHI1004,6.2
10020182,PHI1005,6.2
10020182,INT1003,8.5
10020182,INT1006,6.8
10020182,FLF1105,6.6
10020182,MAT1093,5.4
10020182,MAT1094,5.3
10020187,INT1003,6.5
10020187,INT1006,9.3
10020187,FLF1105,6
10020187,MAT1093,7.9
10020187,MAT1094,6.7
10020193,INT1003,6.3
10020193,INT1006,7.4
10020193,FLF1105,5.9
10020193,MAT1093,7.5
10020193,MAT1094,5.7
10020204,PHI1004,7.6
10020204,PHI1005,7.6
10020204,INT1003,6.5
10020204,INT1006,6.5
10020204,FLF1105,6.9
10020204,MAT1093,9.1
10020204,MAT1094,7
10020210,INT1003,4.7
10020210,FLF1105,4.1
10020215,INT1003,8.9
10020215,INT1006,8.5
10020215,FLF1105,6.5
10020215,MAT1093,9.3
10020215,MAT1094,6.7
10020217,INT1003,8.8
10020217,INT1006,7.8
10020217,FLF1105,10
10020217,MAT1093,5.7
10020217,MAT1094,6.5
10020222,INT1003,8.1
10020222,INT1006,7.6
10020222,FLF1105,7.4
10020222,MAT1093,7.4
10020222,MAT1094,5.2
10020226,INT1003,7.9
10020226,FLF1105,5.6
10020226,MAT1093,6.1
10020226,MAT1094,5.9
10020229,INT1003,9
10020229,INT1006,7.9
10020229,FLF1105,6.6
10020229,MAT1093,9.5
10020229,MAT1094,7.1
10020470,INT1003,9.2
10020470,INT1006,9.4
10020470,MAT1093,9.8
10020470,MAT1094,6.3
10020237,PHI1004,8.5
10020237,PHI1005,8.5
10020237,INT1003,8.4
10020237,INT1006,7.2
10020237,FLF1105,5.3
10020237,MAT1093,6.8
10020237,MAT1094,7.3
10020239,INT1003,5.7
10020239,FLF1105,6.7
10020239,MAT1093,6.8
10020239,MAT1094,5.2
10020246,PHI1004,5.5
10020246,PHI1005,5.5
10020246,INT1003,7.6
10020246,FLF1105,6
10020246,MAT1093,6.9
10020246,MAT1094,5.3
10020249,INT1006,6.1
10020249,FLF1105,7.3
10020249,MAT1093,9.3
10020249,MAT1094,9.1
10020474,INT1003,9
10020474,FLF1105,6.3
10020474,MAT1093,7
10020474,MAT1094,8
10020255,INT1003,8.6
10020255,FLF1105,7
10020255,MAT1093,7.9
10020255,MAT1094,6.2
10020261,INT1003,8
10020261,INT1006,9.3
10020261,FLF1105,7.5
10020261,MAT1093,8.4
10020261,MAT1094,5.5
10020275,INT1003,7.4
10020275,FLF1105,5.7
10020275,MAT1093,6.9
10020275,MAT1094,4.5
10020281,PHI1004,7.2
10020281,PHI1005,7.2
10020281,INT1003,9.2
10020281,INT1006,7.5
10020281,FLF1105,5.8
10020281,MAT1093,8.7
10020281,MAT1094,7.2
10020285,INT1003,9
10020285,INT1006,8.2
10020285,FLF1105,8
10020285,MAT1093,6.6
10020285,MAT1094,4.9
10020999,INT1003,8
10020999,FLF1105,6.3
10020999,MAT1093,7.1
10020999,MAT1094,8.3
10020999,PHY1100,5.3
10020478,INT1006,6.5
10020478,FLF1105,5.4
10020478,MAT1093,6.7
10020305,INT1006,5.2
10020305,FLF1105,5.3
10020305,MAT1094,5.9
10020316,INT1003,8.2
10020316,INT1006,5.5
10020316,FLF1105,6.1
10020316,MAT1093,8.7
10020316,MAT1094,6.4
10020319,INT1003,8.1
10020319,INT1006,8.5
10020319,FLF1105,6
10020319,MAT1093,8
10020319,MAT1094,6.6
10020322,INT1003,8.1
10020322,INT1006,8.3
10020322,FLF1105,6.9
10020322,MAT1093,8.9
10020322,MAT1094,7.9
10020338,PHI1004,7.6
10020338,PHI1005,7.6
10020338,INT1003,9.2
10020338,INT1006,9.7
10020338,FLF1105,6.3
10020338,MAT1093,9.5
10020338,MAT1094,7.3
10020341,INT1003,7.3
10020341,INT1006,8.2
10020341,MAT1093,9.3
10020341,MAT1094,6.7
10020348,INT1003,5.5
10020348,INT1006,5.8
10020348,FLF1105,6.7
10020348,MAT1094,4.9
10020353,PHI1004,7.3
10020353,PHI1005,7.3
10020353,INT1003,9
10020353,INT1006,9.7
10020353,FLF1105,6.7
10020353,MAT1093,9.5
10020353,MAT1094,6
10020356,INT1003,7.2
10020356,INT1006,5.5
10020356,FLF1105,5.7
10020356,MAT1094,4.5
10020362,INT1006,6.5
10020362,MAT1093,6.5
10020362,MAT1094,7.8
10020364,INT1003,6.7
10020364,INT1006,8
10020364,FLF1105,6.9
10020364,MAT1093,7.2
10020364,MAT1094,6.9
10020372,PHI1004,6.8
10020372,PHI1005,6.8
10020372,INT1006,6.2
10020372,FLF1105,7.8
10020372,FLF1106,7.2
10020372,FLF1107,9
10020372,MAT1093,7.4
10020426,INT1006,9.1
10020426,FLF1105,8.1
10020426,MAT1093,6.8
10020426,MAT1094,7.9
10020427,PHI1004,6.7
10020427,PHI1005,6.7
10020427,INT1003,8.8
10020427,FLF1105,7.5
10020427,FLF1106,7.7
10020427,FLF1107,9
10020427,MAT1093,6.9
10020396,INT1003,7.1
10020396,INT1006,6.2
10020396,FLF1105,6
10020396,MAT1093,6.1
10020396,MAT1094,5.4
10020416,INT1006,7.5
10020416,FLF1105,6.2
10020416,MAT1094,4.3
10020407,INT1006,4.1
10020407,FLF1105,5.6
10020407,MAT1093,9.6
10020407,MAT1094,7.7
10020433,PHI1004,7.6
10020433,PHI1005,7.6
10020433,INT1003,7.3
10020433,INT1006,7.3
10020433,FLF1105,5.7
10020433,MAT1093,8.9
10020433,MAT1094,6.4
10020489,INT1003,5.9
10020489,INT1006,10
10020489,FLF1105,6.4
10020489,MAT1093,8.8
10020489,MAT1094,8.2
10020440,INT1006,6.9
10020440,FLF1105,5.4
9020007,INT1003,9.1
9020007,INT1006,7.4
9020007,FLF1105,6.6
9020007,MAT1093,5.15
9020019,INT1006,8.8
9020019,FLF1105,7.9
9020019,MAT1093,5.65
9020019,MAT1094,5.6
9020029,FLF1105,6.6
9020029,MAT1093,6.05
9020047,INT1003,8.2
9020047,FLF1105,8.6
9020047,MAT1093,5.6
9020047,MAT1094,4.4
9020053,INT1003,5.8
9020053,INT1006,4.3
9020053,FLF1105,7.4
9020053,MAT1093,6.5
9020053,MAT1094,7.7
9020055,INT1003,8.9
9020055,INT1006,9.5
9020055,FLF1105,6.7
9020055,MAT1093,8
9020055,MAT1094,5.3
9020071,INT1003,9.1
9020071,INT1006,4.2
9020071,FLF1105,7.4
9020071,MAT1093,6.75
9020071,MAT1094,6.5
9020087,INT1003,4.4
9020087,INT1006,6
9020087,FLF1105,6.4
9020087,MAT1093,5.3
9020087,MAT1094,6.3
9020095,INT1003,6.3
9020095,FLF1105,5.4
9020095,MAT1093,6.45
9020095,MAT1094,6.2
9020097,INT1003,4.3
9020097,INT1006,6.9
9020097,FLF1105,4
9020097,MAT1093,4.35
9020097,MAT1094,5.9
9020092,INT1003,7.7
9020092,INT1006,6.1
9020092,FLF1105,6.1
9020092,MAT1093,7.45
9020092,MAT1094,5.7
9020111,INT1003,8.7
9020111,INT1006,5.9
9020111,FLF1105,8.4
9020111,MAT1093,6.6
9020111,MAT1094,7.6
9020112,INT1003,8.6
9020112,INT1006,6.5
9020112,FLF1105,7.6
9020112,MAT1093,5.85
9020112,MAT1094,6.4
9020116,INT1003,6.1
9020116,INT1006,4.5
9020116,FLF1105,6.6
9020116,MAT1093,7.3
9020116,MAT1094,5.7
9020120,INT1003,6.8
9020120,INT1006,5.9
9020120,FLF1105,6.7
9020120,MAT1093,6.6
9020121,INT1003,8.8
9020121,INT1006,9.6
9020121,FLF1105,8.1
9020121,MAT1093,4.9
9020121,MAT1094,7.1
9020126,INT1003,5.8
9020126,FLF1105,6.5
9020126,MAT1093,7.4
9020126,MAT1094,6.4
9020137,INT1003,6.7
9020137,FLF1105,6.9
9020137,MAT1093,6.35
9020137,MAT1094,6.6
9020160,INT1003,9.1
9020160,INT1006,5.5
9020160,FLF1105,7
9020160,MAT1093,5.1
9020160,MAT1094,5.9
9020175,INT1003,8.6
9020175,FLF1105,5.4
9020175,MAT1093,5.7
9020185,INT1003,7.5
9020185,INT1006,5.3
9020185,FLF1105,8.4
9020185,MAT1093,7.25
9020185,MAT1094,5
9020186,INT1003,9.4
9020186,FLF1105,8.6
9020186,MAT1093,5.9
9020186,MAT1094,6.9
9020239,INT1003,8.5
9020239,INT1006,4.3
9020239,FLF1105,7.3
9020239,MAT1093,7.2
9020239,MAT1094,7
9020220,INT1003,5.5
9020220,INT1006,6.3
9020220,FLF1105,4.9
9020220,MAT1093,4.85
9020220,MAT1094,4.8
9020249,INT1003,8.3
9020249,INT1006,6.7
9020249,FLF1105,8.3
9020249,MAT1093,7.1
9020249,MAT1094,7.2
9020256,INT1003,6.5
9020256,FLF1105,8
9020256,MAT1093,6.45
9020260,INT1003,7
9020260,INT1006,4.7
9020260,FLF1105,5.8
9020260,MAT1093,5.9
9020260,MAT1094,7.2
9020262,INT1003,7.9
9020262,INT1006,5.4
9020262,FLF1105,8.3
9020262,MAT1093,6.15
9020262,MAT1094,5.4
9020281,INT1003,7.6
9020281,FLF1105,6.2
9020281,MAT1093,5.8
9020281,MAT1094,6.4
9020288,INT1003,7.4
9020288,INT1006,6.5
9020288,FLF1105,6.4
9020288,MAT1093,6.3
9020288,MAT1094,6.2
9020301,INT1003,7.7
9020301,INT1006,8.1
9020301,FLF1105,7.2
9020301,MAT1093,6.25
9020325,INT1003,7.2
9020325,INT1006,4.4
9020325,FLF1105,6.9
9020325,MAT1093,4.25
9020325,MAT1094,5.6
9020331,INT1003,7.6
9020331,FLF1105,6.7
9020331,MAT1093,7.35
9020331,MAT1094,7.4
9020349,INT1003,7.4
9020349,INT1006,6.5
9020349,FLF1105,6.5
9020349,MAT1093,5.65
9020349,MAT1094,4.5
9020359,INT1003,6.8
9020359,FLF1105,7.6
9020359,MAT1093,6
9020379,INT1003,6.2
9020379,INT1006,8.8
9020379,FLF1105,7.7
9020379,MAT1093,6.25
9020379,MAT1094,6.3
9020381,INT1003,7
9020381,FLF1105,7.5
9020381,MAT1093,5.65
9020381,MAT1094,4.8
9020394,INT1003,7.5
9020394,INT1006,2.4
9020394,FLF1105,6.2
9020394,MAT1093,4.8
9020397,INT1003,6.1
9020397,INT1006,2.3
9020397,FLF1105,6
9020397,MAT1093,4.9
9020397,MAT1094,4.6
9020398,INT1003,6.8
9020398,INT1006,7.9
9020398,FLF1105,7.4
9020398,MAT1093,7.75
9020398,MAT1094,5.7
9020402,INT1003,8.1
9020402,INT1006,7.8
9020402,FLF1105,6.9
9020402,MAT1093,6.35
9020402,MAT1094,6
9020424,INT1003,8.5
9020424,INT1006,9
9020424,FLF1105,6.5
9020424,MAT1093,7.6
9020424,MAT1094,8.6
9020435,INT1003,7.5
9020435,INT1006,6.4
9020435,FLF1105,7.5
9020435,MAT1093,9.1
9020435,MAT1094,6
9020450,INT1003,7.4
9020450,INT1006,6.7
9020450,FLF1105,8.9
9020450,MAT1093,2.9
9020450,MAT1094,5.3
9020467,INT1003,6.8
9020467,INT1006,5
9020467,FLF1105,7.8
9020467,MAT1093,6.4
9020467,MAT1094,4.5
9020471,INT1003,7.3
9020471,INT1006,5
9020471,FLF1105,4.9
9020471,MAT1093,5.75
9020471,MAT1094,6.2
9020475,INT1003,7.2
9020475,INT1006,4.1
9020475,FLF1105,7
9020475,MAT1093,5.55
9020475,MAT1094,3.7
9020479,INT1003,8
9020479,INT1006,6.7
9020479,FLF1105,7.1
9020479,MAT1093,8.05
9020496,INT1003,5.7
9020496,INT1006,6.6
9020496,FLF1105,6.3
9020496,FLF1106,6.7
9020496,MAT1093,3.6
9020506,INT1003,5.5
9020506,INT1006,1.3
9020506,FLF1105,4.7
9020506,MAT1093,3.75
9020506,MAT1094,2.7
9020512,INT1003,7.7
9020512,INT1006,6.4
9020512,FLF1105,6.3
9020512,MAT1093,3.9
9020521,INT1003,7.4
9020521,INT1006,6.1
9020521,MAT1093,7.75
9020521,MAT1094,5.9
9020525,INT1003,6.6
9020525,FLF1105,6.6
9020525,MAT1093,9
9020525,MAT1094,7.8
9020536,INT1003,8.8
9020536,INT1006,6.1
9020536,FLF1105,6.9
9020536,MAT1093,5.7
9020536,MAT1094,5.9
9020540,INT1003,9.6
9020540,INT1006,10
9020540,FLF1105,8.3
9020540,MAT1093,9.75
9020540,MAT1094,8.3
9020552,INT1003,6.5
9020552,FLF1105,6.2
9020552,MAT1093,7.45
9020552,MAT1094,5.6
9020569,INT1003,7.1
9020569,FLF1105,6.6
9020569,MAT1093,4.6
9020569,MAT1094,5.9
9020571,INT1003,4.6
9020571,FLF1105,7.2
9020571,MAT1093,5.4
9020579,INT1003,6.1
9020579,INT1006,5.9
9020579,FLF1105,6.7
9020579,MAT1093,6.2
9020579,MAT1094,5.4
9020580,INT1003,7.5
9020580,FLF1105,6.3
9020580,MAT1093,5.65
9020580,MAT1094,5.6
9020594,INT1003,8.2
9020594,INT1006,6.5
9020594,FLF1105,8.1
9020594,MAT1093,5.4
9020594,MAT1094,5.9
9020574,INT1003,7.3
9020574,INT1006,9.1
9020574,MAT1093,4.7
9020574,MAT1094,5.7
9020616,INT1003,4.5
9020616,INT1006,0.6
9020616,FLF1105,5.8
9020616,MAT1093,4.75
9020616,MAT1094,3.6
9020630,INT1003,3.8
9020630,INT1006,1.9
9020630,FLF1105,8.2
9020630,MAT1093,6.55
9020001,INT1003,6.2
9020001,INT1006,6.2
9020001,FLF1105,7
9020001,MAT1093,4.95
9020001,MAT1094,4.9
9020005,INT1003,5.2
9020005,INT1006,8.4
9020005,FLF1105,8.6
9020005,MAT1093,6.95
9020005,MAT1094,5.9
9020012,INT1003,6.3
9020012,INT1006,7.2
9020012,FLF1105,8.4
9020012,MAT1093,7.75
9020012,MAT1094,6.9
9020013,INT1003,8.7
9020013,INT1006,9.9
9020013,FLF1105,8.3
9020013,MAT1093,7.95
9020013,MAT1094,6.5
9020017,INT1003,4.9
9020017,INT1006,8.1
9020017,FLF1105,7.1
9020017,MAT1093,6.25
9020017,MAT1094,5.3
9020022,INT1003,7.1
9020022,INT1006,7.7
9020022,FLF1105,7.8
9020022,MAT1093,7.15
9020022,MAT1094,7.1
9020024,INT1003,6.2
9020024,INT1006,7
9020024,FLF1105,6.5
9020024,MAT1093,6.15
9020028,INT1003,8.1
9020028,INT1006,9.5
9020028,FLF1105,6.9
9020028,MAT1093,8.1
9020028,MAT1094,5.7
9020061,INT1003,4.2
9020061,INT1006,9.2
9020061,FLF1105,7.5
9020061,MAT1093,4.95
9020061,MAT1094,5.4
9020062,INT1003,6.7
9020062,INT1006,9.5
9020062,FLF1105,6.6
9020062,MAT1093,7.65
9020062,MAT1094,6.3
9020064,INT1003,7.2
9020064,INT1006,5.5
9020064,FLF1105,6.1
9020064,MAT1093,6.55
9020064,MAT1094,5
9020065,INT1003,6.7
9020065,FLF1105,8.2
9020065,MAT1093,7.1
9020065,MAT1094,6.1
9020075,INT1003,5.4
9020075,INT1006,7.3
9020075,FLF1105,6.1
9020075,MAT1093,6.3
9020075,MAT1094,8
9020081,INT1006,5.9
9020081,MAT1093,5.7
9020081,MAT1094,6.3
9020099,INT1003,6.8
9020099,INT1006,8.5
9020099,FLF1105,5.6
9020099,MAT1093,6.85
9020099,MAT1094,7.6
9020100,INT1003,5.4
9020100,FLF1105,5.3
9020100,MAT1093,7.2
9020100,MAT1094,5.3
9020103,INT1003,7.8
9020103,INT1006,8.4
9020103,FLF1105,8.6
9020103,MAT1093,7.6
9020103,MAT1094,8.5
9020106,INT1003,7.3
9020106,INT1006,5.3
9020106,FLF1105,8.5
9020106,MAT1093,6.7
9020106,MAT1094,5.7
9020122,INT1003,6.7
9020122,INT1006,9.4
9020122,FLF1105,7.4
9020122,MAT1093,7.9
9020122,MAT1094,7.3
9020140,INT1003,6.8
9020140,INT1006,4.5
9020140,FLF1105,6.6
9020140,MAT1093,4.85
9020140,MAT1094,5.4
9020148,INT1006,7
9020148,FLF1105,7.6
9020148,MAT1093,6.6
9020148,MAT1094,5.7
9020149,INT1003,6.9
9020149,INT1006,5.1
9020149,FLF1105,7.2
9020149,MAT1093,5
9020149,MAT1094,5.2
9020191,INT1003,7.4
9020191,INT1006,7.5
9020191,FLF1105,8
9020191,MAT1093,4.95
9020191,MAT1094,5.5
9020195,INT1003,6.7
9020195,INT1006,7.3
9020195,FLF1105,7.5
9020195,MAT1093,6.5
9020195,MAT1094,5.9
9020199,INT1003,6.7
9020199,INT1006,9
9020199,FLF1105,8.2
9020199,MAT1093,8.15
9020199,MAT1094,5
9020213,INT1006,6.3
9020213,FLF1105,6.2
9020213,MAT1093,6.95
9020213,MAT1094,6
9020215,INT1003,6.1
9020215,INT1006,5.3
9020215,FLF1105,5.2
9020215,MAT1093,3.15
9020215,MAT1094,5
9020227,INT1003,6.4
9020227,INT1006,4.3
9020227,FLF1105,6.4
9020227,MAT1093,5.85
9020227,MAT1094,5.7
9020238,INT1003,4.2
9020238,INT1006,9
9020238,FLF1105,5.9
9020238,MAT1093,4.6
9020238,MAT1094,3.9
9020263,INT1003,7.8
9020263,INT1006,9.7
9020263,FLF1105,8.8
9020263,MAT1093,5.1
9020263,MAT1094,6.2
9020269,INT1003,6.8
9020269,INT1006,9.9
9020269,FLF1105,7.6
9020269,MAT1093,7.75
9020269,MAT1094,7.6
9020272,INT1003,7.1
9020272,FLF1105,7.7
9020272,MAT1093,6.95
9020272,MAT1094,7.7
9020278,INT1003,7.9
9020278,INT1006,6.6
9020278,FLF1105,7.1
9020278,MAT1093,8.55
9020278,MAT1094,7
9020298,INT1003,6.1
9020298,INT1006,7.4
9020298,FLF1105,7.7
9020298,MAT1093,4.95
9020298,MAT1094,5.6
9020312,INT1003,6.4
9020312,INT1006,6
9020312,FLF1105,7.9
9020312,MAT1093,7.55
9020312,MAT1094,7.5
9020319,INT1003,6.8
9020319,INT1006,9.8
9020319,FLF1105,7.9
9020319,MAT1093,7.15
9020319,MAT1094,6.3
9020320,INT1003,7.2
9020320,INT1006,7.3
9020320,FLF1105,7.5
9020320,MAT1093,7
9020320,MAT1094,6.4
9020324,INT1003,7
9020324,INT1006,8
9020324,FLF1105,6.7
9020324,MAT1093,7.15
9020324,MAT1094,4.6
9020328,INT1003,6.2
9020328,INT1006,8.8
9020328,MAT1093,4.75
9020328,MAT1094,6.4
9020330,INT1003,7.6
9020330,INT1006,7.3
9020330,FLF1105,5.7
9020330,MAT1093,5.35
9020330,MAT1094,6
9020334,INT1003,6.1
9020334,INT1006,9.1
9020334,FLF1105,7.6
9020334,MAT1093,8.15
9020334,MAT1094,8
9020335,INT1003,5.5
9020335,INT1006,5.1
9020335,FLF1105,5.9
9020335,MAT1093,5
9020341,INT1003,7.2
9020341,INT1006,9
9020341,FLF1105,8.1
9020341,MAT1093,6.75
9020341,MAT1094,7.7
9020345,INT1003,7.6
9020345,INT1006,8.2
9020345,FLF1105,8.3
9020345,MAT1093,6.6
9020345,MAT1094,5.6
9020354,INT1003,8.1
9020354,INT1006,9
9020354,FLF1105,8.7
9020354,MAT1093,6.9
9020356,INT1003,8.9
9020356,INT1006,9.7
9020356,FLF1105,8.1
9020356,MAT1093,8.15
9020356,MAT1094,6.1
9020361,INT1003,8.3
9020361,INT1006,9.6
9020361,FLF1105,7
9020361,MAT1093,9.15
9020361,MAT1094,6.7
9020368,INT1003,7
9020368,INT1006,9.4
9020368,FLF1105,9
9020368,MAT1093,7.9
9020368,MAT1094,6.8
9020371,INT1003,7.2
9020371,INT1006,8.5
9020371,FLF1105,8
9020371,MAT1093,7.35
9020371,MAT1094,5.3
9020396,INT1003,7.1
9020396,INT1006,7.6
9020396,FLF1105,8.1
9020396,MAT1093,5.8
9020396,MAT1094,5.5
9020408,INT1003,6.6
9020408,INT1006,9
9020408,FLF1105,6
9020408,MAT1093,5.75
9020463,INT1003,6.7
9020463,INT1006,10
9020463,FLF1105,6
9020463,MAT1093,7.5
9020463,MAT1094,6.2
9020464,INT1003,4.6
9020464,INT1006,8
9020464,FLF1105,7.3
9020464,MAT1093,2.3
9020456,INT1003,6.3
9020456,INT1006,8.8
9020456,FLF1105,6.7
9020456,MAT1093,6.1
9020466,INT1003,6.7
9020466,INT1006,8
9020466,FLF1105,8.3
9020466,MAT1093,8.15
9020466,MAT1094,5.8
9020468,INT1003,7.1
9020468,INT1006,8.4
9020468,FLF1105,8.3
9020468,MAT1093,5.9
9020469,INT1003,7.4
9020469,INT1006,8
9020469,MAT1093,6.55
9020469,MAT1094,5.7
9020476,INT1003,6.4
9020476,INT1006,6.7
9020476,FLF1105,7
9020476,MAT1093,6.75
9020476,MAT1094,6.4
9020490,FLF1105,5.6
9020490,MAT1093,4.7
9020490,MAT1094,5.4
9020511,INT1003,6.8
9020511,INT1006,9.2
9020511,FLF1105,6.5
9020511,MAT1093,7.3
9020511,MAT1094,9.1
9020516,INT1003,5.7
9020516,INT1006,3.5
9020516,FLF1105,6.1
9020516,MAT1093,3.05
9020516,MAT1094,5.6
9020532,INT1003,6.8
9020532,INT1006,8.3
9020532,FLF1105,8.2
9020532,MAT1093,5.9
9020532,MAT1094,7.6
9020533,INT1003,6.7
9020533,INT1006,4.8
9020533,FLF1105,7.3
9020533,MAT1093,8
9020533,MAT1094,7.4
9020539,INT1003,5.9
9020539,INT1006,7.3
9020539,FLF1105,5.2
9020539,MAT1093,5.6
9020544,INT1003,5.9
9020544,INT1006,7.6
9020544,FLF1105,5.7
9020544,MAT1093,6.9
9020544,MAT1094,5
9020581,INT1003,6.3
9020581,INT1006,8.8
9020581,FLF1105,6.8
9020581,MAT1093,6.15
9020581,MAT1094,6.3
9020584,INT1003,6.9
9020584,INT1006,5.6
9020584,FLF1105,6.8
9020584,MAT1093,5.95
9020573,INT1003,7.1
9020573,INT1006,9.5
9020573,FLF1105,6.6
9020573,MAT1093,7.2
9020573,MAT1094,6.4
9020576,INT1003,9.2
9020576,INT1006,9.6
9020576,FLF1105,7.2
9020576,MAT1093,9.65
9020576,MAT1094,5.4
9020619,INT1003,7.3
9020619,INT1006,8
9020619,FLF1105,4.9
9020619,MAT1093,6.4
9020619,MAT1094,6.4
9020620,INT1003,6.1
9020620,INT1006,2
9020620,FLF1105,3.5
9020620,MAT1093,4.45
9020620,MAT1094,2.6
8020008,INT1003,8.1
8020008,FLF1105,6.7
8020008,MAT1093,6.15
8020008,MAT1094,7.7
8020009,INT1003,7.4
8020009,FLF1105,4.2
8020009,MAT1093,5.45
8020009,MAT1094,7.4
8020014,INT1003,8.5
8020014,FLF1105,5.3
8020014,MAT1093,6.6
8020014,MAT1094,7.7
8020018,INT1003,7
8020018,FLF1105,5.9
8020018,MAT1093,5.15
8020018,MAT1094,5.4
8020486,INT1003,8.4
8020486,FLF1105,7.7
8020486,MAT1093,6.35
8020486,MAT1094,5.3
8020022,INT1003,6.7
8020022,FLF1105,5.8
8020022,MAT1093,6.65
8020022,MAT1094,7.4
8020025,INT1003,7.4
8020025,FLF1105,6
8020025,MAT1093,6.15
8020025,MAT1094,7.8
8020035,INT1003,5
8020035,FLF1105,5.3
8020035,MAT1093,8.1
8020035,MAT1094,7.8
8020037,INT1003,7.4
8020037,FLF1105,6.6
8020037,MAT1093,7
8020037,MAT1094,9.3
8020039,INT1003,9.1
8020039,FLF1105,6.5
8020039,MAT1093,7.15
8020039,MAT1094,7.4
8020042,INT1003,6
8020042,FLF1105,6
8020042,MAT1093,7
8020042,MAT1094,8.7
8020044,INT1003,8.2
8020044,FLF1105,6.8
8020044,MAT1093,6.05
8020044,MAT1094,6.4
8020052,INT1003,8.4
8020052,FLF1105,7.5
8020052,MAT1093,7
8020052,MAT1094,7.5
8020053,INT1003,6.6
8020053,MAT1093,6.6
8020061,INT1003,7.4
8020061,FLF1105,6
8020061,MAT1093,7.3
8020061,MAT1094,9
8020063,INT1003,8.1
8020063,FLF1105,6.5
8020063,MAT1093,7.65
8020063,MAT1094,8.5
8020071,INT1003,7.2
8020071,MAT1093,6.5
8020071,MAT1094,9
8020078,INT1003,6.9
8020078,FLF1105,5.3
8020078,MAT1093,5.5
8020078,MAT1094,5.2
8020080,INT1003,8.7
8020080,FLF1105,6.6
8020080,MAT1093,5.9
8020080,MAT1094,9.7
8020088,INT1003,8
8020088,FLF1105,6
8020088,MAT1093,4.6
8020088,MAT1094,5.8
8020089,INT1003,7.1
8020089,FLF1105,5.6
8020089,MAT1093,6.8
8020089,MAT1094,9.4
8020072,INT1003,7.2
8020072,MAT1093,5.3
8020072,MAT1094,9.7
8020094,INT1003,6.7
8020094,FLF1105,6
8020094,MAT1093,5.1
8020094,MAT1094,6.8
8020105,INT1003,7.9
8020105,FLF1105,4.9
8020105,MAT1093,6.55
8020105,MAT1094,8.4
8020111,INT1003,7.1
8020111,FLF1105,6
8020111,MAT1093,7.8
8020111,MAT1094,7.8
8020119,INT1003,8.7
8020119,FLF1105,6
8020119,MAT1093,9
8020119,MAT1094,8.6
8020143,INT1003,7.5
8020143,FLF1105,4.7
8020143,MAT1093,5.65
8020143,MAT1094,7.4
8020134,INT1003,6.9
8020134,FLF1105,7
8020134,MAT1093,7.65
8020134,MAT1094,7.6
8020135,INT1003,7.6
8020135,FLF1105,5.5
8020135,MAT1093,6.6
8020135,MAT1094,7.3
8020138,INT1003,6.8
8020138,FLF1105,5.1
8020138,MAT1093,5.15
8020138,MAT1094,7.1
8020141,INT1003,7.5
8020141,FLF1105,6.4
8020141,MAT1093,5.15
8020148,INT1003,7.3
8020148,FLF1105,4.9
8020148,MAT1093,6.3
8020148,MAT1094,7.9
8020153,INT1003,8.6
8020153,FLF1105,5.2
8020153,MAT1093,6.35
8020153,MAT1094,7.2
8020155,INT1003,5.8
8020155,FLF1105,5.8
8020155,MAT1093,5.5
8020155,MAT1094,6.1
8020154,INT1003,8.8
8020154,MAT1093,4.7
8020154,MAT1094,7
8020158,INT1003,7.2
8020158,FLF1105,5.7
8020158,MAT1093,6.85
8020158,MAT1094,5.6
8020166,INT1003,8.7
8020166,FLF1105,6.1
8020166,MAT1093,7.4
8020166,MAT1094,7.1
8020172,INT1003,6.8
8020172,FLF1105,5.4
8020172,MAT1093,6.8
8020172,MAT1094,5.5
8020181,INT1003,7
8020181,FLF1105,5.5
8020181,MAT1093,5.65
8020181,MAT1094,7
8020176,INT1003,5
8020176,FLF1105,5.3
8020176,MAT1093,7
8020176,MAT1094,6.6
8020180,INT1003,8.5
8020180,FLF1105,5.2
8020180,MAT1093,6.9
8020180,MAT1094,8
8020190,INT1003,7.7
8020190,FLF1105,7.8
8020190,MAT1093,6.3
8020190,MAT1094,7.1
8020194,INT1003,9.2
8020194,FLF1105,6.7
8020194,MAT1093,8.5
8020194,MAT1094,7.7
8020196,INT1003,6.5
8020196,FLF1105,6.9
8020196,MAT1093,6.55
8020196,MAT1094,6.4
8020201,INT1003,8.2
8020201,FLF1105,5.5
8020201,MAT1093,4.65
8020201,MAT1094,6.4
8020205,INT1003,6.8
8020205,MAT1093,5.6
8020205,MAT1094,7.5
8020209,INT1003,7.9
8020209,FLF1105,5.6
8020209,MAT1093,7.3
8020209,MAT1094,5.7
8020220,INT1003,7.2
8020220,FLF1105,5.8
8020220,MAT1093,5.7
8020220,MAT1094,6
8020225,INT1003,8.7
8020225,FLF1105,6
8020225,MAT1093,7.25
8020225,MAT1094,7.4
8020231,INT1003,8.9
8020231,FLF1105,6.5
8020231,MAT1093,5.95
8020231,MAT1094,5.9
8020237,INT1003,8.5
8020237,FLF1105,6.8
8020237,MAT1093,5.55
8020237,MAT1094,7
8020242,INT1003,7.9
8020242,FLF1105,5.5
8020242,MAT1093,5.8
8020242,MAT1094,7.4
8020243,INT1003,7.7
8020243,FLF1105,6.7
8020243,MAT1093,4.55
8020243,MAT1094,7.2
8020247,INT1003,7
8020247,FLF1105,5.7
8020247,MAT1093,4.15
8020247,MAT1094,5.7
8020254,INT1003,8.9
8020254,FLF1105,6.1
8020254,MAT1093,8.35
8020254,MAT1094,6.9
8020259,INT1003,8.4
8020259,FLF1105,6.2
8020259,MAT1093,6.1
8020259,MAT1094,6.2
8020276,INT1003,6.2
8020276,FLF1105,5.5
8020276,MAT1093,4.85
8020276,MAT1094,7.8
8020277,INT1003,9.5
8020277,FLF1105,7
8020277,MAT1093,8.65
8020277,MAT1094,8.8
8020281,INT1003,7.1
8020281,FLF1105,5.2
8020281,MAT1093,4.85
8020281,MAT1094,6
8020284,INT1003,7.8
8020284,FLF1105,7.1
8020284,MAT1093,6.15
8020284,MAT1094,7.2
8020550,INT1003,10
8020550,FLF1105,9
8020550,MAT1093,8
8020550,MAT1094,9
8020292,INT1003,5.1
8020292,FLF1105,6.2
8020292,MAT1093,6.65
8020292,MAT1094,7.1
8020302,INT1003,8.4
8020302,FLF1105,4.7
8020302,MAT1093,6.4
8020302,MAT1094,5.6
8020299,INT1003,9.2
8020299,FLF1105,8.4
8020299,MAT1093,6
8020299,MAT1094,8.6
8020308,INT1003,7.7
8020308,FLF1105,6.8
8020308,MAT1093,5.95
8020308,MAT1094,5.2
8020310,INT1003,7.9
8020310,FLF1105,6.7
8020310,MAT1093,7.2
8020310,MAT1094,9
8020315,INT1003,9.1
8020315,FLF1105,7
8020315,MAT1093,7.15
8020315,MAT1094,5.2
8020316,INT1003,7.8
8020316,FLF1105,7.5
8020316,MAT1093,5.25
8020316,MAT1094,5.7
8020323,INT1003,8.3
8020323,FLF1105,5.6
8020323,MAT1093,5
8020323,MAT1094,8.6
8020338,INT1003,7.4
8020338,FLF1105,6.3
8020338,MAT1093,7.8
8020338,MAT1094,8.1
8020350,INT1003,7.7
8020350,FLF1105,5.6
8020350,MAT1093,7.1
8020350,MAT1094,8.7
8020352,INT1003,7
8020352,FLF1105,7.3
8020352,MAT1093,6.15
8020352,MAT1094,5.8
8020370,INT1003,7.7
8020370,FLF1105,6.2
8020370,MAT1093,5.8
8020370,MAT1094,8.5
8020376,INT1003,7.9
8020376,FLF1105,5.9
8020376,MAT1093,6.05
8020381,INT1003,8
8020381,FLF1105,6.6
8020381,MAT1093,6.25
8020381,MAT1094,8.6
8020389,INT1003,6.5
8020389,MAT1093,5.45
8020389,MAT1094,6.4
8020393,INT1003,6.8
8020393,FLF1105,5.1
8020393,MAT1093,5.4
8020393,MAT1094,8.3
8020394,INT1003,7.5
8020394,FLF1105,6.1
8020394,MAT1093,5.9
8020394,MAT1094,6.6
8020403,INT1003,7.1
8020403,FLF1105,4.5
8020403,MAT1093,5
8020403,MAT1094,6.5
8020405,INT1003,7.6
8020405,FLF1105,7.5
8020405,MAT1093,6.35
8020405,MAT1094,8.2
8020410,INT1003,8.2
8020410,FLF1105,6
8020410,MAT1093,7.1
8020410,MAT1094,7.8
8020415,INT1003,8.2
8020415,FLF1105,6
8020415,MAT1093,4.7
8020415,MAT1094,6.8
8020426,INT1003,7.7
8020426,FLF1105,6.8
8020426,MAT1093,6.85
8020426,MAT1094,7.3
8020428,INT1003,8.6
8020428,FLF1105,6.3
8020428,MAT1093,6
8020428,MAT1094,7.2
8020464,INT1003,7.1
8020464,FLF1105,5.5
8020464,MAT1093,7.1
8020464,MAT1094,8.3
8020452,INT1003,8.5
8020452,MAT1093,6.9
8020450,INT1003,8
8020450,FLF1105,6.5
8020450,MAT1093,5.65
8020450,MAT1094,6.1
8020458,INT1003,7.6
8020458,FLF1105,5.8
8020458,MAT1093,5.3
8020458,MAT1094,7.2
8020441,INT1003,7.6
8020441,FLF1105,5.8
8020441,MAT1093,5.75
8020441,MAT1094,8
8020466,INT1003,7.9
8020466,FLF1105,6.7
8020466,MAT1093,7.35
8020466,MAT1094,8.1
8020468,INT1003,8.1
8020468,FLF1105,7.4
8020468,MAT1093,6.75
8020468,MAT1094,6.4
8020476,INT1003,8.4
8020476,FLF1105,7.5
8020476,MAT1093,7.45
8020476,MAT1094,9.1
8020478,INT1003,8.4
8020478,FLF1105,6.3
8020478,MAT1093,5.2
8020478,MAT1094,5
8020480,INT1003,8
8020480,FLF1105,6.7
8020480,MAT1093,5.65
8020480,MAT1094,7.5
8020001,INT1003,6.8
8020001,FLF1105,4.3
8020001,MAT1093,6.65
8020003,INT1003,7.3
8020003,FLF1105,4.4
8020003,MAT1093,4.7
8020003,MAT1094,6.6
8020024,INT1003,7.5
8020024,FLF1105,5.9
8020024,MAT1093,6.75
8020024,MAT1094,7.5
8020050,INT1003,6.6
8020050,FLF1105,6.5
8020050,MAT1093,5.6
8020050,MAT1094,7.7
8020056,INT1003,8.8
8020056,FLF1105,6.6
8020056,MAT1093,7.95
8020056,MAT1094,5.6
8020060,INT1003,9.4
8020060,FLF1105,5.5
8020060,MAT1093,5.4
8020060,MAT1094,5
8020062,INT1003,8.3
8020062,FLF1105,6.4
8020062,MAT1093,7.65
8020062,MAT1094,5.5
8020066,INT1003,8
8020066,FLF1105,7.3
8020066,MAT1093,6.95
8020066,MAT1094,7
8020068,INT1003,8
8020068,FLF1105,5.3
8020068,MAT1093,9.55
8020068,MAT1094,8.3
8020081,INT1003,7.6
8020081,FLF1105,5.6
8020081,MAT1093,5.95
8020081,MAT1094,6.7
8020083,INT1003,6.3
8020083,FLF1105,7.9
8020083,MAT1093,4.7
8020083,MAT1094,5.2
8020084,INT1003,7.6
8020084,FLF1105,6.4
8020084,MAT1093,5.1
8020084,MAT1094,5.1
8020099,INT1003,6.6
8020099,FLF1105,5.4
8020099,MAT1093,5.35
8020107,INT1003,7.9
8020107,FLF1105,5.9
8020107,MAT1093,5.55
8020107,MAT1094,7.4
8020108,INT1003,7.2
8020108,FLF1105,6.1
8020108,MAT1093,5.7
8020108,MAT1094,5.3
8020122,INT1003,8.5
8020122,FLF1105,7.1
8020122,MAT1093,6.8
8020122,MAT1094,6.7
8020121,INT1003,8.5
8020121,FLF1105,6.2
8020121,MAT1093,8.3
8020121,MAT1094,6.4
8020124,INT1003,7.7
8020124,MAT1093,7.05
8020137,INT1003,7.3
8020137,MAT1093,4.9
8020137,MAT1094,5.5
8020142,INT1003,7.8
8020142,FLF1105,6
8020142,FLF1106,7.2
8020142,MAT1093,6.25
8020145,INT1003,5.5
8020145,FLF1105,7
8020145,MAT1093,6.85
8020145,MAT1094,5.9
8020149,INT1003,7.4
8020149,FLF1105,6.1
8020149,MAT1093,6.2
8020170,INT1003,6.9
8020170,FLF1105,4.9
8020170,MAT1093,5.95
8020171,INT1003,8.8
8020171,FLF1105,6.2
8020171,MAT1093,5.7
8020171,MAT1094,5.5
8020203,INT1003,7.3
8020203,FLF1105,7.5
8020203,MAT1093,7
8020212,INT1003,7.4
8020212,FLF1105,5.3
8020212,MAT1093,5.25
8020212,MAT1094,5.9
8020222,INT1003,8.2
8020222,FLF1105,7.3
8020222,MAT1093,6
8020222,MAT1094,6.9
8020228,INT1003,8.1
8020228,FLF1105,6.4
8020228,MAT1093,4.8
8020228,MAT1094,7.5
8020229,INT1003,8
8020229,FLF1105,5.9
8020229,MAT1093,7.1
8020229,MAT1094,9.2
8020232,INT1003,8.2
8020232,MAT1093,6.15
8020232,MAT1094,5.5
8020239,INT1003,7.9
8020239,MAT1093,6.15
8020241,INT1003,9.6
8020241,FLF1105,5
8020241,MAT1093,6.5
8020241,MAT1094,7.1
8020488,INT1003,6.7
8020488,MAT1093,6.25
8020488,MAT1094,5.5
8020251,INT1003,8.5
8020251,FLF1105,5.6
8020251,MAT1093,6.95
8020251,MAT1094,6.1
8020269,INT1003,8
8020269,FLF1105,7.8
8020269,MAT1093,7.7
8020269,MAT1094,6.2
8020272,INT1003,8.1
8020272,FLF1105,4.7
8020272,MAT1093,6.95
8020272,MAT1094,6.3
8020287,INT1003,7.2
8020287,FLF1105,6.2
8020287,MAT1093,7.4
8020296,INT1003,6.6
8020296,FLF1105,6.3
8020296,MAT1093,7.95
8020296,MAT1094,6.9
8020298,INT1003,8.4
8020298,FLF1105,6.2
8020298,MAT1093,7.75
8020300,INT1003,8.2
8020300,FLF1105,5.7
8020300,MAT1093,6
8020300,MAT1094,6.9
8020322,INT1003,5.9
8020322,FLF1105,6.8
8020322,FLF1106,6.8
8020322,MAT1093,6.4
8020317,INT1003,7
8020317,FLF1105,7.4
8020317,MAT1093,6.2
8020317,MAT1094,7.2
8020329,INT1003,9.3
8020329,FLF1105,9.1
8020329,MAT1093,6.25
8020329,MAT1094,4.5
8020332,INT1003,8.6
8020332,FLF1105,8.4
8020332,MAT1093,5.35
8020332,MAT1094,5.1
8020347,INT1003,9
8020347,FLF1105,6.2
8020347,MAT1093,6.3
8020347,MAT1094,7.8
8020349,INT1003,7.7
8020349,FLF1105,6.1
8020349,MAT1093,7.6
8020349,MAT1094,7.9
8020351,INT1003,7.4
8020351,FLF1105,6.9
8020351,MAT1093,5.05
8020351,MAT1094,5.9
8020378,INT1003,7.6
8020378,FLF1105,4.7
8020378,MAT1093,5.35
8020378,MAT1094,5.1
8020380,INT1003,6.1
8020380,FLF1105,6.6
8020380,MAT1093,9.15
8020380,MAT1094,6.1
8020383,INT1003,6.7
8020383,FLF1105,5.7
8020383,MAT1093,8.05
8020383,MAT1094,6.1
8020385,INT1003,7.7
8020385,FLF1105,7.4
8020385,MAT1093,5.55
8020385,MAT1094,5.9
8020388,INT1003,7.8
8020388,FLF1105,6.4
8020388,MAT1093,5.65
8020388,MAT1094,4.5
8020395,INT1003,7.1
8020395,FLF1105,6.5
8020395,MAT1093,7.7
8020395,MAT1094,8
8020401,INT1003,7.8
8020401,FLF1105,5.9
8020401,MAT1093,6.35
8020401,MAT1094,7.2
8020407,INT1003,8.3
8020407,FLF1105,7.8
8020407,FLF1106,9
8020407,MAT1093,1.55
8020422,INT1003,6.4
8020422,FLF1105,5.6
8020422,MAT1093,6.65
8020422,MAT1094,7.6
8020423,INT1003,8
8020423,FLF1105,5.3
8020423,MAT1093,5.85
8020423,MAT1094,6.4
8020429,INT1003,6.9
8020429,FLF1105,5
8020429,MAT1093,5.55
8020429,MAT1094,2.9
8020462,INT1003,8.5
8020462,FLF1105,6
8020462,MAT1093,7.05
8020462,MAT1094,6.6
8020432,INT1003,8
8020432,MAT1093,9
8020432,MAT1094,9.3
8020447,INT1003,7.7
8020447,MAT1093,7.25
8020447,MAT1094,7.7
8020448,INT1003,6.9
8020448,FLF1105,6.2
8020448,MAT1093,7.4
8020448,MAT1094,6.7
8020438,INT1003,7
8020438,FLF1105,5.8
8020438,MAT1093,7.9
8020438,MAT1094,7.4
8020469,INT1003,9.3
8020469,FLF1105,5.1
8020469,MAT1093,6.35
8020469,MAT1094,8.6
7020014,INT1003,6.1
7020014,FLF1105,6.4
7020014,MAT1093,7.15
7020014,MAT1094,4.4
7020027,INT1003,8.7
7020027,FLF1105,7.7
7020027,MAT1093,7.05
7020027,MAT1094,5
7020035,INT1003,7.4
7020035,FLF1105,5.8
7020035,MAT1093,8.5
7020035,MAT1094,7.2
7020039,INT1003,6.2
7020039,FLF1105,5.3
7020039,MAT1093,5
7020039,MAT1094,4.1
7020045,INT1003,9.1
7020045,FLF1105,6.8
7020045,MAT1093,4.6
7020045,MAT1094,5.4
7020061,INT1003,5.5
7020061,FLF1105,4.9
7020061,MAT1093,6.8
7020061,MAT1094,5.8
7020065,INT1003,6.2
7020065,FLF1105,6.9
7020065,MAT1093,7.25
7020065,MAT1094,5
7020074,INT1003,6.6
7020074,FLF1105,5.3
7020074,MAT1093,7.5
7020074,MAT1094,4.3
7020067,INT1003,7
7020067,FLF1105,7.5
7020067,MAT1093,6.65
7020067,MAT1094,5.4
7020068,INT1003,5.8
7020068,FLF1105,7.9
7020068,MAT1093,5.8
7020068,MAT1094,4.2
7020083,INT1003,9.6
7020083,FLF1105,6.2
7020083,MAT1093,6.55
7020083,MAT1094,6.9
7020082,INT1003,6.5
7020082,FLF1105,6.5
7020082,MAT1093,6.65
7020082,MAT1094,5.1
7020097,INT1003,4.4
7020097,FLF1105,4.9
7020097,MAT1093,5.85
7020095,INT1003,7.4
7020095,FLF1105,6.7
7020095,MAT1093,6
7020095,MAT1094,6.8
7020098,INT1003,6.7
7020098,FLF1105,7.6
7020098,MAT1093,6.65
7020098,MAT1094,6.2
7020103,INT1003,8.4
7020103,FLF1105,6.5
7020103,MAT1093,8.45
7020103,MAT1094,5.3
7020106,INT1003,6.3
7020106,FLF1105,5.7
7020106,MAT1093,5.8
7020106,MAT1094,5.6
7020120,INT1003,8.1
7020120,FLF1105,7.9
7020120,MAT1093,7.35
7020120,MAT1094,5.3
7020125,INT1003,6.3
7020125,FLF1105,6.2
7020125,MAT1093,5.3
7020125,MAT1094,5.9
7020126,INT1003,7.3
7020126,MAT1093,5.8
7020126,MAT1094,7
7020130,INT1003,7.4
7020130,FLF1105,7.5
7020130,MAT1093,6.3
7020130,MAT1094,6.6
7020143,INT1003,8.9
7020143,FLF1105,5.7
7020143,MAT1093,5.7
7020143,MAT1094,5.5
7020174,INT1003,7.3
7020174,FLF1105,6.9
7020174,MAT1093,5.95
7020174,MAT1094,5.7
7020160,INT1003,5.8
7020160,FLF1105,6.3
7020160,MAT1093,5.65
7020183,INT1003,7.5
7020183,FLF1105,6.7
7020183,MAT1093,5.7
7020183,MAT1094,6
7020204,INT1003,4.2
7020204,FLF1105,6.4
7020204,MAT1093,6.95
7020204,MAT1094,4.4
7020207,INT1003,4.7
7020207,FLF1105,7.4
7020207,MAT1093,5.6
7020208,INT1003,8
7020208,FLF1105,6.6
7020208,MAT1093,5.7
7020208,MAT1094,5.2
7020224,INT1003,8.1
7020224,FLF1105,6.9
7020224,MAT1093,6.5
7020224,MAT1094,5.5
7020230,INT1003,5.1
7020230,FLF1105,7
7020230,MAT1093,4.9
7020230,MAT1094,6.2
7020252,INT1003,7.9
7020252,FLF1105,5.7
7020252,MAT1093,6.65
7020252,MAT1094,4.4
7020254,INT1003,7.9
7020254,FLF1105,5
7020254,MAT1093,5.35
7020254,MAT1094,4.6
7020260,INT1003,8.4
7020260,FLF1105,6.5
7020260,MAT1093,7.7
7020260,MAT1094,4.7
7020268,INT1003,8.3
7020268,FLF1105,8.3
7020268,MAT1093,7.2
7020268,MAT1094,4.2
7020282,INT1003,9.6
7020282,FLF1105,8.5
7020282,MAT1093,5.75
7020282,MAT1094,4.1
7020288,INT1003,7.8
7020288,FLF1105,6.5
7020288,MAT1093,6.65
7020288,MAT1094,6.7
7020292,INT1003,6.3
7020292,FLF1105,5.9
7020292,MAT1093,7.6
7020292,MAT1094,6.5
7020297,INT1003,7.2
7020297,FLF1105,7.5
7020297,MAT1093,6.8
7020297,MAT1094,5.2
7020299,INT1003,8.4
7020299,FLF1105,6.6
7020299,MAT1093,7.45
7020299,MAT1094,6.5
7020314,INT1003,5.7
7020314,FLF1105,7.7
7020314,MAT1093,5.6
7020319,INT1003,8.7
7020319,FLF1105,7
7020319,MAT1093,6.1
7020319,MAT1094,5.4
7020333,INT1003,6
7020333,FLF1105,4.3
7020333,MAT1093,8.1
7020333,MAT1094,5.1
7020343,INT1003,9.7
7020343,FLF1105,7
7020343,MAT1093,7
7020343,MAT1094,5.8
7020357,INT1003,5.9
7020357,FLF1105,7.7
7020357,MAT1093,7.8
7020357,MAT1094,6.1
7020360,INT1003,9
7020360,FLF1105,8.1
7020360,MAT1093,5.75
7020360,MAT1094,6.8
7020377,INT1003,5.4
7020377,FLF1105,6.1
7020377,MAT1093,5.6
7020377,MAT1094,5
7020396,INT1003,9.2
7020396,FLF1105,7.2
7020396,MAT1093,7.2
7020396,MAT1094,6.1
7020405,INT1003,9.2
7020405,FLF1105,7.6
7020405,MAT1093,5.3
7020405,MAT1094,4.6
7020414,INT1003,8.3
7020414,FLF1105,5
7020414,MAT1093,4.75
7020414,MAT1094,5.4
7020431,INT1003,8.3
7020431,FLF1105,6.9
7020431,MAT1093,6.05
7020431,MAT1094,4.8
7020441,INT1003,6.4
7020441,FLF1105,7.6
7020441,MAT1093,4.2
7020441,MAT1094,4.1
7020447,INT1003,7.4
7020447,FLF1105,6.4
7020447,MAT1093,6.15
7020447,MAT1094,4.6
7020457,INT1003,8
7020457,FLF1105,7.1
7020457,MAT1093,6.85
7020457,MAT1094,4.5
7020482,INT1003,9.7
7020482,FLF1105,9.3
7020482,MAT1093,6.8
7020482,MAT1094,7.1
7020484,INT1003,9.6
7020484,FLF1105,6.9
7020484,MAT1093,7.35
7020484,MAT1094,5.6
7020006,INT1003,8.9
7020006,FLF1105,8.7
7020006,MAT1093,7.05
7020006,MAT1094,4.6
7020009,INT1003,7.6
7020009,FLF1105,6.8
7020009,MAT1093,6.15
7020009,MAT1094,5.6
7020502,INT1003,5.3
7020502,FLF1105,5.6
7020502,MAT1093,4.1
7020502,MAT1094,4.4
7020019,INT1003,6.5
7020019,FLF1105,6
7020019,MAT1093,7.1
7020019,MAT1094,4.9
7020036,INT1003,3.6
7020036,FLF1105,5.3
7020036,MAT1093,5.95
7020036,MAT1094,5.7
7020547,INT1003,7.4
7020547,FLF1105,6.8
7020547,MAT1093,8.25
7020547,MAT1094,6.5
7020042,INT1003,7.9
7020042,FLF1105,8.1
7020042,MAT1093,6
7020042,MAT1094,4.6
7020043,INT1003,7.2
7020043,FLF1105,8.5
7020043,MAT1093,6.25
7020043,MAT1094,5.1
7020574,INT1003,8
7020574,FLF1105,7.3
7020574,MAT1093,5.4
7020574,MAT1094,5
7020052,INT1003,8.3
7020052,FLF1105,8.5
7020052,MAT1093,7.85
7020052,MAT1094,5.1
7020054,INT1003,7.8
7020054,FLF1105,8.2
7020054,MAT1093,6.05
7020054,MAT1094,4
7020076,INT1003,9
7020076,FLF1105,8
7020076,MAT1093,5.65
7020076,MAT1094,5.3
7020085,INT1003,7.3
7020085,FLF1105,8.7
7020085,MAT1093,6.3
7020085,MAT1094,4.4
7020499,INT1003,6.4
7020499,FLF1105,6.3
7020499,MAT1093,5.95
7020499,MAT1094,5.4
7020115,INT1003,9.1
7020115,FLF1105,7.2
7020115,MAT1093,6.75
7020115,MAT1094,7.7
7020119,INT1003,8.3
7020119,FLF1105,7.4
7020119,MAT1093,6.8
7020119,MAT1094,6.1
7020121,INT1003,7.9
7020121,FLF1105,7.6
7020121,MAT1093,5.2
7020121,MAT1094,4.5
7020118,INT1003,8.1
7020118,FLF1105,6.5
7020118,MAT1093,6.85
7020118,MAT1094,4.8
7020512,INT1003,5.8
7020512,FLF1105,7.6
7020512,MAT1093,6.1
7020512,MAT1094,7.5
7020515,INT1003,7.1
7020515,FLF1105,7.6
7020515,MAT1093,6.3
7020515,MAT1094,6.2
7020134,INT1003,6
7020134,FLF1105,7.7
7020134,MAT1093,5.8
7020134,MAT1094,4
7020542,FLF1105,6.4
7020542,MAT1093,7.45
7020542,MAT1094,7.4
7020172,INT1003,6.9
7020172,FLF1105,5.9
7020172,MAT1093,7.2
7020172,MAT1094,6.4
7020507,INT1003,4.2
7020507,FLF1105,7
7020507,MAT1093,5.7
7020507,MAT1094,6.7
7020185,INT1003,7
7020185,FLF1105,7.5
7020185,MAT1093,5.05
7020185,MAT1094,4.5
7020504,INT1003,5.9
7020504,FLF1105,6.3
7020504,MAT1093,5.65
7020225,INT1003,9.5
7020225,FLF1105,6.9
7020225,MAT1093,7.6
7020225,MAT1094,5.1
7020532,INT1003,6.3
7020532,FLF1105,8.1
7020532,MAT1093,8.45
7020532,MAT1094,8.1
7020229,INT1003,6.3
7020229,FLF1105,7.3
7020229,MAT1093,7.45
7020229,MAT1094,6.9
7020540,INT1003,7.8
7020540,FLF1105,5.5
7020540,MAT1093,6.15
7020540,MAT1094,7.3
7020537,INT1003,6.7
7020537,FLF1105,6.4
7020537,MAT1093,6.9
7020537,MAT1094,4.4
7020274,INT1003,6.9
7020274,FLF1105,7.1
7020274,MAT1093,7.4
7020274,MAT1094,6.8
7020513,INT1003,6.7
7020513,FLF1105,7.6
7020513,MAT1093,7.1
7020513,MAT1094,6.9
7020287,INT1003,9.9
7020287,FLF1105,7.7
7020287,MAT1093,6.15
7020287,MAT1094,7.1
7020294,INT1003,8
7020294,FLF1105,7.4
7020294,MAT1093,7.6
7020294,MAT1094,6.8
7020548,INT1003,5.3
7020548,FLF1105,7.1
7020548,MAT1093,4.35
7020548,MAT1094,5.9
7020309,INT1003,7.4
7020309,FLF1105,5.7
7020309,MAT1093,6.5
7020309,MAT1094,4.3
7020337,INT1003,7.4
7020337,FLF1105,5
7020337,MAT1093,8.25
7020337,MAT1094,8.1
7020327,INT1003,9.5
7020327,FLF1105,8.3
7020327,MAT1093,7.9
7020327,MAT1094,5.5
7020535,INT1003,5.7
7020535,FLF1105,6.1
7020535,MAT1093,4.1
7020535,MAT1094,5.8
7020352,INT1003,7.4
7020352,FLF1105,6.7
7020352,MAT1093,5.05
7020352,MAT1094,7
7020353,INT1003,8.9
7020353,FLF1105,8
7020353,MAT1093,5.65
7020353,MAT1094,4.1
7020534,INT1003,7.1
7020534,FLF1105,6
7020534,MAT1093,6
7020534,MAT1094,5
7020375,INT1003,8.1
7020375,FLF1105,8.5
7020375,MAT1093,6.95
7020375,MAT1094,4.4
7020497,INT1003,7.5
7020497,FLF1105,8.9
7020497,MAT1093,5.65
7020497,MAT1094,5
7020506,INT1003,6.7
7020506,FLF1105,7.4
7020506,MAT1093,7.7
7020506,MAT1094,6.6
7020571,INT1003,4.8
7020571,FLF1105,5.2
7020571,MAT1093,7.4
7020571,MAT1094,7.2
7020411,INT1003,9.6
7020411,FLF1105,6.5
7020411,MAT1093,6.25
7020411,MAT1094,4.2
7020545,INT1003,7.6
7020545,FLF1105,6.8
7020545,MAT1093,5.75
7020545,MAT1094,8.5
7020498,INT1003,7.1
7020498,FLF1105,5.6
7020498,MAT1093,4.65
7020498,MAT1094,4.3
7020432,INT1003,7.6
7020432,FLF1105,5.9
7020432,MAT1093,6.65
7020432,MAT1094,4.8
7020437,INT1003,6
7020437,FLF1105,5.7
7020437,MAT1093,4.9
7020437,MAT1094,5.9
7020543,INT1003,6.4
7020543,FLF1105,6.5
7020543,MAT1093,5.65
7020543,MAT1094,4.3
7020443,INT1003,8.3
7020443,FLF1105,6.7
7020443,MAT1093,5
7020443,MAT1094,5.6
7020549,INT1003,7.4
7020549,FLF1105,4.3
7020549,MAT1093,5.85
7020549,MAT1094,6
7020495,INT1003,7.1
7020495,FLF1105,5.3
7020495,MAT1093,6.85
7020495,MAT1094,7
7020508,INT1003,7.1
7020508,FLF1105,6.2
7020508,MAT1093,5.9
7020508,MAT1094,6.4
7020496,INT1003,6.8
7020496,FLF1105,5.6
7020496,MAT1093,5.85
7020496,MAT1094,5
7020503,INT1003,5.1
7020503,FLF1105,5.9
7020503,MAT1093,7.15
7020503,MAT1094,4.1
7020494,INT1003,8.3
7020494,FLF1105,8.2
7020494,MAT1093,7.6
7020494,MAT1094,5.9
