11020201, FLF1107, 7
11020201, MAT1094, 5.8
11020201, ELT2035, 6
11020201, INT3202, 8
11020201, INT3110, 5.5
11020201, INT3306, 8.1
11020201, INT3115, 7.8
11020201, INT3206, 6
11020201, INT3207, 8.5
11020234, MAT1093, 0
11020234, MAT1094, 3
11020234, MAT1095, 0.8
11020234, PHY1100, 0
11020234, INT1050, 0
11020234, INT2209, 0
11020234, INT2207, 0
11020234, MAT1099, 0
11020287, MAT1095, 3.9
11020287, INT2205, 6
11020287, INT2206, 7.1
11020287, INT3306, 7.7
11020287, INT3115, 6.2
11020287, INT3206, 7.2
11020026, POL1001, 8.4
11020026, HIS1002, 5.1
11020026, INT1050, 6.7
11020026, INT2206, 6
11020026, INT2209, 3
11020026, INT2202, 5.6
11020002, FLF1107, 8.6
11020002, ELT2035, 8.5
11020002, INT3306, 7
11020002, INT4050, 9
11020002, INT3405, 6.6
11020411, INT3301, 10
11020411, INT4050, 8.2
11020013, INT4050, 8.8
11020023, INT1050, 6.1
11020023, INT2206, 5.2
11020023, INT2208, 6.9
11020023, INT3506, 9
11020023, INT3509, 7.5
11020029, FLF1107, 7.2
11020029, INT4050, 9.1
11020046, INT3507, 8
11020046, INT3310, 8.8
11020046, INT4050, 8.1
11020053, FLF1107, 6.6
11020053, MAT1095, 6.2
11020053, INT4050, 9.1
11020066, FLF1107, 8.2
11020066, INT3202, 6.9
11020066, INT3110, 5.2
11020066, INT3207, 8.5
11020066, INT3301, 8.5
11020071, FLF1107, 7.4
11020071, INT3207, 6.8
11020071, INT3310, 8.6
11020079, FLF1107, 7
11020079, INT4050, 8.2
11020083, INT4050, 8
11020087, FLF1107, 5.8
11020087, INT3306, 1.5
11020087, INT3301, 9
11020093, INT4050, 0
11020100, INT3207, 8.5
11020100, INT3301, 7
11020100, INT3505, 0
11020100, INT3506, 9.3
11020100, INT3509, 7
11020111, FLF1107, 8.4
11020111, INT4050, 8.7
11020144, INT3506, 8
11020144, INT3509, 8
11020153, FLF1107, 7.2
11020153, INT4050, 9
11020158, FLF1107, 7.8
11020158, INT3115, 5.1
11020158, INT3206, 2.8
11020158, INT3207, 9.3
11020158, INT3310, 8
11020158, INT3505, 0
11020158, INT3506, 9
11020158, INT3509, 8
11020165, FLF1107, 7.5
11020165, INT3115, 7.6
11020165, INT3206, 5.2
11020165, INT3207, 1
11020165, INT3506, 7.3
11020165, INT3509, 7.5
11020173, INT3115, 7.6
11020173, INT3206, 6.4
11020173, INT3506, 8
11020173, INT3509, 6.5
11020176, FLF1107, 7.8
11020176, MAT1095, 4
11020176, INT2203, 6
11020176, INT2204, 5.5
11020176, INT3110, 5.1
11020176, INT3506, 7
11020176, INT3509, 3
11020180, FLF1107, 7.4
11020180, INT3106, 5.7
11020180, INT3301, 10
11020180, INT4050, 8.3
11020188, INT4050, 8.4
11020196, FLF1106, 4.8
11020196, INT2203, 8.1
11020196, INT2204, 0
11020196, INT3306, 5
11020196, INT3506, 7.8
11020196, INT3509, 0
11020208, INT3110, 7.1
11020208, INT3207, 0.8
11020208, INT3506, 8.3
11020420, INT3115, 5.3
11020420, INT3206, 6.6
11020420, INT4050, 8.7
11020218, INT4050, 9.2
11020225, MAT1094, 0
11020225, INT2206, 0
11020225, INT2207, 0
11020225, INT3202, 0
11020225, INT3306, 0
11020231, INT3505, 7
11020231, INT4050, 8.2
11020233, INT3506, 7
11020233, INT3509, 7
11020424, PHI1005, 0
11020424, INT3306, 6.4
11020424, INT3207, 8.4
11020424, INT3506, 8
11020424, INT3509, 7
11020240, INT4050, 8.3
11020238, INT3506, 8
11020238, INT3509, 7.5
11020248, INT3506, 9
11020248, INT3509, 8
11020263, MAT1094, 0
11020263, INT2206, 2
11020263, INT2209, 0
11020514, FLF1107, 6.3
11020514, MAT1095, 5.5
11020514, INT2207, 5.9
11020514, INT3202, 7.2
11020514, INT3110, 5.6
11020514, INT3115, 4.5
11020514, MAT1100, 6.3
11020514, INT3206, 5.8
11020514, INT3506, 8
11020514, INT3509, 8
11020284, INT2202, 7.1
11020284, INT3207, 6.4
11020430, FLF1107, 7.1
11020430, INT2203, 6.9
11020430, INT3202, 5.4
11020430, INT3110, 5.4
11020430, INT3310, 5.2
11020430, INT3506, 8
11020430, INT3509, 5.5
11020518, FLF1107, 7.5
11020518, INT4050, 8.2
11020298, FLF1107, 7.3
11020298, INT4050, 8
11020441, INT1006, 4.3
11020441, INT2203, 5
11020441, INT2206, 6.1
11020441, INT3202, 6.8
11020441, INT3110, 4
11020441, MAT1100, 5.5
11020441, INT3506, 8.1
11020441, INT3403, 5.6
11020441, INT3509, 0
11020318, MAT1093, 2.8
11020318, MAT1095, 0
11020318, PHY1103, 9
11020318, INT3110, 5.8
11020318, INT3506, 8
11020318, INT3509, 9
11020331, FLF1107, 7.8
11020331, INT4050, 7.8
11020333, INT2207, 4.8
11020333, INT3310, 7.6
11020333, INT3506, 8
11020333, INT3509, 8
11020339, FLF1107, 7.2
11020339, INT3306, 5.8
11020339, INT3207, 5
11020339, INT3310, 8.8
11020345, INT2203, 7.4
11020345, INT1050, 8.2
11020345, INT3207, 6.7
11020345, INT4050, 7.9
11020349, FLF1107, 7.5
11020349, INT3505, 6.3
11020349, INT4050, 7.5
11020354, INT4050, 9
11020356, HIS1002, 7.3
11020356, FLF1107, 7.2
11020356, INT2207, 7.7
11020356, INT3306, 6.2
11020356, INT3301, 10
11020356, INT3506, 8.3
11020356, INT3509, 9
11020359, INT4050, 8.5
11020436, FLF1107, 6.7
11020436, MAT1094, 6.7
11020436, INT3306, 5.2
11020436, INT3506, 8.3
11020436, INT4050, 8
11020363, HIS1002, 0
11020363, MAT1094, 0
11020363, MAT1095, 0
11020363, INT3110, 0
11020363, INT3506, 7.3
11020363, INT3509, 0
11020378, FLF1107, 7.1
11020378, INT4050, 8.3
11020373, FLF1107, 6.4
11020373, MAT1095, 8.7
11020373, INT2207, 7.3
11020373, INT3202, 6.2
11020373, INT3110, 7.9
11020373, INT3306, 6.1
11020373, INT3506, 9
11020373, INT3509, 6
11020393, HIS1002, 7.1
11020393, FLF1107, 6.8
11020393, INT2206, 1.8
11020393, INT3207, 8.6
11020393, INT3301, 8
11020393, INT3310, 10
11020393, INT3506, 8
11020393, INT3509, 6.5
11020396, INT3202, 7.4
11020396, INT3306, 9.1
11020396, INT3301, 9.5
11020396, INT3310, 4
11020396, INT3505, 4.5
11020396, INT3506, 8.3
11020396, INT3509, 6
11020407, FLF1107, 6.1
11020407, MAT1101, 6.4
11020407, INT2206, 7.2
11020407, INT2202, 5.1
11020407, INT3202, 4.2
11020407, INT3306, 5.3
11020407, INT3115, 7.3
11020407, INT3310, 10
11020407, INT3509, 7.5
11020039, INT4050, 9.3
11020061, INT4050, 7.2
11020337, INT4050, 9
11020402, INT4050, 8.8
11020016, FLF1107, 6.5
11020016, INT3306, 7.3
11020016, INT3106, 6.4
11020016, INT3207, 8.6
11020016, INT4050, 8.7
11020025, FLF1107, 6.3
11020025, MAT1095, 0
11020025, INT3110, 0
11020025, INT3505, 0
11020025, INT3506, 7
11020025, INT3509, 0
11020035, FLF1107, 6.6
11020035, INT3505, 6.5
11020035, INT4050, 9.3
11020048, FLF1107, 7.1
11020048, INT3306, 4.6
11020048, INT3207, 7.5
11020048, INT3505, 7.1
11020048, INT3509, 8.5
11020058, INT3106, 6.7
11020058, INT3206, 5
11020058, INT3505, 6.1
11020062, INT2203, 8.4
11020062, INT4050, 8.3
11020068, POL1001, 7
11020068, ELT2035, 6
11020068, INT2202, 5.9
11020068, INT3202, 6.4
11020068, INT3110, 5
11020068, INT3306, 8.4
11020072, INT2209, 7.1
11020072, INT2208, 6.6
11020072, INT3506, 8
11020072, INT4050, 8.7
11020080, FLF1107, 7.6
11020080, INT3110, 3.3
11020080, INT3115, 6.8
11020080, MAT1099, 0
11020080, INT3301, 8
11020094, INT4050, 8.8
11020104, INT4050, 7.7
11020511, FLF1107, 8
11020511, PHY1100, 9
11020511, ELT2035, 7
11020511, INT2203, 5.4
11020511, INT1050, 5.1
11020511, INT2204, 5.3
11020511, INT3306, 4.4
11020511, INT3115, 8.1
11020511, INT3207, 9
11020511, INT3301, 10
11020511, INT3310, 4.4
11020511, INT3505, 5
11020511, INT3509, 8
11020114, FLF1107, 8.6
11020114, INT3115, 7.9
11020114, INT3301, 10
11020114, INT3505, 4.6
11020114, INT3506, 9
11020114, INT3403, 5.3
11020114, INT4050, 8.4
11020120, FLF1107, 6.6
11020120, MAT1101, 6.8
11020120, INT3306, 7.7
11020120, INT3310, 10
11020118, INT2203, 0
11020118, INT2209, 0
11020118, INT3202, 0
11020118, INT3306, 0
11020118, MAT1099, 0
11020122, PHI1005, 5.6
11020122, HIS1002, 7.3
11020122, FLF1107, 7.1
11020122, INT3301, 10
11020122, INT3506, 9
11020122, INT3509, 6.5
11020127, FLF1107, 5.7
11020127, INT3306, 6.3
11020127, INT3507, 7
11020127, INT3506, 8.2
11020127, INT3509, 6.5
11020133, INT3505, 8.1
11020133, INT4050, 9.1
11020145, MAT1095, 4.7
11020145, ELT2035, 4.8
11020145, INT1050, 3
11020145, INT2206, 5
11020145, INT3110, 6.2
11020145, INT3115, 6.5
11020145, INT3509, 8
11020137, FLF1107, 7.6
11020137, INT4050, 8.3
11020141, INT3505, 0
11020141, INT3506, 9
11020141, INT3509, 6
11020157, ELT2035, 6.3
11020157, MAT1101, 1.6
11020157, INT2206, 7.6
11020157, INT2207, 4.3
11020157, INT3202, 5.2
11020157, INT3115, 5.6
11020157, INT3301, 8
11020157, INT3506, 9
11020157, INT3509, 8
11020160, FLF1107, 6.7
11020160, INT4050, 8.4
11020171, INT3110, 6.6
11020171, INT3301, 10
11020171, INT3505, 7.5
11020171, INT3509, 8.5
11020175, INT3306, 7.7
11020175, INT4050, 8.5
11020175, INT3405, 5.6
11020182, HIS1002, 4.2
11020182, ELT2035, 7.5
11020182, INT1050, 0
11020182, INT2209, 3
11020182, INT3306, 1.6
11020182, MAT1100, 4
11020192, INT4050, 8.6
11020221, INT3301, 10
11020221, INT3505, 5.2
11020227, FLF1107, 6.3
11020227, INT3306, 5.2
11020227, INT3310, 6.2
11020227, INT3404, 0
11020229, POL1001, 0
11020229, INT1050, 0
11020229, INT2207, 1.2
11020229, INT3110, 0
11020229, INT3306, 0
11020229, INT3115, 0
11020229, MAT1100, 2.2
11020229, INT3106, 0
11020229, INT3207, 1.7
11020422, INT2206, 3.3
11020422, INT4050, 8.2
11020235, HIS1002, 0
11020235, INT2209, 0
11020235, INT3506, 6.8
11020235, INT4050, 0
11020239, FLF1107, 5.3
11020239, INT3207, 8.3
11020239, INT3301, 10
11020239, INT3506, 8.8
11020239, INT3509, 6.5
11020244, MAT1095, 6.5
11020244, ELT2035, 4.8
11020244, INT1050, 5.9
11020244, INT3115, 6
11020244, INT3301, 10
11020244, INT3505, 7.1
11020244, INT3506, 9
11020246, FLF1107, 2.2
11020246, INT2204, 0
11020246, INT2202, 8.2
11020246, INT3202, 0
11020246, INT3306, 3.1
11020246, INT3115, 6.5
11020246, INT3206, 2.6
11020246, INT3207, 8.6
11020246, INT3301, 8
11020246, INT3505, 7.1
11020269, INT2202, 8.5
11020269, INT3206, 3.8
11020269, INT3310, 9.6
11020269, INT3506, 8
11020269, INT3509, 8.5
11020272, INT3306, 9.3
11020272, INT3207, 8.3
11020272, INT4050, 8.7
11020274, POL1001, 4.4
11020274, INT3306, 6.9
11020274, INT3310, 6.8
11020274, INT3509, 0
11020276, INT3110, 6
11020276, INT3306, 6
11020276, INT3115, 6.5
11020276, INT3310, 9.2
11020276, INT3506, 9
11020276, INT3509, 8.5
11020285, INT3506, 9.3
11020285, INT4050, 9.1
11020304, INT2206, 7.2
11020304, INT3310, 8.4
11020304, INT4050, 7.8
11020516, MAT1094, 1.6
11020516, MAT1095, 2.4
11020516, INT2204, 4
11020516, INT2209, 6.5
11020516, INT2207, 4.8
11020516, INT3202, 4.6
11020516, INT3306, 2.9
11020327, INT4050, 8.5
11020520, MAT1101, 7.8
11020520, INT2207, 5.3
11020520, INT2208, 4.6
11020520, INT2202, 5
11020520, INT3202, 5.2
11020520, INT3306, 1.8
11020520, MAT1099, 2
11020334, INT2205, 6
11020334, INT2206, 7.3
11020334, INT3206, 6.5
11020334, INT3310, 9.6
11020434, FLF1107, 6.3
11020434, INT3202, 5.4
11020434, INT3110, 6.3
11020434, INT3506, 7
11020434, INT3509, 5.5
11020435, MAT1101, 6.4
11020435, INT2207, 2
11020435, INT3115, 2.2
11020435, INT3301, 0
11020435, INT3505, 6
11020435, INT3509, 0
11020361, INT3206, 6.2
11020361, INT3207, 8.3
11020361, INT3506, 8
11020361, INT3509, 8.5
11020364, MAT1095, 0
11020364, INT1050, 1.2
11020364, INT3110, 0
11020364, INT3306, 0
11020371, POL1001, 3.6
11020371, INT1006, 4
11020371, MAT1094, 0
11020371, MAT1095, 0
11020371, INT2204, 1.4
11020376, MAT1095, 6.5
11020376, INT3506, 7.3
11020376, INT3509, 6.5
11020379, POL1001, 4
11020379, HIS1002, 6.9
11020379, INT1006, 10
11020379, FLF1107, 6.7
11020379, MAT1095, 5.2
11020379, MAT1101, 5.5
11020379, INT1050, 4.3
11020379, INT2206, 8.4
11020379, INT3207, 9
11020379, INT3301, 9.5
11020379, INT3505, 5.6
11020379, INT3509, 0
11020387, FLF1107, 6
11020387, PHY1100, 8.1
11020387, INT1050, 4
11020387, INT3306, 5.3
11020387, INT3207, 8.2
11020387, INT3505, 6.3
11020387, INT3509, 6
11020389, MAT1095, 3.8
11020389, ELT2035, 7.5
11020389, INT2203, 7.7
11020389, INT1050, 4.5
11020389, INT2205, 5.6
11020389, INT2206, 6.3
11020389, INT2202, 5.8
11020389, INT3202, 4.8
11020389, INT3310, 6.4
11020389, INT3506, 8
11020389, INT3509, 0
11020405, FLF1107, 6.8
11020405, INT3301, 10
11020405, INT4050, 8.3
11020043, INT3506, 9.2
11020064, INT4050, 0
11020115, INT3310, 10
11020115, INT3505, 7.7
11020115, INT4050, 8.7
11020154, INT3506, 9.2
11020154, INT4050, 9.4
11020167, INT3310, 5.6
11020167, INT4050, 9.2
11020167, INT3402, 8.4
11020209, HIS1002, 8.2
11020209, INT3301, 9.5
11020209, INT3310, 9.2
11020209, INT4050, 8.6
11020425, INT3306, 8
11020425, INT3506, 9.5
11020425, INT4050, 8.7
11020281, INT3506, 10
11020281, INT4050, 9.3
11020321, INT3306, 1.8
11020321, INT3106, 7.3
11020321, INT4050, 0
11020369, PHY1100, 9.3
11020369, INT2206, 8.5
11020369, INT2209, 7.3
11020369, INT3115, 8.7
11020369, INT3403, 9
11020369, INT4050, 8.7
11020261, HIS1002, 7.3
11020261, ELT2035, 8
11020261, INT3106, 7.9
11020261, INT3206, 7.4
11020261, INT3301, 10
11020007, INT2209, 6.5
11020007, INT3310, 10
11020007, INT4050, 8.7
11020008, INT1050, 4.5
11020008, INT2204, 5.5
11020008, INT2206, 7
11020008, INT3110, 6.9
11020008, INT3301, 8
11020008, INT3506, 9
11020008, INT3509, 7.5
11020010, INT3301, 9
11020010, INT3310, 4.4
11020010, INT3506, 6.8
11020010, INT4050, 0
11020172, INT3506, 7.8
11020172, INT3509, 9
11020022, FLF1107, 7.6
11020022, ELT2035, 4.8
11020022, INT2207, 6.3
11020022, INT3110, 5.5
11020022, INT3405, 4.8
11020028, MAT1101, 4.6
11020028, MAT1100, 7
11020028, INT3106, 7.2
11020028, INT3207, 8.7
11020028, INT3301, 10
11020028, INT3505, 0
11020028, INT3401, 6.3
11020028, INT3509, 8.5
11020028, INT3405, 0
11020037, FLF1107, 7.3
11020037, INT3505, 0
11020037, INT3506, 8
11020037, INT3509, 8
11020045, MAT1095, 6.8
11020045, ELT2035, 0
11020045, MAT1101, 6.5
11020045, INT3202, 6.2
11020045, INT3110, 0
11020045, INT3306, 1.8
11020049, HIS1002, 7.6
11020049, FLF1107, 7.1
11020049, MAT1095, 6.5
11020049, ELT2035, 5.6
11020049, INT2206, 6.1
11020049, INT3110, 4.1
11020049, INT3310, 6.8
11020523, INT3110, 4.2
11020523, INT3207, 8
11020523, INT3505, 0
11020523, INT3506, 8
11020523, INT3509, 8.5
11020065, FLF1107, 7.3
10020078, MAT1095, 0
10020078, INT3110, 2.6
10020078, INT3301, 0.9
10020078, INT3307, 0
10020078, INT3506, 8.1
10020078, INT3509, 8.5
11020069, MAT1099, 7.3
11020069, INT3207, 1.4
11020069, INT3505, 0
11020073, FLF1107, 7.6
11020073, INT3106, 6.6
11020073, INT3301, 9
11020073, INT4050, 7.9
11020073, INT3405, 6.1
11020076, PHI1005, 7.1
11020076, FLF1107, 7.1
11020076, ELT2035, 5.3
11020076, INT2206, 6.9
11020076, INT3202, 7.8
11020076, INT3110, 5.4
11020076, INT3306, 5.6
11020076, MAT1100, 5.4
11020076, INT3207, 8.5
11020076, INT3301, 10
11020076, INT3506, 8.3
11020076, INT3509, 6.5
11020509, FLF1107, 6.7
11020509, MAT1095, 5.9
11020509, INT2204, 4
11020509, INT2207, 5.8
11020509, INT2202, 5.8
11020509, INT3202, 5.6
11020509, INT3110, 5
11020509, INT3306, 8.5
11020509, INT3207, 8.2
11020509, INT3301, 9
11020509, INT3505, 0
11020509, INT3506, 7.5
11020509, INT3509, 6.5
11020081, INT3110, 6.7
11020081, INT3306, 5.2
11020081, INT3206, 8.2
11020081, INT3301, 10
11020081, INT4050, 8.1
11020086, INT2202, 7.8
11020086, INT3506, 8
11020086, INT3509, 7
11020092, INT3306, 7.4
11020092, INT4050, 8.3
11020096, FLF1107, 7.6
11020096, INT3301, 8.5
11020096, INT3310, 10
11020096, INT4050, 8.8
11020099, INT4050, 7.9
11020510, FLF1107, 7.2
11020510, INT2203, 7
11020510, INT2204, 4.5
11020510, INT2206, 5.6
11020510, INT2207, 6
11020510, INT2202, 5
11020510, INT3110, 7.2
11020510, INT3306, 5.9
11020510, INT3507, 8
11020510, INT3207, 8.4
11020510, INT3301, 9.5
11020510, INT3506, 7
11020510, INT3509, 6.5
11020119, INT2203, 6
11020119, INT2204, 5.7
11020119, INT2205, 7.6
11020119, INT2202, 6.4
11020119, INT3306, 6.4
11020119, INT3507, 8
11020119, INT3506, 9
11020119, INT3509, 8.5
11020512, FLF1107, 7.5
11020512, INT3506, 8
11020512, INT4050, 8.1
11020129, ELT2035, 5.6
11020129, INT2204, 7.2
11020129, INT3306, 2.7
11020129, MAT1099, 5.1
11020129, INT3505, 0
11020129, INT3509, 0
11020129, INT3405, 5.6
11020134, INT3506, 8.2
11020134, INT3509, 8.5
11020138, FLF1107, 7.6
11020138, ELT2035, 5.6
11020138, INT2206, 6.4
11020138, INT3115, 7.4
11020138, INT3207, 7.4
11020138, INT3310, 7.6
11020138, INT3506, 9.3
11020138, INT3403, 6.2
11020138, INT3509, 8
11020143, INT2206, 7.4
11020143, INT2209, 6.5
11020143, INT3202, 5.4
11020143, INT3110, 4
11020143, INT3301, 10
11020143, INT3310, 7
11020143, INT3506, 8
11020143, INT3403, 6
11020143, INT3509, 6
11020151, INT3202, 0
11020151, INT3110, 1.5
11020151, INT3306, 8.1
11020151, INT3115, 6.2
11020151, INT3403, 6.5
11020155, INT1006, 8.7
11020155, FLF1107, 6.8
11020155, INT2203, 4.8
11020155, INT2205, 5.4
11020155, INT2206, 6.5
11020155, INT3306, 6
11020155, INT3507, 7
11020155, INT3301, 8
11020155, INT3310, 5.2
11020155, INT3506, 8
11020155, INT3509, 6
11020163, PHY1100, 9.6
11020163, INT2204, 9.2
11020163, INT3505, 0
11020163, INT3506, 8
11020163, INT3509, 7.5
11020177, INT4050, 9.1
11020193, HIS1002, 7.1
11020193, FLF1107, 7.1
11020193, INT2207, 5.1
11020193, INT3110, 6.2
11020193, INT3106, 3.6
11020193, INT3207, 8.3
11020193, INT3506, 8
11020193, INT3509, 7
10020211, INT2203, 4.1
10020211, INT3403, 6.2
11020198, FLF1105, 7.1
11020198, MAT1095, 3.3
11020198, INT3310, 5.2
11020198, INT3506, 8
11020198, INT3509, 7
11020207, INT2206, 6.7
11020207, INT3110, 5.4
11020207, INT3115, 7.6
11020207, INT3301, 10
11020207, INT3310, 10
11020207, INT3506, 7.3
11020207, INT3509, 7
11020217, MAT1100, 6.7
11020217, INT4050, 8.4
11020232, INT2203, 6.3
11020232, INT2204, 5.7
11020232, INT3110, 6
11020232, INT3306, 1.8
11020232, INT3506, 8.3
11020232, INT3509, 6.5
11020237, INT4050, 9
11020426, INT2204, 8.7
11020535, INT4050, 8.8
11020427, INT1006, 7.7
11020427, FLF1107, 6.2
11020427, INT2204, 6.5
11020262, MAT1093, 5
11020262, INT2203, 6.7
11020262, INT2208, 4.1
11020262, INT3202, 5.6
11020262, INT3506, 8.5
11020262, INT3509, 9.5
11020278, INT3202, 8.3
11020278, INT3110, 6
11020283, INT2206, 5.4
11020283, INT3506, 8
11020283, INT3509, 8
11020515, ELT2035, 5.6
11020515, INT2206, 0
11020515, INT2208, 6.3
11020515, INT3202, 5.2
11020515, INT3110, 5.1
11020515, INT3306, 5
11020515, INT3310, 5.2
11020515, INT3506, 8
11020515, INT3509, 5.5
11020291, FLF1107, 7.6
11020291, INT4050, 8.2
11020297, INT3306, 7
11020297, INT4050, 8.5
11020312, HIS1002, 6.9
11020312, INT3306, 6.5
11020317, INT4050, 8.7
11020324, INT2203, 5.7
11020324, INT3506, 8
11020324, INT3509, 8
11020330, FLF1107, 6
11020330, INT4050, 8
11020332, INT4050, 8.8
11020336, FLF1107, 6.8
11020336, INT3206, 5.6
11020336, INT4050, 8.2
11020355, FLF1106, 0
11020355, ELT2035, 6.7
11020355, MAT1101, 4.8
11020355, INT3202, 0
11020355, INT3507, 6
11020355, INT3106, 0
11020355, INT3310, 10
11020355, INT3506, 7.3
11020355, INT3403, 1.9
11020355, INT3509, 8
11020358, FLF1106, 6
11020358, INT4050, 8.5
11020362, INT1006, 9.4
11020362, PHY1103, 8.7
11020362, INT2203, 8.2
11020362, INT2206, 6.5
11020362, INT2208, 6.3
11020362, INT3202, 5.4
11020362, INT3306, 5
11020362, INT3207, 8.1
11020362, INT3310, 7
11020362, INT3505, 0
11020362, INT3509, 0
11020365, HIS1002, 3.1
11020365, INT3306, 5.7
11020365, INT3106, 0
11020365, INT3206, 3
11020365, INT3207, 8.6
11020365, INT3310, 5.2
11020370, INT4050, 9.5
10020405, HIS1002, 0
10020405, INT1050, 0
10020405, INT2204, 0
10020405, INT2205, 0
10020405, INT2209, 0
10020405, INT2207, 3.5
10020405, INT3202, 0
10020405, INT3115, 0
10020405, INT3403, 0
11020397, INT4050, 8.9
11020439, PHI1005, 0
11020439, INT1050, 0
11020439, INT2206, 3.6
11020439, INT2209, 0
11020439, INT2208, 7.4
11020418, PHY1100, 9
11020418, INT1050, 3.3
11020418, INT2206, 7
11020418, INT3202, 7.2
11020418, INT3110, 5.4
11020418, INT3306, 3.8
11020418, INT3206, 5.4
11020418, INT3207, 8.3
11020211, INT4050, 8.7
11020228, INT4050, 8.7
10020007, INT4050, 8.4
10020020, INT3217, 6.5
10020020, INT3506, 8.3
10020020, INT4050, 8.7
10020024, INT4050, 9
10020029, INT3307, 2
10020029, INT3506, 8.3
10020029, INT4050, 8.3
10020036, INT3508, 7
10020036, INT3509, 3
10020041, INT4050, 0
10020054, INT2203, 5.1
10020054, INT3202, 4.5
10020054, INT3110, 0
10020054, INT3306, 2.8
10020054, INT3115, 5.6
10020054, MAT1099, 7.1
10020054, INT3307, 2.7
10020072, INT2203, 9
10020072, INT2204, 5.1
10020072, INT3306, 5.3
10020072, INT3403, 4.9
10020072, INT4050, 0
10020085, INT4050, 8.8
10020094, INT1006, 0
10020094, INT1050, 0
10020094, INT2206, 0
10020094, INT3202, 0
10020094, INT3110, 0.2
10020094, INT3306, 0.7
10020094, INT3301, 0.4
10020100, INT3506, 9.3
10020100, INT3509, 7
10020111, FLF1107, 6.4
10020111, INT3115, 8
10020111, INT3301, 4
10020111, INT3307, 5.7
10020111, INT4050, 7.8
10020119, INT4050, 9.2
10020128, INT4050, 9
10020150, FLF1107, 5.8
10020150, INT1050, 4
10020150, INT4050, 8.5
10020139, INT3307, 7.9
10020139, INT4050, 8
10020146, INT2203, 5.6
10020146, INT2208, 5.2
10020146, INT3202, 0
10020146, INT3110, 0
10020146, INT3306, 4.8
10020146, INT3115, 7.5
10020146, INT3506, 9.3
10020146, INT3509, 9.5
10020464, INT4050, 8.2
10020156, INT4050, 8.8
10020162, INT4050, 8.2
10020171, FLF1107, 6
10020171, MAT1093, 7.2
10020171, MAT1095, 7.7
10020171, INT4050, 8.4
10020500, INT3506, 8.1
10020500, INT4050, 8.3
10020177, MAT1094, 8.2
10020177, INT3306, 6.4
10020177, INT3217, 8.4
10020177, INT3307, 5.8
10020177, INT3506, 9
10020177, INT3509, 8.5
10020189, INT2206, 6.3
10020189, INT3306, 5
10020189, INT4050, 7.9
10020194, INT4050, 8.6
10020205, INT1050, 9
10020205, INT3202, 5.7
10020205, INT3301, 8.5
10020213, INT2205, 7.3
10020213, INT3307, 0
10020213, INT3506, 8.1
10020213, INT3401, 6
10020213, INT3509, 6
10020219, INT2206, 8.6
10020219, INT2209, 5
10020219, INT3217, 0
10020219, INT4050, 8.5
10020219, INT3221, 5.4
10020224, FLF1106, 7
10020224, INT3115, 7.8
10020224, MAT1100, 7
10020224, INT3307, 8.3
10020224, INT3506, 8.7
10020224, INT4050, 8
10020224, INT3509, 0
10020227, FLF1107, 5.1
10020227, INT3506, 8.1
10020227, INT4050, 8.1
10020240, FLF1107, 5.4
10020240, INT3115, 5.7
10020240, INT4050, 8.5
10020256, FLF1107, 6.3
10020256, INT4050, 8.5
10020475, FLF1107, 6.4
10020475, INT4050, 8.2
10020267, HIS1002, 6.8
10020267, PHY1103, 7.8
10020267, INT2204, 5
10020267, INT2205, 6.5
10020267, INT2209, 6.7
10020267, INT3110, 5.4
10020267, MAT1100, 7
10020291, FLF1107, 6.4
10020291, INT3202, 7.6
10020291, INT4050, 8.5
10020278, INT4050, 8.5
10020282, INT3115, 5.8
10020282, INT3301, 7.3
10020282, INT3403, 5.8
10020282, INT4050, 0
10020287, INT3217, 2.4
10020287, INT3307, 0
10020287, INT4050, 0
10020287, INT3405, 0
10020298, INT3217, 0
10020298, INT3506, 8.7
10020298, INT3509, 8
10020298, INT3221, 8
10020306, INT2206, 6.6
10020306, INT4050, 8.9
10020506, MAT1093, 5.5
10020506, MAT1095, 6.6
10020506, INT2208, 5.7
10020506, INT3110, 5.7
10020506, INT3115, 7
10020506, MAT1100, 7.5
10020506, INT3307, 5.7
10020506, INT3506, 9
10020506, INT3509, 8
10020312, INT3506, 8.7
10020312, INT3509, 8
10020480, INT3306, 5.3
10020480, INT3307, 4.7
10020480, INT3506, 9
10020480, INT3508, 7
10020480, INT3509, 8
10020332, INT3506, 8.1
10020332, INT4050, 7.6
10020332, INT3509, 6.5
10020335, INT4050, 8.7
10020350, FLF1107, 5.6
10020350, INT4050, 9
10020351, INT3115, 5.8
10020351, INT4050, 8.4
10020354, INT3110, 7.1
10020354, INT3306, 6.7
10020354, INT3217, 9.1
10020354, INT4050, 9.1
10020360, INT3506, 8.7
10020360, INT3509, 8.8
10020376, INT3403, 7.9
10020376, INT4050, 8.4
10020380, INT4050, 9
10020388, INT3202, 5.7
10020388, INT3115, 6.8
10020388, INT3217, 0
10020388, INT3301, 6.5
10020388, INT3307, 3.5
10020388, INT3506, 8.7
10020388, INT3404, 9
10020388, INT3509, 9.3
10020388, INT3221, 5.4
10020402, INT3110, 5.5
10020402, INT3306, 5.3
10020402, INT3115, 5.2
10020402, INT3506, 9
10020412, INT1050, 6.1
10020412, INT2209, 5.7
10020412, INT2207, 6.9
10020412, INT3110, 4.8
10020412, INT3306, 5.3
10020412, INT3115, 4.4
10020412, MAT1100, 8.8
10020412, INT3307, 4.7
10020412, INT3508, 9
10020424, FLF1107, 6.4
10020424, INT4050, 7.9
10020408, INT4050, 9
10020428, INT4050, 8.9
10020444, FLF1107, 6
10020444, INT3307, 2.7
10020444, INT3401, 8.1
10020444, INT4050, 7.2
10020444, INT3221, 8
9020002, HIS1002, 0
9020002, FLF1106, 3.6
9020002, MAT1093, 4.8
9020002, INT3506, 0
10020005, FLF1107, 5.4
10020005, INT2206, 5.7
10020005, INT3202, 6.2
10020005, INT3115, 6
10020005, INT3301, 4.1
10020005, INT3307, 3.6
10020005, INT3506, 9.3
10020005, INT3509, 9.5
10020005, INT3221, 8
10020010, INT4050, 9
10020016, FLF1107, 5
10020016, INT4050, 0
10020025, INT3202, 5.3
10020025, INT3110, 0
10020025, INT3306, 1.8
10020025, MAT1100, 8.1
10020025, INT3307, 0
10020025, INT3401, 0
10020025, INT3403, 0
10020498, PHY1100, 5
10020498, INT2209, 7.3
10020498, INT3306, 2.2
10020498, INT3115, 4.4
10020042, INT3508, 8
10020042, INT4050, 8.5
10020047, INT3307, 4.4
10020047, INT3506, 8.4
10020047, INT4050, 8.8
10020060, FLF1107, 5.4
10020060, INT3506, 8.1
10020060, INT3509, 8
10020067, INT3506, 8.8
10020067, INT3509, 8
10020073, INT4050, 8.6
10020081, INT4050, 7.3
10020089, INT4050, 0
10020099, FLF1107, 7.6
10020099, INT2204, 4.5
10020099, INT2207, 6.5
10020099, INT3202, 5
10020099, INT3306, 5.5
10020099, INT3115, 4.1
10020099, INT3506, 8.8
10020099, INT3509, 6
10020105, INT3115, 6.3
10020105, INT3217, 0
10020105, INT3307, 0
10020105, INT3506, 8.1
10020105, INT3401, 0
10020105, INT4050, 0
10020124, INT3202, 6
10020124, INT3110, 5.6
10020124, INT3217, 0
10020124, INT3506, 9.3
10020124, INT3401, 7.6
10020124, INT3509, 6
10020461, INT3306, 4.9
10020461, INT3307, 3
10020461, INT3506, 9
10020461, INT3509, 0
10020501, FLF1107, 5.1
10020501, INT4050, 8.1
10020147, FLF1107, 7.1
10020147, INT3506, 9.3
10020147, INT3509, 6.5
10020169, PHY1100, 6.4
10020169, INT1050, 4
10020169, INT2202, 5
10020169, INT3217, 0
10020169, INT3506, 8.3
10020169, INT3401, 8.3
10020169, INT3509, 7.5
10020465, FLF1107, 5.1
10020465, INT1050, 5.5
10020465, INT2209, 4.7
10020465, INT3202, 4.8
10020465, INT3110, 7.1
10020465, INT3115, 6.3
10020465, INT3217, 0
10020465, INT3506, 8.8
10020465, INT3509, 7.5
10020159, INT2208, 7.8
10020159, INT3202, 6.6
10020159, INT3110, 6.8
10020159, INT3306, 5.6
10020159, INT3115, 4.1
10020159, INT3506, 9.3
10020159, INT3508, 1
10020159, INT3509, 8.5
10020178, FLF1107, 5
10020178, INT4050, 7.9
10020181, INT3217, 7.2
10020181, INT3506, 9.3
10020181, INT3509, 7
10020196, FLF1107, 6.2
10020196, INT3506, 9
10020196, INT3509, 6
10020206, INT3217, 0
10020206, INT3307, 0
10020206, INT3506, 9.3
10020206, INT3509, 7
10020502, FLF1107, 5.4
10020502, MAT1094, 7
10020502, INT2203, 5.6
10020502, INT3202, 5
10020502, INT3110, 5.8
10020502, INT3306, 7.5
10020502, INT3301, 3.9
10020502, INT3506, 9
10020502, INT3509, 7
10020220, INT3217, 0
10020220, INT3307, 4.7
10020220, INT3506, 9
10020220, INT3401, 6
10020220, INT3509, 7
10020228, FLF1107, 5.2
10020228, INT3506, 9.3
10020228, INT3509, 8
10020238, INT3506, 8.7
10020238, INT3509, 5
10020243, INT3202, 6.1
10020243, INT3110, 7
10020243, INT3217, 0
10020243, INT4050, 0
10020268, FLF1107, 5.7
10020268, INT3506, 8.7
10020268, INT3509, 8
10020274, INT1006, 4.1
10020274, MAT1093, 6
10020274, INT1050, 7.3
10020274, INT2209, 4.4
10020274, INT3307, 2.6
10020289, INT3217, 0
10020289, INT3307, 4.4
10020289, INT3506, 8.7
10020289, INT3401, 6.8
10020289, INT4050, 7.7
10020283, FLF1106, 5.3
10020283, FLF1107, 6.4
10020283, MAT1101, 6.5
10020283, INT3202, 6.2
10020283, MAT1100, 8.2
10020283, INT3301, 1.2
10020283, INT3506, 9
10020283, INT3403, 4.8
10020283, INT3509, 8.5
10020504, FLF1107, 5.2
10020504, INT2207, 6.1
10020504, INT3301, 4.8
10020504, INT3307, 3.7
10020504, INT3506, 8.4
10020504, INT3401, 7.7
10020504, INT3509, 8.8
10020505, MAT1093, 7.1
10020505, INT2203, 4
10020505, MAT1101, 8.5
10020505, INT1050, 8
10020505, INT3110, 3.7
10020505, INT3306, 2.5
10020505, INT3506, 9
10020505, INT3509, 8.5
10020304, FLF1107, 6.7
10020304, INT2206, 6
10020304, INT3307, 6.7
10020304, INT3506, 9.3
10020304, INT4050, 0
10020320, FLF1107, 5.6
10020320, INT4050, 8.4
10020507, INT2203, 7
10020507, INT1050, 6.1
10020507, INT3301, 4.8
10020507, INT3506, 8.1
10020507, INT3403, 4.8
10020507, INT3509, 6
10020336, INT3110, 2.5
10020336, INT3306, 2.8
10020336, INT3401, 6.3
10020336, INT3404, 8.4
10020336, INT3508, 0
10020336, INT4050, 0
10020336, INT3221, 5
10020352, INT4050, 8.7
10020355, FLF1107, 5.8
10020355, INT4050, 9.3
10020358, INT2203, 0.5
10020358, INT3506, 9.3
10020358, INT3509, 5.5
10020361, FLF1107, 5.1
10020361, INT4050, 8.9
10020365, INT4050, 8.5
10020378, INT3301, 5.4
10020378, INT4050, 9
10020487, INT3202, 7.4
10020487, INT3506, 9
10020487, INT3509, 9
10020413, INT4050, 7.7
10020421, INT3202, 7
10020421, INT4050, 8.5
10020425, INT3506, 9
10020425, INT3509, 7.5
10020406, INT4050, 9.1
10020409, FLF1107, 5.6
10020409, INT4050, 9.2
10020439, MAT1093, 4.4
10020439, PHY1103, 7.2
10020439, INT2207, 6.1
10020439, INT3202, 5
10020439, INT3115, 7.3
10020439, INT3509, 6
10020445, INT4050, 8.9
10020013, INT3202, 5.5
10020013, INT3110, 6.7
10020013, INT3306, 6.1
10020013, INT3115, 6
10020013, INT3307, 0
10020013, INT3506, 8.1
10020013, INT3509, 4
10020013, INT3221, 8
10020446, INT4050, 8.7
10020019, INT3202, 6.7
10020019, INT3306, 5.2
10020019, INT3217, 0
10020019, INT3301, 4.7
10020019, INT3401, 5.8
10020019, INT3403, 7.7
10020019, INT4050, 7.8
10020447, INT4050, 8.3
10020033, INT3307, 8.7
10020033, INT4050, 9.2
10020044, INT4050, 8.5
10020052, INT3506, 8.1
10020052, INT4050, 9.2
10020450, MAT1095, 5
10020450, INT1050, 7.1
10020450, INT2206, 7
10020450, INT3506, 8.1
10020450, INT3509, 3.5
10020061, ELT2035, 4.8
10020061, INT2206, 5.2
10020061, INT2208, 4.1
10020061, INT2202, 4.8
10020061, INT3307, 4.7
10020061, INT3506, 8.4
10020056, INT1006, 10
10020056, FLF1105, 7.3
10020056, FLF1106, 5.9
10020056, INT3306, 7.9
10020056, INT3115, 4.6
10020056, INT3301, 0
10020056, INT4050, 8.5
10020082, INT2204, 6
10020082, INT4050, 8.5
10020091, INT2206, 0
10020091, INT2208, 0
10020091, INT3306, 0
10020096, INT2206, 5.2
10020096, INT3202, 6.5
10020096, INT3110, 5.6
10020096, INT3306, 6.7
10020096, INT3115, 8
10020096, INT3217, 7.2
10020096, INT3307, 4.4
10020096, INT3509, 5.5
10020110, INT1006, 5.6
10020110, INT2203, 4
10020110, MAT1101, 6.5
10020110, INT2204, 4.6
10020110, INT2208, 5.5
10020110, INT3304, 5.6
10020110, INT3307, 2.6
10020110, INT3506, 8.1
10020110, INT3403, 4.2
10020110, INT3509, 5
10020110, INT3221, 5.4
10020113, INT4050, 0
10020458, INT1050, 7
10020458, INT2206, 7
10020458, INT2209, 4.9
10020458, INT2202, 6.2
10020458, MAT1100, 8.5
10020458, INT3217, 7.2
10020458, INT3301, 5.1
10020458, INT3307, 3.9
10020458, INT3506, 8.3
10020458, INT3401, 6.8
10020458, INT3509, 9
10020134, INT3506, 9.3
10020134, INT3509, 8.5
9020200, POL1001, 5.8
9020200, MAT1095, 7.2
9020200, INT1050, 8.6
9020200, INT2204, 7.7
9020200, INT2209, 6.7
9020200, INT2208, 7.9
10020462, INT3110, 6.2
10020462, INT3306, 6.4
10020462, INT3401, 7
10020462, INT3508, 8.5
10020462, INT4050, 8.8
10020155, MAT1095, 4.2
10020155, INT3202, 0
10020155, INT3110, 0
10020155, INT3401, 7.8
10020155, INT3508, 0
10020161, INT3217, 0
10020161, INT3401, 9
10020161, INT3404, 0
10020161, INT4050, 0
10020170, INT4050, 9.2
10020179, MAT1100, 8.6
10020179, INT3307, 4.5
10020179, INT3506, 8.4
10020179, INT3401, 8.9
10020179, INT3509, 7
10020182, INT2203, 8.8
10020182, INT3110, 3.3
10020182, INT3301, 5.1
10020182, INT3307, 4.8
10020182, INT3506, 8.1
10020182, INT4050, 7.5
10020187, INT2203, 5
10020187, INT3306, 5.6
10020187, INT3217, 0
10020187, INT3401, 9
10020187, INT4050, 7.7
10020193, FLF1107, 6.8
10020193, INT3306, 6.5
10020193, INT3301, 5.1
10020193, INT3307, 7
10020193, INT3506, 8.1
10020193, INT4050, 0
10020193, INT3509, 4.5
10020204, INT3217, 3
10020204, INT4050, 8.6
10020215, INT4050, 9.6
10020217, MAT1101, 6
10020217, INT3307, 3.8
10020217, INT3401, 6.4
10020217, INT4050, 7.5
10020222, INT3217, 0
10020222, INT3304, 5.4
10020222, INT3307, 4.4
10020222, INT3506, 8.7
10020222, INT3509, 8
10020226, FLF1107, 5
10020226, INT2203, 4
10020226, INT1050, 4
10020226, INT3110, 5.8
10020226, INT3307, 4.1
10020226, INT3506, 8.7
10020226, INT3509, 7
10020229, FLF1107, 6.1
10020229, INT3307, 7.3
10020229, INT4050, 7.9
10020470, FLF1107, 5.2
10020470, INT2203, 0
10020470, INT2202, 6
10020470, INT3202, 5.8
10020470, INT3306, 0.4
10020470, INT3301, 3.5
10020470, INT3304, 5.5
10020470, INT3401, 0
10020470, INT3509, 5
10020237, INT3306, 5.9
10020237, INT3506, 8.1
10020237, INT4050, 8.9
10020239, MAT1095, 5
10020239, INT1050, 8.5
10020239, INT3217, 0
10020239, INT3307, 6.7
10020239, INT3506, 8.1
10020239, INT3401, 8.2
10020239, INT3509, 6
10020246, INT3217, 0
10020246, INT3307, 4.1
10020246, INT3401, 8.8
10020246, INT4050, 7.8
10020249, INT4050, 8.7
10020474, FLF1106, 6.9
10020474, INT2203, 6.6
10020474, INT2206, 6.3
10020474, INT2209, 7.6
10020474, INT2207, 4
10020474, INT2208, 5.6
10020474, INT3506, 8.7
10020474, INT4050, 7.7
10020474, INT3509, 0
10020255, FLF1107, 6
10020255, INT3110, 4.6
10020255, INT3306, 7.2
10020255, INT3217, 0
10020255, INT3401, 8.7
10020255, INT4050, 7
9020382, ELT2035, 0
9020382, INT2203, 5.9
9020382, INT2204, 5.6
9020382, INT2205, 6.9
9020382, INT3202, 0
9020382, INT3110, 0
9020382, INT3306, 0
9020382, INT3301, 0
9020382, INT3403, 4.4
10020261, INT3506, 9.3
10020261, INT3508, 0
10020261, INT3509, 6
10020275, INT4050, 8.5
10020281, INT4050, 9.1
9020410, PHY1100, 7
9020410, INT1050, 0
9020410, INT2205, 9
9020410, INT2208, 7.7
9020410, INT3202, 5.3
9020410, INT3306, 5.6
9020410, INT3301, 8.4
9020410, INT3505, 8.6
9020410, INT3508, 7
9020410, INT3509, 8.5
10020285, INT3202, 8
10020285, INT3217, 10
10020285, INT3307, 6
10020285, INT3506, 8.7
10020285, INT3509, 8.8
10020999, INT3506, 8.7
10020999, INT4050, 7.1
10020478, MAT1095, 4
10020478, INT1050, 4.6
10020478, INT2209, 3.6
10020478, INT3115, 4.8
10020478, MAT1100, 7
10020478, INT3403, 4.4
10020478, INT3508, 6.5
10020305, FLF1107, 5.2
10020305, ELT2035, 0
10020305, INT3202, 4.2
10020305, INT3110, 2.5
10020305, MAT1099, 0
10020316, INT4050, 0
10020319, INT3506, 8.1
10020319, INT4050, 9.1
10020322, INT4050, 8.4
9020484, INT2203, 5.8
9020484, INT2205, 6.5
9020484, INT2206, 6.8
9020484, INT2209, 5.2
9020484, INT2207, 6
9020484, INT3306, 2.4
9020484, INT3115, 5.7
9020484, INT3301, 0
10020338, INT2206, 7.8
10020338, INT2209, 9.7
10020338, INT3217, 10
10020338, INT4050, 9
10020341, INT4050, 9.3
10020348, INT3506, 8.4
10020348, INT3509, 0
10020353, INT3110, 3.4
10020353, INT3217, 6.4
10020353, INT3307, 4.6
10020353, INT4050, 8.9
10020362, INT4050, 8.8
10020364, INT3217, 7.2
10020364, INT3506, 9.3
10020364, INT4050, 8.9
10020426, INT4050, 7.9
10020427, INT3506, 8.7
10020427, INT3404, 0
10020427, INT4050, 0
10020396, INT3110, 2.8
10020396, INT3115, 5.7
10020396, INT3307, 4.4
10020396, INT3506, 9
10020396, INT3509, 6
10020416, INT3508, 0
10020407, INT3506, 8.7
10020407, INT3509, 7.5
10020433, INT4050, 8.8
10020489, FLF1107, 6.2
10020489, INT3307, 0
10020489, INT3506, 9
10020489, INT4050, 8.8
10020440, FLF1106, 3.4
10020440, FLF1107, 5.8
10020440, INT3110, 6.2
10020440, INT3306, 1.9
10020440, INT3307, 3.8
10020440, INT3506, 8.1
10020440, INT3401, 7.2
10020440, INT3404, 3
10020440, INT3509, 6
9020007, INT3202, 6.7
9020007, INT3506, 9.2
9020007, INT3509, 8.5
9020019, INT3108, 6.9
9020019, INT3403, 5.4
9020019, INT4050, 8.1
9020029, HIS1002, 6.3
9020029, INT2209, 7.9
9020029, INT3202, 6.6
9020029, INT3403, 5.6
9020047, INT3202, 7.1
9020047, INT4050, 8.8
9020053, INT3108, 7
9020053, INT3505, 5.8
9020053, INT3508, 9
9020053, INT3509, 7
9020055, INT4050, 9.5
9020071, INT4050, 8.1
8020055, INT2208, 7.9
8020055, INT3202, 7.2
8020055, INT3110, 5.6
8020055, INT3403, 6.3
9020087, INT3217, 10
9020087, INT3301, 4
9020087, INT4050, 8.8
9020095, INT3306, 7.8
9020095, INT3115, 7.8
9020095, INT3301, 5.5
9020095, INT3505, 5.8
9020095, INT3403, 3.6
9020095, INT3508, 8
9020095, INT3509, 6.5
9020092, INT4050, 8.9
9020111, INT4050, 9.5
9020112, INT3115, 6.7
9020112, INT3217, 4.8
9020112, INT3506, 8.5
9020112, INT3509, 7.5
9020116, INT3301, 4.1
9020116, INT3508, 9
9020116, INT4050, 8.5
9020120, INT3108, 7.1
9020120, INT3217, 9.6
9020120, INT3506, 8.5
9020120, INT3403, 5.8
9020120, INT3508, 7
9020120, INT3509, 9
9020121, INT3108, 6.7
9020121, INT3301, 8.2
9020121, INT3506, 9.2
9020121, INT3509, 9
9020126, INT3506, 8.5
9020126, INT3509, 8.5
9020137, INT1006, 5.4
9020137, INT3110, 7.8
9020137, INT3115, 5.8
9020137, INT3506, 8.5
9020137, INT3509, 4
9020137, INT3405, 5.6
8020118, INT2203, 6.9
8020118, INT2204, 6.3
8020118, INT3110, 4
8020118, INT3306, 3.2
8020118, INT3217, 0
8020118, INT3403, 6.5
9020160, INT3217, 4
9020160, INT3505, 7.6
9020160, INT3403, 1.2
9020160, INT3508, 0
9020160, INT3509, 7.5
9020175, INT3508, 9
9020175, INT4050, 9.2
9020185, INT3508, 8.5
9020185, INT4050, 8.7
9020186, INT3217, 10
9020186, INT4050, 8.2
9020239, INT3508, 7.5
9020239, INT4050, 7
8020185, PHY1100, 5.6
8020185, INT2202, 5.5
8020185, INT3202, 5.7
8020185, INT3306, 4.6
8020185, INT3108, 7.7
8020185, INT3217, 3.5
9020220, INT3217, 2.8
9020220, INT3505, 5.8
9020220, INT3508, 9
9020220, INT3509, 9
9020220, INT3405, 6.1
8020188, FLF1107, 6.7
8020188, ELT2035, 5
8020188, INT3202, 7.3
8020188, INT3306, 3.2
8020188, INT3217, 0
8020188, INT3403, 6.8
9020249, INT3115, 8.2
9020249, INT3508, 9
9020249, INT4050, 8.6
9020256, INT3115, 4.4
9020256, INT3108, 6.6
9020256, INT3217, 9.6
9020256, INT3301, 4.9
9020256, INT3506, 8.5
9020256, INT3403, 4.2
9020256, INT3508, 8.5
9020256, INT3509, 8.5
9020260, MAT1101, 7
9020260, INT3108, 5.7
9020260, INT3217, 7.2
9020260, INT3506, 8.5
9020260, INT3403, 5.6
9020260, INT3509, 8.5
9020262, INT2208, 7.1
9020262, INT3217, 10
9020262, INT3301, 5
9020262, INT3506, 8.5
9020262, INT3508, 8.5
9020262, INT3509, 9.5
9020281, INT3508, 7
9020281, INT4050, 7.9
9020288, INT3508, 7
9020288, INT4050, 7.9
9020301, MAT1094, 8.5
9020301, INT2203, 8.5
9020301, INT2204, 5.9
9020301, INT3306, 8.1
9020301, INT3108, 5.5
9020301, INT3506, 8.5
9020301, INT3508, 0
9020301, INT3509, 8
9020331, INT3217, 10
9020331, INT4050, 8.9
9020349, INT3301, 4
9020349, INT3506, 9.2
9020349, INT3509, 9
9020349, INT3405, 5.6
8020274, FLF1107, 7.3
8020274, ELT2035, 7.5
8020274, INT2202, 6.8
8020274, INT3202, 7.1
8020274, INT3217, 9.7
8020274, INT3403, 6.9
9020359, INT1050, 6.6
9020359, INT3202, 7
9020359, INT4050, 8.1
9020379, INT4050, 8.8
9020381, ELT2035, 4
9020381, INT3110, 4.4
9020381, INT3306, 3.1
9020381, INT3108, 7.2
9020381, INT3217, 7.2
9020381, INT3301, 4.7
9020381, INT3506, 8.5
9020381, INT3403, 5
9020381, INT3508, 8.5
9020381, INT3509, 6.5
9020398, INT3301, 4.8
9020398, INT4050, 9.2
9020402, INT3301, 4.2
9020402, INT4050, 8.1
9020424, MAT1101, 5
9020424, INT3505, 5.8
9020424, INT3404, 2.1
9020424, INT3508, 9
9020424, INT3509, 6.5
9020435, INT4050, 8.9
9020450, INT3115, 6.2
9020450, MAT1099, 6.8
9020450, INT3301, 6
9020450, INT3307, 8.8
9020450, INT3506, 9.2
9020450, INT3508, 8
9020450, INT3509, 8
8020367, INT1050, 5.7
8020367, INT3110, 6.4
8020367, INT3217, 7.9
8020367, INT3301, 5
8020367, INT3403, 6.1
9020467, INT3217, 7.2
9020467, INT3403, 6
9020467, INT3508, 7.5
9020467, INT4050, 8.8
9020471, INT2206, 5.6
9020471, INT3306, 7.2
9020471, INT3115, 7.3
9020471, INT3108, 5.1
9020471, INT3301, 6.3
9020471, INT3505, 5.8
9020471, INT3508, 6
9020471, INT3509, 8.5
9020479, ELT2035, 5
9020479, INT3202, 5.6
9020479, INT3110, 4.7
9020479, INT3306, 4.6
9020479, INT3301, 7.6
9020479, INT3506, 8.2
9020479, INT3403, 4.2
9020479, INT3509, 8
8020384, POL1001, 6.7
8020384, INT1006, 7.6
8020384, ELT2035, 7.6
8020384, INT3202, 8.7
8020384, INT3110, 7.5
8020384, INT3217, 10
8020384, INT3301, 10
9020496, INT3506, 8.5
9020496, INT3508, 9
9020496, INT3509, 8
9020512, MAT1101, 4.4
9020512, INT3108, 7
9020512, INT3217, 10
9020512, INT3301, 5.2
9020512, INT3506, 8.5
9020512, INT3508, 9
9020512, INT3509, 8
9020521, INT1050, 6.5
9020521, INT4050, 8
9020525, INT4050, 8.3
9020536, INT3202, 5.3
9020536, INT3301, 5.9
9020536, INT3508, 8.5
9020536, INT4050, 8.4
9020540, INT3301, 0
9020540, INT3505, 0
9020540, INT3506, 0
9020540, INT3404, 0
9020540, INT3508, 0
9020540, INT3509, 0
8020418, POL1001, 5.8
8020418, PHY1100, 7
8020418, ELT2035, 4.5
8020418, INT1050, 5.8
8020418, INT2209, 5.2
8020418, INT3202, 7.8
8020418, INT3403, 5.1
9020552, INT4050, 9
9020569, INT3108, 6.5
9020569, INT3217, 10
9020569, INT3301, 4
9020569, INT3506, 9.2
9020569, INT3404, 1.4
9020569, INT3509, 8.5
9020569, INT3405, 4.8
7020459, PHY1103, 0.9
7020459, INT1050, 0
7020459, INT2206, 0
7020459, INT2209, 0
7020459, INT2208, 0
7020459, MAT1099, 0
9020571, MAT1095, 6.1
9020571, INT2203, 6.2
9020571, MAT1101, 4.8
9020571, INT2205, 8.3
9020571, INT2206, 5.6
9020571, INT2207, 4
9020571, INT3202, 7.5
9020571, INT3110, 3.2
9020571, INT3306, 2.9
9020571, INT3217, 10
9020571, INT3403, 5
9020579, INT4050, 8.3
9020580, INT3110, 4.4
9020580, INT3108, 6.2
9020580, INT3217, 7.2
9020580, INT3301, 5.6
9020580, INT3506, 8.5
9020580, INT3403, 6
9020580, INT3508, 8.5
9020580, INT3509, 6
8020454, INT2204, 5
8020454, INT3202, 4.2
8020454, INT3403, 5.4
9020594, INT3508, 6.5
9020594, INT4050, 7.8
9020574, ELT2035, 4.7
9020574, INT3110, 4
9020574, INT3508, 7.5
8020474, FLF1106, 4.5
8020474, MAT1093, 2.5
8020474, MAT1094, 8.3
8020474, INT3202, 5.5
8020474, INT3217, 1.4
8020475, POL1001, 5.3
8020475, MAT1095, 9
8020475, PHY1100, 6.6
8020475, INT3202, 7.5
8020475, INT3306, 3.8
8020475, INT3217, 9.7
8020475, INT3403, 6.4
9020001, INT3506, 8.5
9020001, INT3508, 9
9020001, INT3509, 8
9020005, INT4050, 9.3
8020006, FLF1106, 0
8020006, FLF1107, 0
8020006, INT2204, 0
8020006, INT2207, 0
8020006, INT3202, 0
8020006, INT3110, 0
8020006, INT3306, 0
8020006, MAT1099, 0
8020006, MAT1100, 0
8020006, INT3403, 0
9020012, INT4050, 8.3
9020013, PHI1004, 7.8
9020013, PHI1005, 7.1
9020013, FLF1106, 7.5
9020013, INT4050, 9.3
9020017, INT4050, 8.4
9020022, INT4050, 8.1
9020024, INT3306, 7.1
9020024, INT3108, 6.7
9020024, INT3301, 4.1
9020024, INT3506, 8.5
9020024, INT3508, 9
9020024, INT3509, 7
9020028, INT4050, 8.1
9020028, INT3405, 6.5
9020061, HIS1002, 5.4
9020061, INT3202, 7.9
9020061, INT3110, 5.8
9020061, INT3115, 6.5
9020061, INT3301, 4.6
9020062, INT4050, 9.2
9020064, INT3301, 6.8
9020064, INT3505, 5.8
9020064, INT3506, 9.2
9020064, INT3404, 3.2
9020064, INT3509, 7
9020064, INT3405, 0
9020065, INT3508, 9
9020065, INT4050, 8.4
9020075, INT3505, 8.6
9020075, INT3508, 7
9020075, INT3509, 8.5
9020081, INT2206, 6.6
9020081, INT3115, 7.7
9020081, INT3301, 8.8
9020081, INT3506, 9.2
9020081, INT3403, 4
9020081, INT3508, 9
9020081, INT3509, 8.5
8020065, INT1006, 6.3
8020065, INT3202, 6.7
8020065, INT3110, 5.6
8020065, INT3108, 7.5
8020065, INT3403, 7.6
9020099, INT4050, 8.3
9020103, ELT2035, 2.4
9020103, MAT1101, 6.6
9020103, MAT1099, 1.2
9020103, INT3508, 0
9020103, INT4050, 0
9020106, INT3306, 1.6
9020106, INT3505, 0
9020106, INT3403, 1.6
9020122, INT2202, 4.1
9020122, INT3306, 6.6
9020122, INT3108, 5
9020122, INT3301, 5.4
9020122, INT3505, 5.8
9020122, INT3508, 10
9020122, INT3509, 9
8020106, FLF1106, 0
8020106, ELT2035, 4
8020106, INT2206, 4.8
8020106, INT3110, 4.8
8020106, INT3306, 6.6
9020140, INT2203, 5.1
9020140, INT1050, 6.5
9020140, INT2207, 5
9020140, INT3108, 6.4
9020140, INT3307, 0
9020140, INT3506, 9.2
9020140, INT3403, 4
9020140, INT3509, 4
9020140, INT3405, 6.8
9020148, ELT2035, 0
9020148, INT2202, 0.8
9020149, ELT2035, 4.2
9020149, INT3202, 6.8
9020149, INT3217, 2.8
9020149, INT3307, 8.2
9020149, INT3403, 4.6
9020149, INT3509, 7.5
8020150, MAT1095, 5
8020150, INT2203, 5.5
8020150, INT2208, 5.9
8020150, INT3202, 4
9020191, INT4050, 7.7
9020195, INT3301, 8.9
9020195, INT3404, 3.2
9020195, INT3508, 7
9020195, INT4050, 8.7
9020195, INT3405, 5.8
9020199, INT3508, 8.5
9020199, INT4050, 7.8
9020213, INT4050, 8.4
9020227, INT2209, 8
9020227, INT3108, 0
9020227, INT3217, 10
9020227, INT3301, 5.2
9020227, INT3506, 9.2
9020227, INT3508, 10
9020227, INT3509, 9
8020186, FLF1106, 4.8
8020186, INT1050, 5.1
8020186, INT3202, 6.6
8020186, INT3110, 6.2
8020186, INT3217, 0
9020263, POL1001, 3.3
9020263, INT2203, 5
9020263, INT2209, 7.8
9020263, INT3202, 6.8
9020263, INT3110, 7.3
9020263, INT3115, 8.3
9020263, INT3301, 4.6
9020263, INT3403, 5.8
9020269, INT4050, 8.8
9020272, INT1006, 7.9
9020272, INT3202, 5.8
9020272, INT3115, 7.5
9020272, INT3217, 2.8
9020272, INT3301, 4
9020272, INT3506, 9.2
9020272, INT3508, 7.5
9020272, INT3509, 8.5
9020272, INT3405, 4.1
9020278, INT4050, 8.9
9020298, INT3508, 8.5
9020298, INT4050, 0
9020312, INT1050, 6.8
9020312, INT3202, 8
9020312, INT3115, 8
9020312, INT3506, 8.5
9020312, INT3403, 5.1
9020312, INT3508, 8
9020312, INT3509, 8
9020319, INT3301, 7.8
9020319, INT4050, 9
9020320, INT2209, 4.5
9020320, INT3508, 9
9020320, INT4050, 9
9020324, INT3508, 9
9020324, INT4050, 8.6
9020328, FLF1106, 4.4
9020328, INT3505, 5.8
9020328, INT3508, 9
9020328, INT3509, 8
9020330, FLF1106, 5.2
9020330, INT2207, 5
9020330, INT3115, 6.3
9020330, INT3301, 4.8
9020330, INT3506, 8.5
9020330, INT3509, 8
8020262, INT1006, 3
8020262, ELT2035, 5.5
8020262, INT2204, 5
8020262, INT2205, 4.8
8020262, INT2206, 6
8020262, INT2207, 6.7
8020262, INT2208, 6.4
8020262, INT3110, 5.7
8020262, INT3306, 3.8
9020334, INT1050, 5.6
9020334, INT2206, 8.8
9020334, INT3508, 9
9020334, INT4050, 8
9020335, INT3301, 5.7
9020335, INT3506, 10
9020335, INT3508, 9
9020335, INT3509, 9
9020341, INT2207, 5
9020341, INT4050, 8.4
9020345, PHY1100, 6.3
9020345, INT3301, 4.6
9020345, INT3506, 8.5
9020345, INT3508, 8.5
9020345, INT3509, 9
9020354, INT4050, 8.9
9020356, INT4050, 8.1
9020361, INT4050, 9.2
9020396, INT3508, 9.5
9020396, INT4050, 8.8
9020408, POL1001, 6.1
9020408, MAT1094, 8.5
9020408, PHY1100, 7.6
9020408, ELT2035, 0.8
9020408, INT2204, 8.4
9020408, INT3202, 4.8
9020408, INT3306, 8.6
9020408, INT3217, 10
9020463, INT4050, 8.7
9020464, HIS1002, 6.6
9020464, ELT2035, 2.3
9020464, INT3202, 6.9
9020464, INT3306, 7.7
9020464, INT3108, 9.1
9020464, INT3505, 8.6
9020464, INT3509, 8.5
9020456, MAT1094, 0.5
9020456, INT3110, 0.4
9020456, INT3115, 7.3
9020456, INT3217, 0
9020456, INT3505, 0
9020456, INT3404, 0
9020466, INT3217, 10
9020466, INT3301, 7.5
9020466, INT4050, 8.6
9020468, INT3508, 8.5
9020468, INT4050, 9
9020469, HIS1002, 5
9020469, INT4050, 0
9020469, INT3509, 10
9020469, INT3405, 5.8
9020476, INT2207, 5
9020476, INT3202, 6
9020476, INT3306, 7.9
9020476, INT3301, 4
9020476, INT3506, 9.2
9020476, INT3403, 4.4
9020490, INT4050, 9
8020396, INT1050, 7.3
8020396, INT2204, 7
8020396, INT3202, 6.5
8020396, INT3110, 5.7
8020396, INT3306, 0
8020396, INT3217, 7.2
8020396, INT3301, 5
9020511, INT3403, 5.4
9020511, INT3508, 8.5
9020511, INT4050, 7.7
9020532, INT3508, 9
9020532, INT4050, 9.4
9020533, INT3115, 6.3
9020533, INT3301, 7.3
9020533, INT4050, 8.8
9020539, INT1050, 4.6
9020539, INT3115, 8.6
9020539, INT3108, 0.4
9020539, INT3217, 0
9020544, INT3508, 8
9020544, INT4050, 8.3
8020427, HIS1002, 7
8020427, INT2205, 5.3
8020427, INT2208, 6.4
8020427, INT3202, 7.1
8020427, INT3110, 7.4
8020427, INT3306, 9.8
8020427, INT3217, 8.6
8020427, INT3403, 7.2
8020435, POL1001, 6.5
8020435, INT1006, 5
8020435, FLF1107, 5.4
8020435, INT2203, 6.4
8020435, INT2204, 5
8020435, INT3202, 4.1
8020435, INT3110, 5.2
8020435, INT3306, 3
8020435, INT3217, 0
8020435, INT3301, 7
9020581, INT3217, 7.6
9020581, INT3301, 4.2
9020581, INT4050, 8.1
9020584, POL1001, 6.3
9020584, PHY1100, 5.8
9020584, INT2206, 9
9020584, INT3115, 7.6
9020584, INT3108, 4.8
9020584, INT3217, 2.8
9020584, INT3506, 9.2
9020584, INT3509, 6
9020573, INT3508, 8
9020573, INT4050, 8.4
9020576, INT4050, 8.5
8020470, INT1050, 6.5
8020470, INT2206, 5.8
8020470, INT2208, 5.8
8020470, INT2202, 5.4
8020470, MAT1099, 5.1
9020619, INT4050, 8.8
8020008, INT4050, 9.4
8020009, PHY1100, 8.1
8020009, INT2205, 5.8
8020009, INT3202, 7.8
8020009, INT3301, 10
8020009, INT3505, 6.8
8020009, INT3506, 8.8
8020009, INT3509, 8
8020014, INT4050, 8.8
8020018, INT2208, 7.9
8020018, INT4050, 8.9
8020018, MAT1089, 5.6
8020486, INT1006, 9.2
8020486, INT1050, 8.2
8020486, INT4050, 8.8
8020022, ELT2035, 6
8020022, INT3217, 7.2
8020022, INT3301, 4
8020022, INT3506, 9.5
8020022, INT3403, 5
8020022, INT3509, 8.5
8020035, INT3506, 8.9
8020035, INT4050, 0
8020035, INT3509, 8
8020037, INT3217, 7.2
8020037, INT4050, 8.7
8020039, INT4050, 8.8
8020042, INT4050, 8.3
8020052, INT4050, 8.6
8020053, INT4050, 8.7
8020061, INT4050, 8.3
8020063, INT4050, 8.8
8020071, INT4050, 8.6
8020078, INT3217, 5.7
8020078, INT3506, 7.6
8020078, INT3509, 8
8020078, MAT1089, 4.4
8020080, INT4050, 8.8
7020072, POL1001, 5.8
7020072, HIS1002, 5.4
7020072, FLF1105, 7
7020072, FLF1107, 2.9
7020072, MAT1093, 4.5
7020072, ELT2035, 6
7020072, INT2205, 7
7020072, INT3115, 5.1
7020072, MAT1089, 4.6
8020088, INT1006, 9
8020088, PHY1100, 7.9
8020088, INT1050, 9.1
8020088, INT2204, 8
8020088, INT4050, 9
8020089, INT4050, 9.1
8020072, INT1050, 8.8
8020072, INT2206, 7.6
8020072, MAT1100, 6
8020072, INT3506, 9
8020072, INT4050, 8.1
8020094, INT4050, 8.2
8020105, INT1006, 2.1
8020105, INT3202, 4.5
8020105, INT3306, 0.6
8020105, INT3108, 6.2
8020105, INT3506, 8.6
8020105, INT3509, 6.8
8020105, INT3405, 4
8020111, INT4050, 8.8
8020119, INT4050, 9.5
8020143, INT2206, 5.7
8020143, INT3506, 9.1
8020143, INT4050, 0
8020143, INT3509, 8
8020134, INT4050, 9
8020135, INT4050, 7.4
8020138, INT1006, 8.8
8020138, INT2207, 9.4
8020138, INT4050, 8.7
8020141, INT3202, 5.6
8020141, INT3506, 7.4
8020153, INT4050, 8.7
8020155, HIS1002, 5.6
8020155, INT3108, 6.4
8020155, INT3301, 4
8020155, INT3505, 5.2
8020155, INT3509, 4.5
8020154, INT1006, 9
8020154, MAT1095, 8.3
8020154, PHY1100, 5.4
8020154, INT1050, 9.2
8020154, INT2204, 9
8020154, INT4050, 8.1
8020158, INT1006, 2.4
8020166, INT4050, 9.7
8020172, INT2209, 4.1
8020172, INT2208, 5.6
8020172, INT3306, 0
8020172, INT3506, 8.8
8020172, INT3509, 6.5
8020181, INT3202, 7.1
8020181, INT3505, 6.2
8020181, INT3506, 8.8
8020181, INT3509, 8
8020176, INT2207, 6.3
8020176, INT3217, 6.5
8020176, INT3506, 9.7
8020176, INT3509, 8.5
8020176, MAT1089, 8
8020180, PHY1100, 9
8020180, INT2205, 5.5
8020180, INT4050, 8.9
8020190, INT2209, 7.4
8020190, INT4050, 8.1
8020194, INT4050, 9.7
8020196, ELT2035, 0
8020196, INT3506, 7.1
8020201, INT1050, 7
8020201, INT2204, 6
8020201, INT2202, 0
8020201, INT3306, 2.8
8020201, MAT1100, 8
8020201, INT3505, 0
8020201, INT3506, 9.1
8020201, INT3509, 8
8020205, INT3506, 7.3
8020205, INT3509, 6
8020209, INT4050, 8.9
8020220, INT1050, 7.4
8020220, INT2207, 4.3
8020220, INT3217, 8.7
8020220, INT3505, 6.6
8020220, INT3506, 8.8
8020220, INT3509, 9
8020225, INT3217, 7.4
8020225, INT3301, 4
8020225, INT4050, 7.1
8020231, INT3202, 9
8020231, INT3506, 9.7
8020231, INT3509, 8.5
8020237, INT4050, 8.3
8020242, INT3217, 6.5
8020242, INT3506, 9.1
8020242, INT3509, 8
8020242, INT3405, 8
8020243, INT3202, 7.7
8020243, INT3506, 9.1
8020243, INT3403, 6.6
8020243, INT3509, 8.5
8020247, INT2204, 7.3
8020247, INT2206, 5
8020247, INT2208, 5.5
8020247, INT3306, 6.4
8020247, INT3506, 9.1
8020247, INT3509, 8.5
8020254, INT4050, 9.2
8020259, INT3306, 8.2
8020259, INT3217, 8.3
8020259, INT3506, 9.1
8020259, INT3509, 9.5
8020259, MAT1089, 5.2
8020276, INT3505, 6.4
8020277, INT4050, 9.2
8020281, POL1001, 5.5
8020281, HIS1002, 4.4
8020281, INT3108, 6.4
8020281, INT3301, 4
8020281, INT3506, 9.7
8020281, INT3509, 8.5
8020284, INT3506, 8.3
8020284, INT3509, 7.2
8020550, INT3306, 5.4
8020550, INT3506, 7.2
8020550, INT3509, 6.5
8020292, INT4050, 8.6
8020302, INT3506, 8.7
8020302, INT3509, 8
8020299, INT4050, 9.3
8020308, INT4050, 9.2
8020310, INT4050, 8.5
8020315, INT3110, 6.9
8020315, INT4050, 8.2
8020316, INT3405, 8
8020323, INT3202, 5.7
8020323, INT3403, 6.9
8020323, INT4050, 8.5
8020338, INT2206, 5.6
8020338, INT3217, 8.3
8020338, INT3301, 4
8020338, INT4050, 8.7
8020350, INT4050, 8.3
8020352, MAT1095, 6.9
8020352, PHY1100, 8.2
8020352, INT2204, 9
8020352, INT3403, 5.6
8020352, INT4050, 8.1
8020370, INT4050, 9.2
8020376, INT4050, 8.1
8020381, INT2206, 5.6
8020381, INT3217, 7.2
8020381, INT4050, 8.5
8020389, INT3506, 7.4
8020393, INT4050, 8.7
8020394, MAT1095, 9.3
8020394, INT1050, 8.8
8020394, INT3506, 9.7
8020394, INT3509, 8.5
8020403, INT1050, 7.8
8020403, INT3202, 7.2
8020403, INT3506, 9.1
8020403, INT3509, 8
8020403, MAT1089, 6.4
8020405, INT4050, 9
8020410, INT4050, 8.3
8020415, INT4050, 8.4
8020426, INT4050, 9.1
8020428, INT4050, 8.5
8020464, INT2204, 9
8020464, INT3306, 8.6
8020464, INT3217, 4.2
8020464, INT3506, 7
8020464, INT3403, 5.8
8020464, INT3509, 6.3
8020464, INT3405, 8.5
8020452, INT4050, 7.4
8020441, INT4050, 8.2
8020466, INT1006, 6.3
8020466, INT1050, 7.8
8020466, INT3108, 6.8
8020466, INT3217, 0
8020466, INT4050, 8.2
8020468, INT3506, 8.5
8020468, INT3509, 8.5
8020476, INT4050, 9.3
8020478, INT4050, 8.4
8020480, INT1006, 7.4
8020480, MAT1095, 9.3
8020480, INT4050, 8.5
7020179, POL1001, 7.7
7020179, HIS1002, 4.6
7020179, FLF1106, 8
7020179, FLF1107, 8
7020179, MAT1095, 9.9
7020179, PHY1100, 4.6
7020179, INT1050, 6.5
7020179, INT2206, 2.8
7020179, INT3202, 4.4
7020179, INT3110, 9
7020179, INT3115, 5.5
8020001, PHY1100, 7.1
8020001, INT2202, 9.5
8020001, INT4050, 8.3
8020003, INT4050, 8.8
8020003, INT3405, 9
8020024, INT2204, 5
8020024, INT3506, 9.5
8020024, INT3403, 5.4
8020024, INT3509, 8.5
8020050, INT3202, 5.7
8020050, INT3110, 6.4
8020050, INT3217, 0
8020050, INT3301, 10
8020050, INT3506, 7.4
8020050, INT3403, 4.6
8020050, INT3509, 4.5
8020060, INT3108, 6.4
8020060, INT3506, 9.9
8020060, INT4050, 9.4
8020062, INT4050, 7.1
8020062, INT3405, 8
8020066, INT4050, 9
8020068, INT4050, 8.2
8020081, INT4050, 8.5
8020083, INT4050, 8.6
8020084, HIS1002, 5.4
8020084, INT3306, 7
8020084, INT3115, 7.4
8020084, INT3301, 6.8
8020084, INT3506, 8.8
8020084, INT4050, 0
8020084, INT3509, 10
8020099, PHI1004, 7.2
8020099, PHI1005, 7.2
8020099, PHY1100, 7.5
8020099, INT2204, 7
8020099, INT3115, 7.9
8020099, INT3217, 5.4
8020099, INT3506, 8.7
8020099, INT3509, 9.5
8020099, INT3405, 7
8020107, INT1050, 6.9
8020107, INT2207, 5.2
8020107, INT3301, 7
8020107, INT3505, 8.2
8020107, INT3506, 8.8
8020107, INT3509, 8
8020108, INT3306, 5.8
8020122, INT4050, 8.1
8020121, INT4050, 8.3
8020124, FLF1105, 8.1
8020124, FLF1106, 7.1
8020124, ELT2035, 8
8020124, INT2206, 9.6
8020124, INT2208, 9
8020124, INT3202, 7
8020124, INT3110, 8.3
8020124, INT3403, 7.7
8020124, INT3405, 8
8020124, MAT1089, 9
8020137, PHY1100, 6.1
8020137, INT2204, 7.7
8020137, INT2202, 7
8020137, INT3306, 8
8020137, INT3108, 6.7
8020137, INT3217, 3.5
8020137, INT3506, 9.5
8020137, INT3509, 8.5
8020142, ELT2035, 8
8020142, INT2202, 9.4
8020142, INT3202, 7.4
8020142, INT3108, 8.3
8020142, INT3301, 10
8020142, INT3505, 8
8020142, INT3509, 8.4
8020145, INT4050, 8.6
8020149, INT3306, 1.2
8020149, INT3115, 6.4
8020149, INT3108, 6
8020149, INT3301, 5
8020149, INT3506, 7.4
8020149, INT3509, 6.5
8020149, INT3405, 9
8020170, INT1050, 8.2
8020170, INT3202, 6.9
8020170, INT3108, 6.7
8020170, INT3301, 4.5
8020170, INT3506, 8.7
8020170, INT3403, 4.6
8020170, INT3509, 10
8020171, INT4050, 9.4
6020157, HIS1002, 0
8020203, INT2206, 8
8020203, INT3202, 6.6
8020203, INT3108, 6.8
8020203, INT3403, 2.4
8020203, INT3405, 9
8020212, INT3217, 9.3
8020212, INT3506, 8.8
8020212, INT3403, 4.5
8020212, INT3509, 8
8020222, HIS1002, 5.6
8020222, INT2202, 5.4
8020222, INT3108, 7
8020228, PHY1100, 7.2
8020228, INT3110, 7.4
8020228, INT4050, 8.5
8020229, INT3301, 4
8020229, INT4050, 8.6
8020232, INT4050, 9.1
7020248, MAT1093, 5.7
7020248, INT2203, 6.3
7020248, INT1050, 5.6
7020248, INT3110, 6.2
7020248, INT3401, 0
8020239, INT4050, 8.1
8020241, HIS1002, 6
8020241, MAT1095, 7.2
8020241, INT1050, 4.1
8020241, INT3505, 6.6
7020265, INT1006, 0
7020265, FLF1106, 6.6
7020265, FLF1107, 6.6
7020265, INT2203, 0
7020265, INT3202, 5.4
7020265, INT3110, 0
7020265, INT3115, 1.3
8020488, FLF1105, 7.1
8020488, INT3108, 6.9
8020251, INT4050, 9
8020269, INT3202, 7.5
8020269, INT4050, 8.9
8020272, INT3506, 8.8
8020272, INT4050, 8.9
7020295, MAT1093, 0
7020295, INT2206, 4.1
7020295, INT3110, 1.2
7020295, INT3306, 0
7020295, INT3115, 6.3
7020295, INT3301, 2.5
8020287, INT4050, 9
8020296, INT4050, 8.8
8020298, INT4050, 9.1
6020479, HIS1002, 0
8020322, INT3202, 5.1
8020322, INT3115, 6.4
8020322, INT3217, 4.2
8020322, INT3301, 6
8020322, INT3505, 5.2
8020322, INT3509, 8.4
8020329, POL1001, 6.6
8020329, HIS1002, 5.8
8020329, INT4050, 8.6
8020332, INT2203, 7.6
8020332, INT2206, 7.7
8020332, INT3306, 3.4
8020332, INT3115, 8.4
8020347, ELT2035, 4
8020347, INT1050, 4.3
8020347, INT2206, 5.8
8020347, INT3110, 2.1
8020347, INT3306, 0
8020347, INT3115, 0
8020347, INT3506, 7.4
8020347, INT3403, 0
8020349, INT4050, 9.3
8020351, PHY1100, 4.6
8020351, INT3301, 4
8020351, INT3506, 9.7
8020351, INT3509, 9
8020378, INT3506, 7.3
8020378, INT3509, 6.5
8020380, INT3108, 6.4
8020380, INT4050, 8.4
8020383, INT4050, 8.9
8020385, INT2209, 6.6
8020385, INT3202, 9
8020385, INT3110, 6.2
8020385, INT3306, 9.2
8020385, INT3115, 6.2
8020385, INT3301, 4
8020385, INT3505, 6.4
8020385, INT3403, 7.8
8020385, INT3509, 7.5
8020388, INT3108, 0
8020388, INT3403, 6.5
8020388, INT4050, 8.6
7020389, INT3110, 4.1
8020395, HIS1002, 6.5
8020395, INT2206, 6.4
8020395, INT3306, 9.2
8020395, INT3301, 6.2
8020395, INT3506, 9.7
8020395, INT3509, 8
8020401, INT4050, 9.3
8020407, INT3506, 9.1
8020407, INT3509, 9.5
8020407, INT3405, 4
8020422, INT1050, 7.4
8020422, INT4050, 8.1
8020423, INT3306, 6.8
8020423, INT3115, 5.9
8020423, INT4050, 8.5
8020462, INT4050, 7.5
8020432, INT4050, 9.1
7020458, POL1001, 5.8
7020458, HIS1002, 5.8
7020458, INT2203, 5.1
7020458, INT1050, 8.5
7020458, INT2206, 4.1
7020458, INT3110, 4.6
7020458, INT3306, 1.4
7020458, INT3115, 6.7
8020447, INT3506, 9.7
8020447, INT4050, 8
8020448, INT4050, 9.1
8020438, INT4050, 0
7020480, INT2206, 2.4
7020480, INT2209, 0
7020480, INT3202, 0.8
7020480, INT3110, 0
7020480, INT3306, 0
7020480, INT3115, 1
7020480, INT3301, 2
8020469, INT4050, 8.9
6020001, HIS1002, 7
6020001, INT2207, 6.4
6020001, INT3401, 7
6020001, INT3402, 7.5
6020001, INT2020, 9
6020001, INT2009, 7
7020014, INT3505, 7.9
7020014, INT3509, 8
6020013, HIS1002, 7.3
6020013, INT2207, 5.5
6020013, INT3301, 4
6020013, INT3402, 4.2
6020013, INT2020, 8
6020013, INT2009, 7.4
7020027, INT4050, 8.7
6020017, HIS1002, 5.9
6020017, INT2207, 4.6
6020017, INT3301, 5.2
6020017, INT3401, 4.2
6020017, INT3402, 6.8
6020017, INT2020, 5
6020017, INT2009, 6.8
7020035, INT1050, 5.7
7020035, INT2206, 4.5
7020035, INT3306, 7.7
7020035, INT3505, 6.3
7020035, INT3401, 8.4
7020035, INT3509, 8
7020035, INT3402, 7.5
7020039, INT2205, 6
7020039, INT3505, 7
7020039, INT3401, 8.2
7020039, INT3509, 9
7020045, ELT2035, 4
7020045, INT2205, 5.3
7020045, INT3301, 2
7020045, INT3505, 7
7020045, INT3509, 9
6020033, HIS1002, 6.5
6020033, INT2207, 6.9
6020033, INT3301, 5.3
6020033, INT3402, 5.7
6020033, INT2020, 6
6020033, INT2009, 6.4
7020061, INT3505, 6.2
7020061, INT3509, 9
7020065, INT1050, 7.5
7020065, INT2202, 8.8
7020065, INT3306, 4.1
7020065, INT4050, 9.3
6020060, HIS1002, 7.8
6020060, INT2207, 4.1
6020060, INT3301, 5.2
6020060, INT3401, 7.1
6020060, INT3402, 8.7
6020060, INT2020, 9
6020060, INT2009, 7.7
7020074, INT2202, 5.4
7020074, INT3301, 4.3
7020074, INT3505, 8.2
7020074, INT3509, 8.5
7020067, INT3505, 6.2
7020067, INT3509, 8
7020068, MAT1095, 5.9
7020068, INT1050, 6.7
7020068, INT2206, 5.6
7020068, INT2209, 7.5
7020068, INT2202, 5.2
7020068, INT3306, 7.1
7020068, INT3505, 8.5
7020068, INT3403, 5.5
7020068, INT3509, 8
7020083, INT4050, 9.4
7020082, INT4050, 9
6020085, HIS1002, 6.6
6020085, INT2207, 5.5
6020085, INT3301, 5.8
6020085, INT3401, 5.5
6020085, INT3402, 6
6020085, INT2020, 6
6020085, INT2009, 7.7
7020097, MAT1094, 5.8
7020097, MAT1095, 7.6
7020097, INT1050, 6.8
7020097, INT3306, 6.8
7020097, INT3505, 7.3
7020097, INT3509, 8
7020095, INT3306, 7.8
7020095, INT3301, 7
7020095, INT3307, 0
7020095, INT3505, 5.8
7020095, INT3401, 6.6
7020095, INT3403, 5
7020095, INT3509, 8
7020098, INT2203, 0
7020098, INT2205, 0
7020098, INT3306, 7
7020098, INT3307, 0
7020098, INT3505, 6.2
7020098, INT3401, 6.7
7020098, INT3403, 5
7020098, INT3509, 5
7020098, INT3402, 7
7020103, MAT1095, 5
7020103, INT3505, 6.5
7020103, INT3509, 9
7020103, INT3402, 7
7020106, INT3306, 7.1
7020106, INT4050, 8.9
7020120, INT1050, 0
7020120, INT3301, 5
7020120, INT3505, 7.6
7020120, INT3509, 8
7020125, INT3306, 7.4
7020125, INT3505, 7.5
7020125, INT3509, 8
7020126, FLF1105, 9
7020126, FLF1107, 7
7020126, MAT1095, 8.9
7020126, INT1050, 5.9
7020126, INT2205, 6.3
7020126, INT3306, 7
7020126, INT3301, 3.4
7020126, INT3505, 5.8
7020126, INT3401, 6
7020126, INT3403, 5.8
7020126, INT3509, 8
7020126, INT2020, 9.5
6020117, HIS1002, 7
6020117, INT2207, 5
6020117, INT3301, 6
6020117, INT3401, 5
6020117, INT3402, 5
6020117, INT2020, 8
6020117, INT2009, 5
7020130, MAT1101, 8
7020130, INT2202, 7.2
7020130, INT3306, 8.2
7020130, INT3401, 8
7020130, INT4050, 8.7
7020130, INT3402, 8.5
6020126, HIS1002, 6
6020126, INT2207, 5.8
6020126, INT3301, 4.8
6020126, INT3401, 4.7
6020126, INT3402, 4.8
6020126, INT2020, 7
6020126, INT2009, 6.1
7020143, INT3505, 7.3
7020143, INT3509, 8.5
7020174, INT3306, 7.3
7020174, INT3505, 5.1
7020174, INT3509, 9
7020160, INT1006, 6
7020160, MAT1094, 4.4
7020160, PHY1100, 5.3
7020160, INT1050, 5.4
7020160, INT3301, 4.7
7020160, INT3505, 6.6
7020160, INT3509, 9
6020154, HIS1002, 5.9
6020154, INT2207, 5
6020154, INT3301, 4.6
6020154, INT3401, 4.8
6020154, INT3402, 4.8
6020154, INT2020, 6
6020154, INT2009, 6
7020183, INT3505, 7.1
7020183, INT3509, 9
7020204, INT2206, 7.7
7020204, INT3301, 2
7020204, INT3505, 7
7020204, INT3509, 8
7020204, INT3402, 7.5
6020167, HIS1002, 6.6
6020167, INT2207, 5.8
6020167, INT3301, 7.8
6020167, INT3401, 7.5
6020167, INT3402, 6.9
6020167, INT2020, 7
6020167, INT2009, 6.6
7020207, INT1050, 5.8
7020207, INT2206, 8.4
7020207, INT3306, 7.1
7020207, INT3505, 4.9
7020207, INT3401, 7.7
7020207, INT3403, 6.6
7020208, INT3301, 7.1
7020208, INT4050, 8.8
6020470, HIS1002, 6.6
6020470, INT2207, 7.1
6020470, INT3402, 5.1
6020470, INT2020, 7
6020470, INT2009, 6.9
7020224, INT4050, 9.3
7020230, INT3306, 7.2
7020230, INT3505, 5.8
7020230, INT3401, 8.1
7020230, INT3403, 6.9
7020230, INT3509, 8
7020252, INT1050, 7.5
7020252, INT3307, 7.6
7020252, INT3505, 6.6
7020252, INT3509, 8
6020224, HIS1002, 6.5
6020224, PHY1100, 5.5
6020224, INT2207, 9
6020224, INT3301, 6.8
6020224, INT3401, 6.9
6020224, INT3402, 7.8
6020224, INT2020, 8
6020224, INT2009, 7.9
7020254, PHY1100, 4
7020254, INT3301, 3.8
7020254, INT3505, 9.1
7020254, INT3509, 9
7020254, INT2009, 4.5
6020232, HIS1002, 6.8
6020232, INT2207, 7.6
6020232, INT3401, 6.2
6020232, INT3402, 5.1
6020232, INT2020, 6
6020232, INT2009, 6.1
7020260, INT4050, 7.6
6020241, HIS1002, 5.5
6020241, INT2207, 0
6020241, INT3301, 3.7
6020241, INT3402, 3.2
6020241, INT2020, 5
6020241, INT2009, 0
7020268, MAT1101, 6.6
7020268, INT1050, 7.7
7020268, INT4050, 9.3
6020255, HIS1002, 6
6020255, INT2207, 4
6020255, INT3301, 5
6020255, INT3401, 7
6020255, INT2020, 6
6020255, INT2009, 7
7020282, INT4050, 9
7020288, INT3301, 7
7020288, INT3505, 5.7
7020288, INT3401, 9
7020288, INT3509, 8
7020292, INT2202, 9.3
7020292, INT3505, 6.7
7020292, INT3509, 9
7020297, INT4050, 9.3
7020299, INT3505, 3.8
7020299, INT3403, 5.9
7020299, INT3509, 8
6020286, HIS1002, 6.5
6020286, INT2207, 7.5
6020286, INT3301, 7.8
6020286, INT3402, 5.9
6020286, INT2020, 6
6020286, INT2009, 7.5
7020314, INT1006, 7.7
7020314, FLF1106, 7.4
7020314, FLF1107, 7
7020314, MAT1094, 6.4
7020314, PHY1100, 4.4
7020314, ELT2035, 7.5
7020314, INT2203, 6.8
7020314, INT2206, 0
7020314, INT3306, 6.6
7020314, INT3505, 5.5
7020314, INT3509, 8
7020319, INT4050, 8.5
6020295, HIS1002, 7
6020295, INT3301, 4.9
6020295, INT3401, 5
6020295, INT3402, 6.3
6020295, INT2020, 7
6020295, INT2009, 6
7020333, INT4050, 9.3
7020343, INT4050, 9.1
7020357, INT2206, 8.4
7020357, INT3301, 6.4
7020357, INT3505, 7.1
7020357, INT3509, 8
7020360, INT1050, 6.5
7020360, INT2208, 6
7020360, INT2202, 9.3
7020360, INT4050, 8.3
7020377, INT2207, 6.1
7020377, INT3505, 6.2
7020377, INT3509, 8
7020396, INT1050, 5.8
7020396, INT3401, 8.1
7020396, INT4050, 8.5
6020356, HIS1002, 7
6020356, INT2207, 5
6020356, INT3301, 5
6020356, INT3401, 5
6020356, INT3402, 6
6020356, INT2020, 8
6020356, INT2009, 6
7020405, INT4050, 8.2
7020414, FLF1106, 5.6
7020414, FLF1107, 5.6
7020414, INT2202, 6.9
7020414, INT3505, 6.6
7020414, INT3403, 5.3
7020414, INT3509, 9
7020431, INT3306, 7.2
7020431, INT4050, 8.9
7020441, INT1050, 5.5
7020441, INT2206, 6.6
7020441, INT3505, 8.5
7020447, INT3301, 6
7020447, INT3505, 7.6
7020447, INT3509, 9
7020457, INT4050, 8.8
7020482, INT4050, 9.3
6020519, HIS1002, 7.7
6020519, INT2207, 6.9
6020519, INT3401, 5.8
6020519, INT3402, 7.9
6020519, INT2020, 6
6020519, INT2009, 8
7020484, INT4050, 8.5
6020491, HIS1002, 5
6020491, INT2207, 5
6020491, INT3301, 10
6020491, INT3401, 6
6020491, INT3402, 6
6020491, INT2020, 8
6020491, INT2009, 7
7020006, INT4050, 9.4
7020009, INT4050, 8.6
7020502, INT2208, 8.9
7020502, INT3306, 7.5
7020502, INT3505, 5.6
7020502, INT3401, 8.5
7020502, INT3509, 8
7020019, INT2207, 0
7020019, INT3505, 6.3
7020019, INT3401, 8.1
7020019, INT3509, 8
7020547, MAT1095, 8.6
7020547, INT3301, 7.3
7020547, INT4050, 9.4
7020042, INT4050, 9.3
7020043, INT4050, 9.1
7020574, INT4050, 9.1
6020517, HIS1002, 6.9
6020517, INT2207, 5.3
6020517, INT3402, 4
6020517, INT2009, 6.8
7020052, INT4050, 8.4
7020054, INT4050, 8.7
7020076, INT4050, 8.2
6020065, HIS1002, 6.3
6020065, INT3401, 2.9
6020065, INT3402, 4.9
6020065, INT2020, 5.6
6020065, INT2009, 6.3
6020456, HIS1002, 6.6
6020456, INT2203, 4.3
6020456, INT3402, 6
6020456, INT2020, 6.4
6020456, INT2009, 7.1
6020071, HIS1002, 6.4
6020071, INT2207, 4.6
6020071, INT3301, 5.7
6020071, INT3402, 6
6020071, INT2020, 7.1
6020071, INT2009, 4.5
7020085, INT4050, 9
7020499, INT3306, 7.4
7020499, INT3301, 7
7020499, INT3307, 6.8
7020499, INT3505, 7
7020499, INT3509, 7
7020499, INT2009, 5.2
7020115, INT4050, 8.8
7020119, INT4050, 8.6
7020121, INT3306, 6.4
7020121, INT4050, 8.6
6020118, HIS1002, 5
6020118, INT2207, 4.3
6020118, INT3301, 6.4
6020118, INT3402, 5.8
6020118, INT2020, 5.5
6020118, INT2009, 5.8
6020119, HIS1002, 6.3
6020119, INT3301, 5.7
6020119, INT3401, 4
6020119, INT3402, 4.8
6020119, INT2020, 5.2
6020119, INT2009, 7.1
7020118, INT4050, 9.3
5020147, ELT2035, 5
5020147, INT1050, 5.8
5020147, INT2204, 7
5020147, INT2205, 5
5020147, MAT1089, 7
7020512, INT4050, 8.3
7020515, INT4050, 8.4
5020170, ELT2035, 5
5020170, INT1050, 7
5020170, INT2204, 4.5
5020170, INT2205, 5
5020170, MAT1089, 6
7020542, INT1006, 6.2
7020542, FLF1107, 6.3
7020542, MAT1095, 10
7020542, ELT2035, 5
7020542, INT2203, 3
7020542, INT2207, 2.4
7020542, INT2208, 8.9
7020542, INT3306, 7
7020542, INT3301, 6
7020542, INT3307, 7.8
7020542, INT3505, 6
7020542, INT3401, 7.7
7020542, INT3509, 6
7020542, INT2009, 4.8
7020172, INT4050, 8.8
5020197, ELT2035, 5.4
5020197, INT1050, 5.1
5020197, INT2204, 6
5020197, MAT1089, 4
7020507, INT4050, 8.5
7020185, MAT1101, 5.9
7020185, INT2206, 3.5
7020185, INT3306, 5.4
7020185, INT3505, 5.8
7020185, INT3509, 9
6020469, HIS1002, 6.4
6020469, INT3301, 4.4
6020469, INT3401, 4
6020469, INT2020, 5.2
6020469, INT2009, 7.1
7020504, INT2207, 4
7020504, INT3505, 5.2
7020504, INT3401, 7.4
7020504, INT3403, 5
7020504, INT3509, 5
7020532, INT3301, 7
7020532, INT3401, 7
7020532, INT4050, 8.8
7020229, INT2206, 4.2
7020229, INT3306, 6.7
7020229, INT3505, 5.5
7020229, INT3401, 6.2
7020229, INT3509, 8.5
7020540, PHY1100, 6.2
7020540, INT2206, 3.5
7020540, INT3306, 6.2
7020540, INT3301, 5.2
7020540, INT3505, 7
7020540, INT3403, 5.5
7020540, INT3509, 9
7020537, INT3306, 6.4
7020537, INT3301, 8
7020537, INT3505, 5.5
7020537, INT3401, 6.8
7020537, INT3509, 8
7020274, INT4050, 8.4
7020513, INT4050, 9.1
7020287, INT4050, 9.5
7020294, INT1006, 8.9
7020294, INT2205, 5.3
7020294, INT3505, 7.6
7020294, INT3509, 9
7020548, INT1006, 8.1
7020548, MAT1095, 9.6
7020548, PHY1100, 7.2
7020548, INT3505, 8.2
7020548, INT3509, 8
6020277, HIS1002, 6.8
6020277, INT2207, 5.9
6020277, INT3301, 4.8
6020277, INT3401, 8.4
6020277, INT3402, 5.8
6020277, INT2020, 7.1
6020277, INT2009, 7.1
6020280, HIS1002, 6.3
6020280, INT2207, 5.9
6020280, INT3402, 6
6020280, INT2020, 6.9
6020280, INT2009, 7.4
7020309, INT3306, 6.3
7020309, INT3401, 7.2
7020309, INT4050, 8.7
7020337, FLF1106, 6.7
7020337, FLF1107, 6.7
7020337, INT3505, 7.5
7020337, INT3509, 8
7020327, INT4050, 8.7
7020535, INT3505, 7
7020535, INT3401, 6.5
7020535, INT3509, 5
7020535, INT2020, 3.1
6020313, HIS1002, 7.2
6020313, INT3402, 5.8
6020313, INT2020, 4
6020313, INT2009, 6.3
6020314, HIS1002, 6.7
6020314, INT2207, 6
6020314, INT3301, 5.1
6020314, INT3401, 6.2
6020314, INT3402, 7.1
6020314, INT2020, 6.2
6020314, INT2009, 7.3
6020515, HIS1002, 6.7
6020515, INT2207, 8.1
6020515, INT3301, 6.6
6020515, INT3401, 6.1
6020515, INT3402, 6.6
6020515, INT2020, 5.6
6020515, INT2009, 7
7020352, INT3306, 6.4
7020352, INT3505, 8.8
7020352, INT3509, 8
7020353, INT4050, 8.8
6020325, HIS1002, 6.3
6020325, INT2207, 7
6020325, INT3401, 5.9
6020325, INT3402, 6.1
6020325, INT2020, 5.3
6020325, INT2009, 7
7020534, INT3505, 8.8
7020534, INT3403, 5
7020534, INT3509, 7.5
6020339, HIS1002, 6.3
6020339, INT2207, 4.2
6020339, INT3402, 6.1
6020339, INT2009, 5
7020375, INT3301, 8
7020375, INT4050, 9.1
7020497, INT4050, 9.3
7020506, INT4050, 9.2
7020571, INT4050, 9
6020523, HIS1002, 6.7
6020523, INT3301, 4.5
6020523, INT2020, 5.8
6020523, INT2009, 6.8
5020405, ELT2035, 4.8
5020405, INT2204, 4
5020405, INT2205, 7
5020405, MAT1089, 5
7020411, INT3306, 7.7
7020411, INT3505, 7.2
7020411, INT3403, 5.9
7020411, INT3509, 6
7020545, INT4050, 7.8
7020498, INT3505, 8.1
7020498, INT3403, 5.3
7020498, INT3509, 6
7020432, INT4050, 8.7
7020437, INT3505, 6.7
7020437, INT3401, 7.8
7020437, INT3509, 9
7020543, INT3505, 7.1
7020543, INT3509, 7
7020443, INT4050, 8.7
5020438, ELT2035, 5
5020438, INT2204, 9
5020438, INT2205, 5
5020438, MAT1089, 5
7020549, INT3505, 8.3
7020549, INT3509, 9
7020495, INT3301, 8
7020495, INT3505, 7.2
7020495, INT3401, 6.8
7020495, INT3509, 5
5020456, ELT2035, 5
5020456, INT1050, 5
5020456, INT2204, 8
5020456, INT2205, 8
5020456, MAT1089, 4
6020413, HIS1002, 6.8
6020413, INT3301, 4.5
6020413, INT3401, 5
6020413, INT3402, 6
6020413, INT2020, 5.6
6020413, INT2009, 6.5
7020508, INT4050, 8.8
7020496, INT2206, 8
7020496, INT3301, 9
7020496, INT3307, 7.6
7020496, INT3505, 8.8
7020496, INT3509, 5
7020503, INT3306, 7.5
7020503, INT3505, 8.5
7020503, INT3509, 7
6020516, HIS1002, 6.3
6020516, INT2207, 5.9
6020516, INT3301, 6.5
6020516, INT3401, 5.9
6020516, INT3402, 5.3
6020516, INT2020, 4.7
6020516, INT2009, 7.3
7020494, INT4050, 8.9
