13020008,1,6.3
13020008,2,8.4
13020008,5,6.2
13020008,6,7.8
13020008,8,7.1
13020008,9,6.7
13020008,10,6.7
13020008,11,5.8
13020008,12,8.2
13020008,13,5.9
13020008,14,6.9
13020008,16,7.9
13020008,19,5.8
13020008,20,4
13020008,21,9.9
13020008,22,7.1
13020008,23,7.3
13020008,25,6.7
13020008,26,8.5
13020716,1,5.5
13020716,2,3.9
13020716,3,6.6
13020716,5,6.2
13020716,6,7.5
13020716,7,7.4
13020716,8,5.2
13020716,9,3.7
13020716,10,4
13020716,11,5.1
13020716,12,3.7
13020716,13,7.2
13020716,14,2.8
13020716,15,6.6
13020716,16,0
13020716,17,1.3
13020716,21,6.5
13020716,22,5.2
13020716,23,5.1
13020716,24,3.9
13020716,26,2.2
13020716,32,4.3
13020125,1,6.5
13020125,2,8.1
13020125,3,7.3
13020125,5,8.1
13020125,6,8.8
13020125,7,7.8
13020125,8,6
13020125,9,4.7
13020125,10,6.6
13020125,11,5.5
13020125,12,7.2
13020125,13,9.7
13020125,14,8.8
13020125,15,9.7
13020125,16,7.2
13020125,17,6.9
13020125,19,9.2
13020125,20,8.1
13020125,21,10
13020125,22,5.6
13020125,23,9.4
13020125,24,8.3
13020125,25,9.5
13020125,26,6
13020125,30,8
13020125,33,4.7
13020125,38,6.6
13020704,1,3
13020704,2,5.7
13020704,3,5.6
13020704,5,5.5
13020704,6,1.4
13020704,7,7.8
13020704,8,5.1
13020704,9,4.1
13020704,10,3.4
13020704,11,4.6
13020704,12,4.3
13020704,13,6.2
13020704,14,6
13020704,15,6.7
13020704,17,5
13020704,19,3.1
13020704,20,0.2
13020704,21,5.2
13020704,22,6.1
13020704,24,4.2
13020704,26,1.6
13020704,30,5.5
13020704,33,3.5
13020327,1,4.5
13020327,2,6
13020327,5,6.7
13020327,6,2.4
13020327,7,6.6
13020327,8,6.4
13020327,9,5.1
13020327,10,4.1
13020327,11,6.8
13020327,12,3.9
13020327,13,6.6
13020327,14,5
13020327,16,3
13020327,20,0
13020327,21,2.5
13020327,26,1.6
13020386,1,2.5
13020386,2,0
13020386,5,8.7
13020386,6,0
13020386,7,2.3
13020386,8,2.8
13020386,10,5.1
13020386,11,7.9
13020386,12,6.3
13020386,13,7.2
13020386,14,3.6
13020386,16,7.6
13020386,17,0
13020386,19,0
13020386,20,3.5
13020386,21,7.9
13020386,22,0
13020386,23,0
13020386,25,0
13020386,26,6.6
13020452,1,7.3
13020452,2,8.8
13020452,3,7.9
13020452,5,8.3
13020452,6,9.1
13020452,7,7.1
13020452,8,4.3
13020452,9,3.9
13020452,10,4.4
13020452,11,6.7
13020452,12,5.2
13020452,13,7.9
13020452,14,8.4
13020452,15,7
13020452,16,5.8
13020452,17,5.6
13020452,19,7
13020452,20,8
13020452,21,7
13020452,23,8.2
13020452,24,8.7
13020452,25,8.6
13020452,26,5.8
13020452,30,8.7
13020452,33,5.9
13020092,1,5.4
13020092,2,6
13020092,3,6.3
13020092,5,6.9
13020092,6,5.4
13020092,7,7.2
13020092,8,6.1
13020092,9,5.8
13020092,10,5.7
13020092,11,7.9
13020092,12,6.8
13020092,13,9.1
13020092,14,7.2
13020092,15,7.6
13020092,16,6.1
13020092,17,4.4
13020092,19,7.5
13020092,20,5.5
13020092,21,7.3
13020092,22,5.5
13020092,23,6.3
13020092,24,7.9
13020092,25,9
13020092,26,6.1
13020092,30,7.8
13020092,32,8.6
13020092,38,5.2
13020540,1,7
13020540,2,0
13020540,5,4.7
13020540,6,7.4
13020540,7,0
13020540,10,0
13020540,11,2.8
13020540,12,0
13020540,13,5.1
13020540,14,0
13020540,16,0.7
13020540,20,0
13020540,21,0
13020540,22,0
13020540,24,0
13020540,25,0
13020540,26,0
13020234,1,6.2
13020234,2,5.6
13020234,3,6.2
13020234,5,8.3
13020234,6,9.7
13020234,7,7.5
13020234,8,6.3
13020234,9,5.1
13020234,10,4.7
13020234,11,6.3
13020234,12,7.6
13020234,13,5.4
13020234,14,6.7
13020234,15,6.6
13020234,16,5.7
13020234,17,3.4
13020234,19,7.3
13020234,20,8.1
13020234,21,7.2
13020234,22,6
13020234,23,6.2
13020234,24,7.3
13020234,25,5.8
13020234,26,7.3
13020234,30,6
13020234,32,6.2
13020553,1,2.1
13020553,5,9
13020553,6,7.6
13020553,7,7.2
13020553,8,0.8
13020553,10,4.7
13020553,11,6
13020553,12,4.9
13020553,13,2.6
13020553,14,0
13020553,15,0
13020553,16,5.9
13020553,17,2.9
13020553,19,2.3
13020553,20,6.5
13020553,21,9
13020553,22,6
13020553,23,4.5
13020553,24,1.2
13020553,25,0.2
13020553,26,4.2
13020553,30,6.1
13020553,32,2.2
13020499,1,5.3
13020499,2,8
13020499,3,5
13020499,5,8.2
13020499,6,8.3
13020499,7,7.2
13020499,8,6.2
13020499,10,5.2
13020499,11,7.1
13020499,12,9.3
13020499,13,6.3
13020499,14,5.8
13020499,15,5
13020499,16,8.8
13020499,17,5.8
13020499,19,9.3
13020499,20,9.6
13020499,21,10
13020499,22,7.5
13020499,23,6.3
13020499,24,6.4
13020499,25,6.6
13020499,26,8.4
13020499,30,9
13020499,33,7.3
13020578,1,7
13020578,2,6.6
13020578,3,7.8
13020578,5,7.7
13020578,6,4.9
13020578,7,8
13020578,8,5.6
13020578,9,5.1
13020578,10,5.9
13020578,11,7.5
13020578,12,8.8
13020578,13,8.2
13020578,14,8.4
13020578,15,6.7
13020578,16,5.9
13020578,17,6
13020578,19,5.6
13020578,20,6.8
13020578,21,7.8
13020578,22,4.3
13020578,23,5.8
13020578,24,5.9
13020578,25,6.8
13020578,26,4.6
13020578,30,7.7
13020578,33,6.5
13020003,1,7.4
13020003,2,6.9
13020003,3,6.4
13020003,5,7.4
13020003,6,7.4
13020003,7,8
13020003,8,7
13020003,10,8.1
13020003,11,7.5
13020003,12,7.4
13020003,13,5.8
13020003,14,8.4
13020003,15,7.4
13020003,16,8.1
13020003,17,6
13020003,19,6.5
13020003,20,7.5
13020003,21,9.7
13020003,22,6.4
13020003,23,9.1
13020003,24,9
13020003,25,6.4
13020003,26,9.2
13020003,30,7.8
13020003,31,8.2
13020003,32,8.6
13020020,1,7.9
13020020,2,6.5
13020020,3,8.3
13020020,5,7
13020020,6,5.9
13020020,7,5.5
13020020,8,3.3
13020020,10,5.2
13020020,11,7.6
13020020,12,2.4
13020020,13,5
13020020,14,6.6
13020020,16,1.6
13020020,17,1.4
13020020,19,2.8
13020020,20,0.8
13020020,21,8.2
13020020,22,2
13020020,23,0
13020020,25,0.4
13020020,26,0
13020020,32,7.8
13020614,1,6
13020614,2,0
13020614,5,7.6
13020614,6,7
13020614,7,8.9
13020614,8,10
13020614,9,10
13020614,10,5.7
13020614,11,6.9
13020614,12,5.5
13020614,13,6.7
13020614,14,7.2
13020614,15,3.4
13020614,16,7.8
13020614,17,2.9
13020614,19,4.5
13020614,20,5.3
13020614,21,5.4
13020614,22,7.1
13020614,23,4.9
13020614,24,5.4
13020614,25,6.7
13020614,26,5.1
13020614,30,6.3
13020056,1,7.3
13020056,2,5.9
13020056,3,7.6
13020056,5,6.5
13020056,6,7.5
13020056,7,8.5
13020056,8,6.4
13020056,10,5.8
13020056,11,5.6
13020056,12,9
13020056,13,5.5
13020056,14,7.6
13020056,15,6.4
13020056,16,6.8
13020056,17,6.4
13020056,19,5.4
13020056,20,5.3
13020056,21,7.2
13020056,22,7
13020056,23,7.3
13020056,24,8.5
13020056,25,4.3
13020056,26,6.4
13020056,30,8.3
13020056,32,8.5
13020056,58,10
13020071,5,0.6
13020071,6,0
13020071,7,8.5
13020071,8,4.5
13020071,9,0
13020071,10,0.6
13020071,11,0
13020071,12,0
13020071,13,0
13020071,14,0
13020071,26,0
13020071,36,0
13020071,40,0
13020702,1,0
13020702,3,0
13020702,5,6.6
13020702,6,5.3
13020702,7,7
13020702,8,0
13020702,10,3
13020702,11,5.3
13020702,12,4.2
13020702,13,4.7
13020702,14,0
13020702,15,0
13020702,16,4.8
13020702,17,0
13020702,20,0
13020702,21,0
13020702,24,0
13020702,26,5.4
13020202,1,6.5
13020202,2,1.8
13020202,3,7
13020202,5,8.6
13020202,6,9.4
13020202,7,7.6
13020202,8,4.5
13020202,9,5.3
13020202,10,6.4
13020202,11,5.7
13020202,12,5.6
13020202,13,8
13020202,14,8.4
13020202,15,4.8
13020202,16,7
13020202,17,3.9
13020202,19,4.5
13020202,20,4.1
13020202,21,8.8
13020202,22,8.5
13020202,23,6.8
13020202,24,6
13020202,25,5.9
13020202,26,8.9
13020202,30,8.1
13020202,33,5
13020223,1,5.8
13020223,2,5.7
13020223,3,7.3
13020223,5,7.7
13020223,6,4.8
13020223,7,4.8
13020223,10,6.9
13020223,11,5.6
13020223,12,6.8
13020223,13,5.6
13020223,14,6
13020223,15,7.2
13020223,16,6
13020223,17,6.3
13020223,19,6.7
13020223,20,6.2
13020223,21,8.4
13020223,22,7.3
13020223,23,6.8
13020223,24,7.7
13020223,25,4.8
13020223,26,7.7
13020223,30,8
13020223,32,6.9
13020714,1,5.1
13020714,2,7.5
13020714,3,7
13020714,5,6
13020714,6,5.7
13020714,7,5.9
13020714,10,5.3
13020714,11,4.8
13020714,12,3.7
13020714,13,5.3
13020714,14,5.5
13020714,15,5.9
13020714,16,5.5
13020714,17,5.1
13020714,19,4
13020714,20,5.6
13020714,21,5.1
13020714,22,5.2
13020714,23,1.9
13020714,24,6
13020714,26,2.4
13020714,30,7.2
13020714,32,7.3
13020714,58,6.8
13020705,1,4.9
13020705,2,4.2
13020705,3,5.2
13020705,5,7
13020705,6,5.4
13020705,7,8.1
13020705,8,4.6
13020705,9,5.2
13020705,10,5.3
13020705,11,7.2
13020705,12,1.8
13020705,13,7
13020705,14,6
13020705,15,2.2
13020705,16,3.5
13020705,17,2.8
13020705,19,0.3
13020705,20,0.5
13020705,21,7.2
13020705,23,3.4
13020705,24,3
13020705,26,5.2
13020705,33,0.6
13020370,1,5.6
13020370,5,4.1
13020370,8,0
13020370,11,5.8
13020370,12,5.6
13020370,13,4.8
13020370,14,5.2
13020370,26,0
13020405,1,4.2
13020405,2,4.1
13020405,3,6.1
13020405,5,7
13020405,6,6
13020405,7,8.1
13020405,8,5.6
13020405,9,4.2
13020405,10,4.1
13020405,11,7.4
13020405,12,6.9
13020405,13,7.3
13020405,14,8.4
13020405,15,3.2
13020405,16,5.8
13020405,17,5.1
13020405,19,4.7
13020405,20,0.5
13020405,21,7.8
13020405,22,5.6
13020405,23,6.1
13020405,24,5.7
13020405,26,6.2
13020405,30,7.8
13020405,31,8.2
13020405,32,6.4
13020709,5,7.2
13020709,8,0.8
13020709,10,1.4
13020709,11,4.3
13020709,12,5.4
13020709,13,4.5
13020709,26,2.4
12020999,1,7.8
12020999,2,6.6
12020999,3,6.6
12020999,5,7.5
12020999,6,7.5
12020999,7,10
12020999,8,10
12020999,9,10
12020999,10,7
12020999,11,7.5
12020999,12,7.5
12020999,13,8.5
12020999,14,6
12020999,15,7.4
12020999,16,7
12020999,17,6.9
12020999,19,7.5
12020999,20,7.5
12020999,21,7
12020999,22,7.8
12020999,23,7
12020999,24,7.3
12020999,25,8.3
12020999,26,6.5
12020999,27,8.6
12020999,28,8
12020999,29,7.3
12020999,30,6.7
12020999,31,7.2
12020999,32,7.5
12020999,33,5.6
12020999,34,7
12020999,40,8.6
12020999,42,7.2
12020999,45,8.1
12020999,46,7
12020999,55,7
12020999,66,8
12020294,1,7
12020294,2,7.1
12020294,3,5.6
12020294,4,7.9
12020294,5,8.3
12020294,6,8.8
12020294,7,8.1
12020294,8,8.1
12020294,9,7.4
12020294,10,3.8
12020294,11,7.3
12020294,12,8.9
12020294,13,7.6
12020294,14,4.1
12020294,15,2
12020294,16,6
12020294,17,6.7
12020294,19,8.7
12020294,20,4.7
12020294,21,5.2
12020294,22,6.8
12020294,23,5.1
12020294,24,7
12020294,25,2
12020294,26,5.6
12020294,28,5.8
12020294,29,0.7
12020294,31,0
12020294,33,6
12020294,39,5.4
12020294,40,7.5
12020294,45,9
12020294,47,8.4
12020294,58,9.2
12020084,1,7.7
12020084,2,7.7
12020084,3,7.3
12020084,4,5.6
12020084,5,8.7
12020084,6,9.9
12020084,7,8.1
12020084,8,4.8
12020084,9,6.5
12020084,10,7.1
12020084,11,9.3
12020084,12,5.3
12020084,13,7.9
12020084,14,7.8
12020084,15,6.8
12020084,16,6.5
12020084,17,6.9
12020084,19,7.3
12020084,20,7.4
12020084,21,9.7
12020084,22,6.6
12020084,23,5.7
12020084,24,5.4
12020084,25,7.6
12020084,26,7.2
12020084,27,9
12020084,28,5.1
12020084,29,6.4
12020084,30,7.1
12020084,31,8.3
12020084,33,5.9
12020084,37,8.8
12020084,48,8.3
12020084,49,6.4
12020084,52,6.5
12020084,58,8.5
12020084,59,6.8
12020084,61,9
12020084,66,9.5
11020066,1,6.8
11020066,2,6.8
11020066,3,7.2
11020066,4,7.8
11020066,5,9.4
11020066,6,10
11020066,7,8.1
11020066,8,6.1
11020066,9,8.2
11020066,10,8.2
11020066,11,8.4
11020066,12,6.4
11020066,13,7.8
11020066,14,5.7
11020066,15,5.5
11020066,16,8.9
11020066,17,6.1
11020066,19,9.5
11020066,20,9.3
11020066,21,6
11020066,22,7.3
11020066,23,6.2
11020066,24,4.5
11020066,25,6.1
11020066,26,6.1
11020066,27,6.9
11020066,28,5.2
11020066,29,7.3
11020066,30,6.2
11020066,32,0
11020066,33,6.1
11020066,40,6
11020066,47,8.5
11020066,52,8.5
11020066,53,4.7
11020066,56,6.8
11020066,63,7.1
11020066,66,6
11020066,67,0
11020048,5,7.6
11020120,1,5.1
11020120,2,5.1
11020120,3,6.9
11020120,4,6.6
11020120,5,8.2
11020120,6,9.2
11020120,8,4.2
11020120,10,6.1
11020120,11,5.4
11020120,12,7.1
11020120,13,6.2
11020120,14,7.8
11020120,15,4.8
11020120,16,7.6
11020120,19,7.1
11020120,20,6.8
11020120,21,5.9
11020120,22,5.8
11020120,23,7.1
11020120,24,5.4
11020120,25,7.2
11020120,26,9.5
11020120,27,7.8
11020120,28,6.8
11020120,30,6.6
11020120,32,7
11020120,33,9
11020120,52,4.9
11020120,63,7.1
11020159,1,6.6
11020159,2,6.6
11020159,4,0
11020159,5,6.9
11020159,9,0
11020159,10,3.6
11020159,11,5.5
11020434,1,3
11020434,2,3
11020434,3,6.6
11020434,4,7.6
11020434,5,7.3
11020434,6,6.1
11020434,7,7.3
11020434,8,4.9
11020434,9,6.3
11020434,10,6.2
11020434,11,9.4
11020434,12,5.4
11020434,13,5.8
11020434,14,6.7
11020434,15,6.8
11020434,16,4.5
11020434,17,5
11020434,19,5.8
11020434,20,6.9
11020434,21,8
11020434,22,5.2
11020434,23,5
11020434,24,4
11020434,25,8.1
11020434,26,7
11020434,27,5.4
11020434,28,6.3
11020434,29,2.8
11020434,30,6.6
11020434,32,6.4
11020434,33,5.3
11020434,45,6.7
11020434,49,5.2
11020434,52,0.4
11020434,58,7.2
11020434,61,7
11020434,62,3
11020434,63,5
11020434,66,7.5
11020434,68,5.5
11020434,78,8
10020211,7,7.1
10020211,10,5.5
10020211,12,2.4
10020211,13,5.4
10020211,14,5.05
10020211,15,6.3
10020211,16,4.1
10020211,17,5.1
10020211,19,0
10020211,20,5.7
10020211,21,5.8
10020211,22,4.7
10020211,23,4.8
10020211,24,4.6
10020211,25,5.3
10020211,26,5.3
10020211,27,0
10020211,28,0
10020211,29,6.3
10020211,30,5
10020211,31,0
10020211,32,7.3
10020211,33,6.6
10020211,40,0
10020211,48,0
10020211,49,0
10020211,52,4.5
10020211,53,5.2
10020211,56,0
10020211,58,7.9
10020211,60,3.6
10020211,61,6.8
10020211,63,6.2
10020211,66,7
10020211,68,0
11020198,1,6.2
11020198,2,6.2
11020198,3,7.6
11020198,4,7.7
11020198,5,8.4
11020198,6,7.7
11020198,7,7.1
11020198,8,4.7
11020198,9,7.1
11020198,10,6.5
11020198,11,5.8
11020198,12,3.3
11020198,13,4.3
11020198,14,6
11020198,15,5
11020198,16,4.2
11020198,17,3.3
11020198,19,5.8
11020198,20,1.2
11020198,21,5.2
11020198,22,7.6
11020198,23,4.2
11020198,24,5.4
11020198,25,6.7
11020198,26,6.1
11020198,27,7.2
11020198,28,5
11020198,29,5.5
11020198,30,7.4
11020198,32,7
11020198,33,4.8
11020198,40,6
11020198,48,0
11020198,49,5
11020198,52,8.7
11020198,53,5
11020198,56,5.7
11020198,58,5.2
11020198,61,8
11020198,63,5
11020198,66,7.5
11020198,68,7
11020262,1,7.4
11020262,2,7.4
11020262,3,6.1
11020262,4,5.1
11020262,5,8.1
11020262,6,4.4
11020262,7,10
11020262,8,10
11020262,9,10
11020262,10,5
11020262,11,4.5
11020262,12,3
11020262,13,4.1
11020262,14,3.95
11020262,15,5.1
11020262,16,6.7
11020262,17,7.1
11020262,19,6.3
11020262,20,1.3
11020262,21,5.2
11020262,22,7.2
11020262,23,7.3
11020262,24,4
11020262,25,4.1
11020262,26,5.2
11020262,27,5.6
11020262,29,2.2
11020262,30,5.1
11020262,32,4.9
11020262,33,5.9
11020262,49,8.7
11020262,52,6.6
11020262,61,8.5
11020262,62,5
11020262,63,5.5
11020262,66,0
11020262,68,9.5
11020283,1,5.7
11020283,2,5.7
11020283,3,7.2
11020283,4,7.5
11020283,5,5.8
11020283,6,7.2
11020283,7,10
11020283,8,10
11020283,9,10
11020283,10,7.1
11020283,11,7.2
11020283,12,8.5
11020283,13,8.7
11020283,14,5.1
11020283,15,8.3
11020283,16,4
11020283,17,5.9
11020283,19,9.7
11020283,20,6.6
11020283,21,10
11020283,22,5.4
11020283,23,5.2
11020283,24,5.7
11020283,25,6.8
11020283,26,4.1
11020283,27,8.4
11020283,28,6.8
11020283,29,5.8
11020283,30,8.1
11020283,32,7.5
11020283,33,4.5
11020283,45,6.3
11020283,49,6
11020283,52,8.4
11020283,53,7.4
11020283,56,5.5
11020283,61,8
11020283,63,6.6
11020283,66,8
11020283,68,8
11020358,1,6.8
11020358,2,6.8
11020358,3,7.2
11020358,4,6.2
11020358,5,7.2
11020358,6,7.4
11020358,7,6.2
11020358,8,6
11020358,9,6.2
11020358,10,6.5
11020358,11,6.5
11020358,12,7.1
11020358,13,6.9
11020358,14,6.55
11020358,15,5.7
11020358,16,5.7
11020358,17,4.6
11020358,19,7.2
11020358,20,5.1
11020358,21,8.4
11020358,22,8.7
11020358,23,7
11020358,24,5.8
11020358,25,7.8
11020358,26,8.6
11020358,27,8.2
11020358,28,7.5
11020358,29,7.7
11020358,30,7.3
11020358,32,6.7
11020358,33,6.9
11020358,40,5.1
11020358,45,7
11020358,48,8.5
11020358,49,8.4
11020358,52,5.1
11020358,63,6.6
11020358,66,8.5
11020358,67,8.5
11020358,78,7.2
10020339,1,3
10020339,2,3
10020339,5,5.4
10020339,6,0.8
10020339,7,3.5
10020339,8,2.6
10020339,10,1.2
10020339,11,2.1
10020339,12,0
10020339,13,0
10020339,26,0
10020351,1,5.7
10020351,2,5.7
10020351,3,6.5
10020351,4,6.6
10020351,5,6.2
10020351,6,5.4
10020351,7,5.7
10020351,8,5.8
10020351,9,7
10020351,10,5.7
10020351,11,8.2
10020351,12,7.6
10020351,13,8.7
10020351,14,3
10020351,15,7.5
10020351,16,4.8
10020351,17,7.7
10020351,19,7.5
10020351,20,8
10020351,21,6.1
10020351,22,8
10020351,23,5.2
10020351,24,7.1
10020351,25,7.3
10020351,26,8.5
10020351,27,6.7
10020351,28,7.8
10020351,29,6.5
10020351,30,5.8
10020351,32,8.3
10020351,33,8
10020351,45,8.2
10020351,49,6.7
10020351,52,8.4
10020351,56,6.5
10020351,62,4.2
10020351,63,8
10020351,66,8
10020351,67,8.4
10020351,78,8.3
10020042,5,7.7
10020042,10,8.2
10020042,11,7.2
9020194,1,5.8
9020194,2,5.8
9020194,3,0
9020194,5,8.5
9020194,6,4.1
9020194,7,5.9
9020194,8,7.5
9020194,9,5.8
9020194,10,3.7
9020194,11,5.6
9020194,12,2.1
9020194,13,0
9020194,14,0.8
9020194,16,2.3
9020194,17,0.8
9020194,20,0
9020194,21,3.2
9020194,22,5.5
9020194,23,5.1
9020194,24,0
9020194,25,5.4
9020194,26,5.8
9020194,33,1.6
9020194,63,0
10020473,6,0
10020473,7,0
10020473,10,0
10020473,11,0
10020473,13,4.6
10020473,14,0
10020473,20,0
10020473,23,5.5
10020473,32,5.6
10020268,1,7.7
10020268,2,7.7
10020268,3,5.7
10020268,5,7.3
10020268,6,8.4
10020268,8,6.7
10020268,10,6.1
10020268,12,5.7
10020268,13,4.2
10020268,17,8.7
10020268,19,4.5
10020268,21,7.8
10020268,22,6
10020268,23,7.3
10020268,26,5.6
10020268,32,7.1
10020274,1,2.3
10020274,2,0
10020274,3,3.6
10020274,4,0
10020274,5,5.2
10020274,6,4.1
10020274,7,5.7
10020274,8,5.8
10020274,9,4.4
10020274,10,6
10020274,11,8.2
10020274,12,4.6
10020274,13,6.1
10020274,14,3
10020274,15,6.7
10020274,16,0
10020274,17,0
10020274,19,7.3
10020274,20,6.4
10020274,21,8.1
10020274,22,9
10020274,23,4.4
10020274,25,9.3
10020274,26,0
10020274,28,0
10020274,29,0
10020274,30,6
10020274,32,0
10020274,33,0
10020274,45,3.5
10020274,49,0
10020274,56,2.6
10020274,62,5
10020274,66,8
10020274,70,1.6
10020033,1,7.4
10020033,2,7.4
10020033,3,6
10020033,4,7.5
10020033,5,6.4
10020033,6,7.2
10020033,7,8.5
10020033,8,6.9
10020033,9,6.5
10020033,10,7.9
10020033,11,8.8
10020033,12,7.7
10020033,13,4.9
10020033,14,5.9
10020033,15,6.3
10020033,16,7.1
10020033,17,6.9
10020033,19,9.3
10020033,20,8.3
10020033,21,8.8
10020033,22,8.7
10020033,23,8.2
10020033,24,7.6
10020033,25,7.8
10020033,26,4.9
10020033,27,8.5
10020033,28,10
10020033,29,6.2
10020033,30,7.7
10020033,32,7.7
10020033,33,9
10020033,43,9.1
10020033,45,9
10020033,49,9
10020033,51,7.6
10020033,52,6.7
10020033,56,8.7
10020033,63,5.9
10020033,66,9
10020033,67,9.2
10020056,1,6.1
10020056,2,6.1
10020056,3,6.8
10020056,4,7.2
10020056,5,8
10020056,6,10
10020056,7,7.3
10020056,8,5.9
10020056,9,5.6
10020056,10,7.5
10020056,11,5.7
10020056,12,5.6
10020056,13,8.8
10020056,14,5.1
10020056,15,6
10020056,16,4.2
10020056,17,5.5
10020056,19,7.2
10020056,20,4
10020056,21,5.6
10020056,22,7.2
10020056,23,4.8
10020056,24,4.2
10020056,25,6.6
10020056,26,7.4
10020056,27,8
10020056,28,5.6
10020056,29,7.9
10020056,30,4.6
10020056,32,6.5
10020056,33,5.4
10020056,49,5.7
10020056,52,0
10020056,53,6
10020056,56,5.2
10020056,58,6.6
10020056,63,2.7
10020056,66,6
10020056,67,8.5
10020470,1,5.6
10020470,2,5.6
10020470,3,5.3
10020470,4,6.2
10020470,5,9.2
10020470,6,9.4
10020470,7,6.5
10020470,8,5.4
10020470,9,5.2
10020470,10,9.8
10020470,11,6.3
10020470,12,6.5
10020470,13,7.7
10020470,14,3.4
10020470,15,6.6
10020470,16,0
10020470,17,6.4
10020470,19,5.3
10020470,20,5.2
10020470,21,5
10020470,22,7.6
10020470,23,6.8
10020470,24,5.6
10020470,25,7.8
10020470,26,6
10020470,27,5.8
10020470,28,7.2
10020470,29,0.4
10020470,30,6.1
10020470,32,6.9
10020470,33,6
10020470,45,1.2
10020470,52,3.5
10020470,54,5.5
10020470,56,4.9
10020470,58,8.4
10020470,62,0
10020470,63,4.4
10020470,66,7.5
10020470,68,5
9020382,1,6.6
9020382,2,6.6
9020382,3,6
9020382,4,5.5
9020382,5,5.9
9020382,6,6.4
9020382,7,4.6
9020382,8,6.6
9020382,9,5.6
9020382,10,6
9020382,11,7.6
9020382,12,6.4
9020382,13,7.9
9020382,14,4.1
9020382,15,0
9020382,16,5.9
9020382,17,4.7
9020382,19,4.9
9020382,20,5.6
9020382,21,6.9
9020382,22,5.2
9020382,23,4.5
9020382,24,7.3
9020382,25,7.1
9020382,26,7.5
9020382,27,0
9020382,28,0
9020382,29,0
9020382,30,5.2
9020382,32,7.2
9020382,33,7.1
9020382,45,8
9020382,49,3.9
9020382,51,0
9020382,52,0
9020382,56,4.8
9020382,58,6.4
9020382,61,8.1
9020382,62,7.5
9020382,63,4.4
9020382,66,6
9020382,68,5
9020484,1,4.7
9020484,2,4.7
9020484,3,4.9
9020484,4,7
9020484,5,4
9020484,6,7.9
9020484,7,4.2
9020484,8,5.4
9020484,9,5.3
9020484,10,7.2
9020484,11,4.5
9020484,12,5.6
9020484,13,5.2
9020484,14,2.1
9020484,15,5.8
9020484,16,5.8
9020484,17,4
9020484,19,5.1
9020484,20,5.6
9020484,21,6.5
9020484,22,6.8
9020484,23,5.2
9020484,24,6
9020484,25,5.7
9020484,26,7.8
9020484,27,7
9020484,28,3.4
9020484,29,2.4
9020484,30,5.7
9020484,32,5.6
9020484,33,4
9020484,48,4
9020484,49,6.6
9020484,52,0
9020484,56,3.6
9020484,58,9.4
9020484,61,8.1
9020484,63,6.6
9020484,64,5.4
9020484,66,7
9020484,68,7.5
10020341,1,6.4
10020341,2,6.4
10020341,3,8
10020341,4,7.4
10020341,5,7.3
10020341,6,8.2
10020341,7,7.6
10020341,8,6.9
10020341,9,6.2
10020341,10,9.3
10020341,11,6.7
10020341,12,8.5
10020341,13,7.3
10020341,14,6.6
10020341,15,8.3
10020341,16,7.2
10020341,17,8.8
10020341,19,10
10020341,20,6
10020341,21,8.8
10020341,22,9
10020341,23,7.6
10020341,24,6
10020341,25,8.9
10020341,26,9.3
10020341,27,7.3
10020341,28,8.4
10020341,29,7.4
10020341,30,7.5
10020341,32,9
10020341,33,8.7
10020341,43,9.4
10020341,49,9.4
10020341,52,8.5
10020341,56,9.1
10020341,58,8.8
10020341,63,6.6
10020341,66,10
10020341,67,9.3
10020362,1,6
10020362,2,6
10020362,3,6.7
10020362,4,7.5
10020362,5,8.8
10020362,6,6.5
10020362,7,8.4
10020362,8,6.9
10020362,9,5.5
10020362,10,6.5
10020362,11,7.8
10020362,12,6.1
10020362,13,8.3
10020362,14,6.6
10020362,15,7
10020362,16,8.2
10020362,17,5
10020362,19,7.7
10020362,20,8.5
10020362,21,8
10020362,22,10
10020362,23,6.8
10020362,24,6.7
10020362,25,7.8
10020362,26,6.7
10020362,27,9.3
10020362,28,8.3
10020362,29,8.4
10020362,30,8.4
10020362,32,8.9
10020362,33,7
10020362,49,7.6
10020362,51,7
10020362,52,5.5
10020362,56,8.2
10020362,58,8.4
10020362,63,4.4
10020362,66,9
10020362,67,8.8
9020521,1,5.1
9020521,2,5.1
9020521,3,5.2
9020521,4,5.2
9020521,5,7.4
9020521,6,6.1
9020521,7,6.6
9020521,8,5.5
9020521,9,5.9
9020521,10,7.75
9020521,11,5.9
9020521,12,5.7
9020521,13,6.8
9020521,14,6.8
9020521,15,6.6
9020521,16,7
9020521,17,4.3
9020521,19,6.5
9020521,20,7.4
9020521,21,7.3
9020521,22,5.9
9020521,23,7.1
9020521,24,8.4
9020521,25,6.3
9020521,26,8.6
9020521,27,8.3
9020521,28,6.4
9020521,29,8.4
9020521,30,7.4
9020521,32,8.2
9020521,33,5.8
9020521,40,6.7
9020521,43,8.7
9020521,49,6.8
9020521,52,5.4
9020521,56,4.5
9020521,63,5.9
9020521,66,7
9020521,67,8
9020574,1,7.4
9020574,2,7.4
9020574,3,8.4
9020574,4,6.1
9020574,5,7.3
9020574,6,9.1
9020574,7,7.4
9020574,8,6.3
9020574,9,6.1
9020574,10,4.7
9020574,11,5.7
9020574,12,5.4
9020574,13,8.3
9020574,14,5
9020574,15,4.7
9020574,16,7
9020574,17,5
9020574,19,5.9
9020574,20,5.8
9020574,21,5.4
9020574,22,7
9020574,23,8.3
9020574,24,5.1
9020574,25,8
9020574,26,5.3
9020574,27,6.5
9020574,28,4
9020574,29,8.4
9020574,30,8.3
9020574,32,6.2
9020574,33,4.4
9020574,43,7.9
9020574,45,7.1
9020574,52,6.8
9020574,56,9
9020574,58,7.6
9020574,61,9
9020574,63,5
9020574,66,7.5
9020574,68,7
8020474,3,6.8
8020474,4,6.7
8020474,6,8.8
8020474,7,6.1
8020474,8,4.5
8020474,9,4
8020474,10,2.5
8020474,11,8.3
8020474,12,9.2
8020474,14,3.4
8020474,15,5.5
8020474,16,7.2
8020474,17,5.7
8020474,19,6.6
8020474,20,4
8020474,21,7.3
8020474,22,4.9
8020474,23,6
8020474,24,5.2
8020474,25,6.2
8020474,26,8.6
8020474,27,5.5
8020474,28,5.3
8020474,29,5.3
8020474,30,6.6
8020474,32,9.4
8020474,33,7.8
8020474,45,5.7
8020474,48,5.2
8020474,51,1.4
8020474,52,7.9
8020474,53,2.3
8020474,58,9.6
8020474,61,10
8020474,63,6.2
8020474,64,0.9
8020474,66,9.5
8020474,68,8.5
8020474,70,7.6
9020081,1,6.6
9020081,2,6.6
9020081,3,6.6
9020081,4,7.7
9020081,5,6.2
9020081,6,5.9
9020081,7,7.3
9020081,8,5.9
9020081,9,5.8
9020081,10,5.7
9020081,11,6.3
9020081,12,6.7
9020081,13,4
9020081,14,6.6
9020081,15,5.5
9020081,16,6.6
9020081,17,4.1
9020081,19,7.4
9020081,20,4
9020081,21,6
9020081,22,6.6
9020081,23,7.3
9020081,24,5.3
9020081,25,8.1
9020081,26,6.6
9020081,27,7.8
9020081,28,7.2
9020081,29,2.8
9020081,30,7.7
9020081,32,8.2
9020081,33,8.6
9020081,43,8.3
9020081,45,7.1
9020081,49,8
9020081,52,8.8
9020081,56,1.6
9020081,58,6.1
9020081,61,9.2
9020081,63,4
9020081,66,9
9020081,68,8.5
9020328,1,5.7
9020328,2,5.7
9020328,3,6.4
9020328,4,6.8
9020328,5,6.2
9020328,6,8.8
9020328,7,6.3
9020328,8,4.4
9020328,9,4.9
9020328,10,4.75
9020328,11,6.4
9020328,12,8.5
9020328,13,6.7
9020328,14,6.6
9020328,15,5
9020328,16,6.9
9020328,17,7.7
9020328,19,5.7
9020328,20,6.5
9020328,21,7.3
9020328,22,7.6
9020328,23,4.9
9020328,24,5.2
9020328,25,6.9
9020328,26,4.1
9020328,27,5.3
9020328,28,6.4
9020328,29,7.4
9020328,30,6.3
9020328,32,5.4
9020328,33,6.3
9020328,40,6.3
9020328,43,8.5
9020328,45,8
9020328,52,5.4
9020328,60,5.8
9020328,62,6.4
9020328,63,8.6
9020328,66,9
9020328,68,8
9020469,1,8
9020469,2,8
9020469,3,8.5
9020469,4,5
9020469,5,7.4
9020469,6,8
9020469,7,8.2
9020469,8,9.6
9020469,9,7
9020469,10,6.55
9020469,11,5.7
9020469,12,5.4
9020469,13,5.2
9020469,14,5.85
9020469,15,8
9020469,16,8.5
9020469,17,5.7
9020469,19,6.3
9020469,20,8.9
9020469,21,6.2
9020469,22,8
9020469,23,8.8
9020469,24,7.9
9020469,25,7.5
9020469,26,4.8
9020469,27,4.9
9020469,28,7
9020469,29,5
9020469,30,8.6
9020469,32,8.4
9020469,33,7.3
9020469,43,8
9020469,52,9
9020469,53,5.9
9020469,62,8.6
9020469,63,7.8
9020469,66,9
9020469,67,0
9020469,68,10
9020469,70,5.8
9020469,76,8.6
8020053,1,7.4
8020053,2,7.4
8020053,5,6.6
8020053,6,8
8020053,8,5.6
8020053,9,5.4
8020053,10,6.6
8020053,11,7.9
8020053,12,8.6
8020053,13,8.4
8020053,14,7.1
8020053,15,6.1
8020053,16,7.6
8020053,17,9.1
8020053,19,8.6
8020053,20,5.6
8020053,21,6.3
8020053,22,8.7
8020053,23,7.4
8020053,24,6.8
8020053,25,5.5
8020053,26,4.3
8020053,33,9
8020053,77,6.2
8020071,1,7.7
8020071,2,7.7
8020071,3,7.6
8020071,4,6
8020071,5,7.2
8020071,6,5.5
8020071,7,7.5
8020071,8,5.1
8020071,9,5.7
8020071,10,6.5
8020071,11,9
8020071,12,6.7
8020071,13,5.5
8020071,14,5.35
8020071,15,5.4
8020071,16,7
8020071,17,8.9
8020071,19,7.7
8020071,20,4.8
8020071,21,5.2
8020071,22,6.2
8020071,23,6.1
8020071,24,7.7
8020071,25,6.5
8020071,26,9.2
8020071,27,7.6
8020071,28,7.9
8020071,29,2.3
8020071,30,7.7
8020071,33,7.4
8020071,45,6.7
8020071,48,7.3
8020071,52,2.9
8020071,62,7.6
8020071,63,8.5
8020071,67,8.6
8020071,70,9
8020071,77,6.6
8020071,78,8.8
7020072,1,4.7
7020072,2,4.7
7020072,3,5.8
7020072,4,5.4
7020072,7,7
7020072,8,0
7020072,9,2.9
7020072,10,4.5
7020072,11,8.1
7020072,14,5.6
7020072,15,6
7020072,16,4.8
7020072,17,5.7
7020072,19,5.8
7020072,20,6
7020072,21,7
7020072,22,6.4
7020072,23,4.3
7020072,24,7.4
7020072,25,5.5
7020072,26,6
7020072,27,4.8
7020072,28,3
7020072,29,4.6
7020072,30,5.1
7020072,33,6
7020072,43,0.8
7020072,51,0
7020072,52,6.1
7020072,56,3.5
7020072,60,0
7020072,61,8.3
7020072,62,7
7020072,63,4.2
7020072,68,6.6
7020072,70,4.6
7020072,77,4.6
7020072,78,7.2
8020072,1,7
8020072,2,7
8020072,3,6.3
8020072,4,7.3
8020072,5,7.2
8020072,6,4.9
8020072,7,7
8020072,8,6.2
8020072,9,5.2
8020072,10,5.3
8020072,11,9.7
8020072,12,6
8020072,13,5.5
8020072,14,4.85
8020072,15,6.5
8020072,16,7.4
8020072,17,6.9
8020072,19,8.8
8020072,20,5.7
8020072,21,4.2
8020072,22,7.6
8020072,23,5.5
8020072,24,5.6
8020072,25,6
8020072,26,4.1
8020072,27,6
8020072,28,6.6
8020072,29,7.8
8020072,30,6.4
8020072,33,6
8020072,40,5.2
8020072,45,4.3
8020072,52,4.6
8020072,53,6.3
8020072,61,9
8020072,62,5
8020072,63,6.2
8020072,65,0
8020072,67,8.1
8020072,70,9
8020072,77,6.6
8020154,1,5.9
8020154,2,5.9
8020154,3,7.8
8020154,4,6.2
8020154,5,8.8
8020154,6,9
8020154,7,8.3
8020154,8,6.2
8020154,9,4.2
8020154,10,4.7
8020154,11,7
8020154,12,8.3
8020154,13,5.4
8020154,14,5.05
8020154,15,4.2
8020154,16,5.7
8020154,17,6
8020154,19,9.2
8020154,20,9
8020154,21,4.8
8020154,22,5.7
8020154,23,7.7
8020154,24,6.3
8020154,25,7
8020154,26,5.6
8020154,27,6
8020154,28,7.4
8020154,29,5.3
8020154,30,7.8
8020154,33,6.2
8020154,40,8.7
8020154,45,6.2
8020154,52,4.7
8020154,56,8.5
8020154,58,7.1
8020154,63,6.9
8020154,67,8.1
8020154,70,6.5
8020154,77,5.2
8020205,1,5.6
8020205,2,5.6
8020205,3,4.5
8020205,4,7.3
8020205,5,6.8
8020205,6,7.3
8020205,7,8.1
8020205,8,6.1
8020205,9,4.6
8020205,10,5.6
8020205,11,7.5
8020205,12,5.2
8020205,13,4
8020205,14,5.55
8020205,15,4.2
8020205,16,7.2
8020205,17,5.7
8020205,19,5.2
8020205,20,5.7
8020205,21,5.1
8020205,22,5.5
8020205,23,4.2
8020205,24,4.1
8020205,25,4.5
8020205,26,5.5
8020205,27,7
8020205,28,5.4
8020205,29,3.2
8020205,30,7.3
8020205,33,7.2
8020205,40,4
8020205,49,6
8020205,52,4.9
8020205,56,3.7
8020205,58,8.8
8020205,61,7.3
8020205,63,5.4
8020205,68,6
8020205,70,0
8020205,77,4.8
8020205,78,6.7
8020389,1,6.4
8020389,2,6.4
8020389,3,5.2
8020389,4,4.4
8020389,5,6.5
8020389,6,7.6
8020389,7,8.6
8020389,8,4.9
8020389,9,8.2
8020389,10,5.45
8020389,11,6.4
8020389,12,5.4
8020389,13,5.6
8020389,14,4.65
8020389,15,4.3
8020389,16,5.3
8020389,17,5.8
8020389,19,7
8020389,20,6.1
8020389,21,4.3
8020389,22,4.9
8020389,23,6.5
8020389,24,5.3
8020389,25,5.5
8020389,26,5.6
8020389,27,5
8020389,28,6.4
8020389,29,7.4
8020389,30,4.7
8020389,33,5.6
8020389,49,4.9
8020389,51,4.4
8020389,52,4.7
8020389,53,7.3
8020389,56,3.2
8020389,58,7.4
8020389,61,7.4
8020389,63,5
8020389,68,8
8020389,70,0
8020389,77,6.4
8020452,1,6.2
8020452,2,6.2
8020452,3,6.6
8020452,4,7.6
8020452,5,8.5
8020452,6,6.1
8020452,7,7.8
8020452,8,6.8
8020452,9,5.1
8020452,10,6.9
8020452,11,9
8020452,12,9
8020452,13,4.8
8020452,14,5
8020452,15,6.5
8020452,16,7
8020452,17,6.7
8020452,19,5.6
8020452,20,6.5
8020452,21,6
8020452,22,4.1
8020452,23,6.5
8020452,24,7.4
8020452,25,6
8020452,26,5.7
8020452,27,6.6
8020452,28,6.1
8020452,29,4.4
8020452,30,8
8020452,33,6.8
8020452,40,6.9
8020452,45,6
8020452,48,6.4
8020452,49,6.7
8020452,52,6.3
8020452,63,6.8
8020452,67,7.4
8020452,70,9
8020452,77,5.2
8020124,1,6.6
8020124,2,6.6
8020124,3,5.5
8020124,4,6.7
8020124,5,7.7
8020124,6,5.9
8020124,7,8.1
8020124,8,7.1
8020124,9,4.1
8020124,10,7.05
8020124,11,8.4
8020124,12,7.1
8020124,13,6.1
8020124,14,5.8
8020124,15,8
8020124,16,6.2
8020124,17,4.8
8020124,19,6.1
8020124,20,7.5
8020124,21,5.5
8020124,22,9.6
8020124,23,6
8020124,24,8
8020124,25,9
8020124,26,6.8
8020124,27,7
8020124,28,8.3
8020124,29,5.4
8020124,30,7.5
8020124,33,8.7
8020124,40,6.4
8020124,43,7
8020124,45,8.6
8020124,52,4.8
8020124,53,8
8020124,60,8.6
8020124,63,7.7
8020124,68,8
8020124,70,8
8020124,77,9
8020137,1,5.6
8020137,2,5.6
8020137,3,6.4
8020137,4,7.3
8020137,5,7.3
8020137,6,7.6
8020137,7,7.1
8020137,8,5.1
8020137,9,5.7
8020137,10,4.9
8020137,11,5.5
8020137,12,6.7
8020137,13,6.1
8020137,14,4.8
8020137,15,5.6
8020137,16,8.2
8020137,17,5.6
8020137,19,5.8
8020137,20,7.7
8020137,21,5.2
8020137,22,7.6
8020137,23,0
8020137,24,7.9
8020137,25,7.2
8020137,26,7
8020137,27,5.5
8020137,28,7.1
8020137,29,8
8020137,30,7.3
8020137,33,8.4
8020137,43,6.7
8020137,48,4.6
8020137,49,4.2
8020137,51,3.5
8020137,52,4.9
8020137,61,9.5
8020137,63,5.7
8020137,68,8.5
8020137,70,0
8020137,77,8.3
8020137,78,7.4
8020232,1,5.7
8020232,2,5.7
8020232,3,7.6
8020232,4,6.7
8020232,5,8.2
8020232,6,9.4
8020232,7,9.3
8020232,8,5.6
8020232,9,8.2
8020232,10,6.15
8020232,11,5.5
8020232,12,6.6
8020232,13,4.5
8020232,14,5.75
8020232,15,5
8020232,16,6.1
8020232,17,5.6
8020232,19,6.2
8020232,20,8
8020232,21,4
8020232,22,7
8020232,23,6.6
8020232,24,5.8
8020232,25,6.4
8020232,26,7.4
8020232,27,4.6
8020232,28,8.5
8020232,29,7
8020232,30,8.6
8020232,33,6
8020232,49,7.3
8020232,52,8.1
8020232,53,6.2
8020232,56,9
8020232,58,6.3
8020232,63,6.2
8020232,67,9.1
8020232,70,9.5
8020232,77,4.8
8020239,1,5.6
8020239,2,5.6
8020239,3,7.2
8020239,4,7.1
8020239,5,7.9
8020239,6,9.1
8020239,7,9.1
8020239,8,7.1
8020239,9,6.5
8020239,10,6.15
8020239,11,8
8020239,12,7.5
8020239,13,7.1
8020239,14,5.95
8020239,15,8
8020239,16,7.5
8020239,17,6.9
8020239,19,5.8
8020239,20,7
8020239,21,5.8
8020239,22,5.2
8020239,23,7.8
8020239,24,5.9
8020239,25,7.2
8020239,26,7.4
8020239,27,4.2
8020239,28,7.9
8020239,29,0
8020239,30,8.5
8020239,33,6.6
8020239,48,6.7
8020239,49,4.9
8020239,51,9.6
8020239,52,7
8020239,63,7.1
8020239,67,8.1
8020239,70,8
8020239,77,7.1
8020239,78,7.8
8020488,1,6.7
8020488,2,6.7
8020488,3,7.5
8020488,4,4.1
8020488,5,6.7
8020488,6,4
8020488,7,7.1
8020488,8,6.1
8020488,9,5.6
8020488,10,6.25
8020488,11,5.5
8020488,12,7
8020488,13,7
8020488,14,7.55
8020488,15,5.6
8020488,16,5.8
8020488,17,4.6
8020488,19,5.2
8020488,20,6.8
8020488,21,4.5
8020488,22,8.3
8020488,23,7.1
8020488,24,5.2
8020488,25,7.8
8020488,26,6.3
8020488,27,5.2
8020488,28,7.7
8020488,29,1.5
8020488,30,7.9
8020488,33,8.8
8020488,43,6.9
8020488,49,6.6
8020488,51,7.2
8020488,52,4.3
8020488,58,7.6
8020488,63,5.2
8020488,67,8.1
8020488,70,8.5
8020488,77,8
8020432,1,7.3
8020432,2,7.3
8020432,3,8
8020432,4,7.2
8020432,5,8
8020432,6,9.4
8020432,7,6.4
8020432,8,5.8
8020432,9,4.9
8020432,10,9
8020432,11,9.3
8020432,12,9
8020432,13,9.7
8020432,14,7.3
8020432,15,8.7
8020432,16,7.7
8020432,17,8.3
8020432,19,6.6
8020432,20,8
8020432,21,6.1
8020432,22,7
8020432,23,7.1
8020432,24,8.3
8020432,25,9
8020432,26,7.2
8020432,27,9.3
8020432,28,7.1
8020432,29,9.4
8020432,30,8.7
8020432,33,8.8
8020432,40,8.9
8020432,45,5.4
8020432,52,6.3
8020432,53,5.4
8020432,58,7.6
8020432,63,5.2
8020432,67,9.1
8020432,70,9
8020432,77,9.8
8020447,1,6.5
8020447,2,6.5
8020447,3,6.5
8020447,4,6.7
8020447,5,7.7
8020447,6,6.6
8020447,7,7.5
8020447,8,6.4
8020447,9,7.1
8020447,10,7.25
8020447,11,7.7
8020447,12,6.9
8020447,13,6.7
8020447,14,7
8020447,15,6.6
8020447,16,5.5
8020447,17,4.5
8020447,19,6.5
8020447,20,6.3
8020447,21,4.4
8020447,22,6.2
8020447,23,7.2
8020447,24,8.9
8020447,25,7.4
8020447,26,7.7
8020447,27,6.6
8020447,28,5.7
8020447,29,3.7
8020447,30,7.3
8020447,33,8.8
8020447,49,7.7
8020447,52,5.6
8020447,53,6.7
8020447,56,3.4
8020447,58,8.7
8020447,61,9.7
8020447,63,4.1
8020447,67,8
8020447,70,9
8020447,77,7.6
6020001,1,6
6020001,2,6
6020001,3,6.6
6020001,4,7
6020001,5,6
6020001,6,4
6020001,7,6
6020001,8,5
6020001,9,4.6
6020001,10,5.5
6020001,11,6
6020001,12,5
6020001,13,5
6020001,14,5.8
6020001,15,4.7
6020001,16,4.4
6020001,17,6.4
6020001,19,5.5
6020001,20,6.6
6020001,21,4.8
6020001,22,6.4
6020001,23,6.1
6020001,24,6.4
6020001,25,7.4
6020001,26,5.3
6020001,28,5.9
6020001,29,6.3
6020001,43,6.7
6020001,45,7
6020001,52,8
6020001,60,7.3
6020001,62,7
6020001,63,4.2
6020001,68,9
6020001,69,6.7
6020001,71,7.5
6020001,73,9
6020001,74,7
6020001,77,8.2
6020013,1,7
6020013,2,7
6020013,3,8.3
6020013,4,7.3
6020013,5,7
6020013,6,7
6020013,7,7
6020013,8,6
6020013,9,5
6020013,10,6
6020013,11,5
6020013,12,6
6020013,13,5.5
6020013,14,7.5
6020013,15,5
6020013,16,7.6
6020013,17,6
6020013,19,4.7
6020013,20,5
6020013,21,5
6020013,22,4.1
6020013,23,5.3
6020013,24,5.5
6020013,25,4.6
6020013,26,5
6020013,28,4
6020013,29,6.4
6020013,43,6.3
6020013,45,9
6020013,52,4
6020013,60,7.6
6020013,62,8.8
6020013,63,6
6020013,68,5
6020013,69,7.9
6020013,71,4.2
6020013,73,8
6020013,74,7.4
6020013,77,6.5
6020017,1,5
6020017,2,5
6020017,3,7.4
6020017,4,5.9
6020017,5,5
6020017,6,6
6020017,7,7
6020017,8,5
6020017,9,4
6020017,10,5.5
6020017,11,5
6020017,12,5
6020017,13,5.5
6020017,14,5.8
6020017,15,4.8
6020017,16,6.9
6020017,17,6.4
6020017,19,6.3
6020017,20,6.7
6020017,21,4.7
6020017,22,5.2
6020017,23,6.2
6020017,24,4.6
6020017,25,6.8
6020017,26,6.4
6020017,28,4.4
6020017,29,8.6
6020017,43,4.5
6020017,45,6
6020017,52,5.2
6020017,60,7.3
6020017,62,4.2
6020017,63,4.8
6020017,68,9
6020017,69,5.4
6020017,71,6.8
6020017,73,5
6020017,74,6.8
6020017,77,6.7
6020033,1,7
6020033,2,7
6020033,3,6.5
6020033,4,6.5
6020033,5,6
6020033,6,8
6020033,7,8
6020033,8,5
6020033,9,5
6020033,10,7.5
6020033,11,5
6020033,12,7
6020033,13,5
6020033,14,4.4
6020033,15,4
6020033,16,4.1
6020033,17,6
6020033,20,6
6020033,21,5
6020033,22,4.8
6020033,23,5.1
6020033,24,6.9
6020033,25,5.8
6020033,26,5
6020033,28,0.9
6020033,29,0
6020033,43,2.1
6020033,45,7.5
6020033,52,5.3
6020033,54,9
6020033,60,6.2
6020033,62,4.8
6020033,63,0
6020033,68,6
6020033,69,5.8
6020033,71,5.7
6020033,73,6
6020033,74,6.4
6020033,77,7
6020085,1,5
6020085,2,5
6020085,3,6.3
6020085,4,6.6
6020085,5,6
6020085,6,6
6020085,7,7
6020085,8,7
6020085,9,4.9
6020085,10,6.5
6020085,11,7
6020085,12,6
6020085,13,5.5
6020085,14,6.6
6020085,15,8.5
6020085,16,9
6020085,17,7.3
6020085,19,4
6020085,20,9.3
6020085,21,4.2
6020085,22,1.4
6020085,23,7.2
6020085,24,5.5
6020085,25,6.5
6020085,26,9.7
6020085,29,10
6020085,52,5.8
6020085,53,6.1
6020085,56,6
6020085,58,5.3
6020085,60,8.1
6020085,62,5.5
6020085,63,5.4
6020085,67,8.1
6020085,68,10
6020085,69,4.5
6020085,71,6
6020085,73,6
6020085,74,7.7
6020085,77,5.7
7020126,1,6.7
7020126,2,6.7
7020126,3,6.9
7020126,4,5.9
7020126,5,7.3
7020126,6,8.5
7020126,7,9
7020126,8,5.8
7020126,9,7
7020126,10,5.8
7020126,11,7
7020126,12,8.9
7020126,13,6.7
7020126,14,6.2
7020126,15,6.2
7020126,16,5.5
7020126,17,7
7020126,19,5.9
7020126,20,6.2
7020126,21,6.3
7020126,22,7.2
7020126,23,8.1
7020126,24,5.7
7020126,25,6.7
7020126,26,8.7
7020126,28,3.9
7020126,29,7
7020126,43,5.4
7020126,45,6
7020126,49,5.2
7020126,52,3.4
7020126,60,5.8
7020126,62,6
7020126,63,5.8
7020126,68,8
7020126,69,5.8
7020126,71,4.6
7020126,73,9.5
7020126,74,6.7
7020126,77,4.7
6020117,1,5
6020117,2,5
6020117,3,8.4
6020117,4,7
6020117,5,5
6020117,6,5
6020117,7,8
6020117,8,6
6020117,9,6
6020117,10,5
6020117,11,5
6020117,12,8.3
6020117,13,6
6020117,14,5
6020117,15,5
6020117,16,5
6020117,17,6
6020117,19,5
6020117,20,5
6020117,21,6
6020117,22,8
6020117,23,6
6020117,24,5
6020117,25,5
6020117,26,5
6020117,29,6.8
6020117,52,6
6020117,53,7
6020117,56,5.3
6020117,58,4
6020117,60,7.4
6020117,62,5
6020117,63,5.1
6020117,68,8
6020117,69,6
6020117,71,5
6020117,73,8
6020117,74,5
6020117,77,6
6020126,1,6
6020126,2,6
6020126,3,6.9
6020126,4,6
6020126,5,7
6020126,6,6
6020126,7,7
6020126,8,7
6020126,9,6
6020126,10,6.5
6020126,11,8
6020126,12,5
6020126,13,6.5
6020126,14,7
6020126,15,7
6020126,16,8.8
6020126,17,8
6020126,19,5
6020126,20,6
6020126,21,6
6020126,22,4
6020126,23,6.4
6020126,24,5.8
6020126,25,6
6020126,26,6
6020126,28,4.9
6020126,29,7.8
6020126,43,6.8
6020126,45,8
6020126,52,4.8
6020126,60,7
6020126,62,4.7
6020126,63,4.1
6020126,68,9
6020126,69,6
6020126,71,4.8
6020126,73,7
6020126,74,6.1
6020126,77,5
6020154,1,5
6020154,2,5
6020154,3,7.9
6020154,4,5.9
6020154,5,5
6020154,6,5
6020154,7,7
6020154,8,5
6020154,9,5.1
6020154,10,7
6020154,11,5
6020154,12,6
6020154,13,5.5
6020154,14,4.9
6020154,15,7.5
6020154,16,5.3
6020154,17,7.7
6020154,19,4
6020154,20,7.4
6020154,21,5.8
6020154,22,0
6020154,23,6.4
6020154,24,5
6020154,25,5.5
6020154,26,6.2
6020154,29,7.6
6020154,52,4.6
6020154,53,5.4
6020154,56,5.1
6020154,58,5.3
6020154,60,6
6020154,62,4.8
6020154,63,8
6020154,68,9
6020154,69,6.9
6020154,71,4.8
6020154,73,6
6020154,74,6
6020154,77,4.6
6020167,1,4
6020167,2,4
6020167,3,7.5
6020167,4,6.6
6020167,5,7
6020167,6,10
6020167,7,7
6020167,8,7
6020167,9,6.1
6020167,10,6.5
6020167,11,6
6020167,12,8
6020167,13,5
6020167,14,6
6020167,15,6.3
6020167,16,8.8
6020167,17,7.2
6020167,19,6.3
6020167,20,7.7
6020167,21,5.8
6020167,22,10
6020167,23,7.7
6020167,24,5.8
6020167,25,6.5
6020167,26,7.2
6020167,28,4.8
6020167,29,7.6
6020167,43,7.2
6020167,45,6
6020167,52,7.8
6020167,60,7.3
6020167,62,7.5
6020167,63,4.9
6020167,68,9
6020167,69,6.4
6020167,71,6.9
6020167,73,7
6020167,74,6.6
6020167,77,7
6020224,1,6
6020224,2,6
6020224,3,8.5
6020224,4,6.5
6020224,5,8
6020224,6,5
6020224,7,8
6020224,8,8
6020224,9,6
6020224,10,6.5
6020224,11,5
6020224,12,7
6020224,13,5.5
6020224,14,6.85
6020224,15,4.6
6020224,16,7.6
6020224,17,4
6020224,19,4.7
6020224,20,5.2
6020224,21,6.2
6020224,22,8.6
6020224,23,7.1
6020224,24,9
6020224,25,7.8
6020224,26,6
6020224,28,8.5
6020224,29,8.4
6020224,43,7.5
6020224,45,7
6020224,52,6.8
6020224,62,6.9
6020224,63,7.1
6020224,67,8.7
6020224,69,7.6
6020224,71,7.8
6020224,73,8
6020224,74,7.9
6020224,77,6.9
6020232,1,4
6020232,2,4
6020232,3,7
6020232,4,6.8
6020232,5,5
6020232,6,5
6020232,7,6
6020232,8,5
6020232,9,5.6
6020232,10,6
6020232,11,6
6020232,12,7
6020232,13,6
6020232,14,4.6
6020232,15,8
6020232,16,4.2
6020232,17,5.9
6020232,19,6
6020232,20,4.3
6020232,21,4.2
6020232,22,7.4
6020232,23,7.1
6020232,24,7.6
6020232,25,5.9
6020232,26,7
6020232,29,4
6020232,45,5.5
6020232,52,5.5
6020232,60,7.3
6020232,62,6.2
6020232,63,6.4
6020232,64,6.2
6020232,68,5
6020232,69,6.6
6020232,71,5.1
6020232,73,6
6020232,74,6.1
6020232,76,4
6020232,77,4.8
6020241,1,7
6020241,2,7
6020241,3,0
6020241,4,5.5
6020241,5,5
6020241,6,5
6020241,7,8
6020241,8,5
6020241,9,4.8
6020241,10,5.5
6020241,11,6
6020241,12,7
6020241,13,4.5
6020241,14,3.1
6020241,15,3.8
6020241,16,4.4
6020241,17,0.6
6020241,19,5.4
6020241,20,5.7
6020241,21,5.2
6020241,22,4.1
6020241,23,5.9
6020241,24,0
6020241,25,7.3
6020241,26,0.4
6020241,29,0
6020241,52,3.7
6020241,62,0
6020241,63,0
6020241,64,0
6020241,69,6.6
6020241,70,0
6020241,71,3.2
6020241,73,5
6020241,74,0
6020241,76,0
6020241,77,4.4
6020255,1,6
6020255,2,6
6020255,3,6
6020255,4,6
6020255,5,6
6020255,6,7
6020255,7,6
6020255,8,5
6020255,9,5
6020255,10,5.5
6020255,11,7
6020255,12,5
6020255,13,6
6020255,14,7
6020255,15,5
6020255,16,6
6020255,17,7
6020255,19,5.4
6020255,20,7
6020255,21,5
6020255,22,6
6020255,23,4.1
6020255,24,4
6020255,25,5
6020255,26,5
6020255,28,6.2
6020255,29,4.4
6020255,43,4.4
6020255,45,4.5
6020255,52,5
6020255,60,5.5
6020255,62,7
6020255,63,5.5
6020255,68,7.5
6020255,69,7.5
6020255,71,7
6020255,73,6
6020255,74,7
6020255,77,5
6020286,1,6
6020286,2,6
6020286,3,7.5
6020286,4,6.5
6020286,5,9
6020286,6,7
6020286,7,6
6020286,8,5
6020286,9,5
6020286,10,5.5
6020286,11,5
6020286,12,7
6020286,13,6.5
6020286,14,5.5
6020286,15,6
6020286,16,4.2
6020286,17,5
6020286,19,5.5
6020286,20,6
6020286,21,5
6020286,22,6.6
6020286,23,6.9
6020286,24,7.5
6020286,25,6.2
6020286,26,5
6020286,29,8.4
6020286,52,7.8
6020286,53,8.6
6020286,56,7.8
6020286,58,5
6020286,60,6.8
6020286,62,9.6
6020286,63,5.3
6020286,68,6
6020286,69,7
6020286,71,5.9
6020286,73,6
6020286,74,7.5
6020286,77,5
6020295,1,6
6020295,2,6
6020295,3,7.8
6020295,4,7
6020295,5,7
6020295,6,8
6020295,7,8
6020295,8,7
6020295,9,4.2
6020295,10,5.5
6020295,11,7
6020295,12,7
6020295,13,6
6020295,14,4.7
6020295,15,5.5
6020295,16,4.9
6020295,17,8.1
6020295,19,5.4
6020295,20,7.4
6020295,21,4.2
6020295,22,5.3
6020295,23,7
6020295,24,4.1
6020295,25,7.3
6020295,26,5.2
6020295,28,2.5
6020295,29,6.4
6020295,43,4.9
6020295,45,6
6020295,52,4.9
6020295,56,6.9
6020295,60,4.7
6020295,62,5
6020295,63,6.7
6020295,68,9
6020295,69,5.2
6020295,71,6.3
6020295,73,7
6020295,74,6
6020295,77,8.6
6020356,1,7
6020356,2,7
6020356,3,8.6
6020356,4,7
6020356,5,6
6020356,6,5
6020356,7,7
6020356,8,6
6020356,9,5
6020356,10,5.5
6020356,11,6
6020356,12,5
6020356,13,5
6020356,14,6.5
6020356,15,5
6020356,16,6
6020356,17,6
6020356,19,6.2
6020356,20,6
6020356,21,6
6020356,22,6
6020356,23,7.5
6020356,24,5
6020356,25,7
6020356,26,5
6020356,29,5.4
6020356,49,6.4
6020356,52,5
6020356,60,5.6
6020356,62,5
6020356,63,5.3
6020356,68,8
6020356,69,7
6020356,70,5.2
6020356,71,6
6020356,73,8
6020356,74,6
6020356,76,5.4
6020356,77,6
6020519,1,5
6020519,2,5
6020519,3,7.9
6020519,4,7.7
6020519,5,7
6020519,6,7
6020519,7,6
6020519,8,5
6020519,9,5
6020519,10,5
6020519,11,6
6020519,12,5
6020519,13,6
6020519,14,5.25
6020519,15,4.7
6020519,16,5.4
6020519,17,7.6
6020519,19,4.7
6020519,20,6.3
6020519,21,4.4
6020519,22,4.3
6020519,23,4.7
6020519,24,6.9
6020519,25,7
6020519,26,5.7
6020519,28,6.2
6020519,29,6.4
6020519,43,5.5
6020519,52,7
6020519,60,7.5
6020519,62,5.8
6020519,63,4.8
6020519,68,5
6020519,69,6.3
6020519,71,7.9
6020519,73,6
6020519,74,8
6020519,77,5.9
6020519,78,5.2
6020491,1,6
6020491,2,6
6020491,3,7.6
6020491,4,5
6020491,5,7
6020491,6,5
6020491,7,6
6020491,8,5
6020491,9,5
6020491,10,6
6020491,11,5
6020491,12,7
6020491,13,5.5
6020491,14,5.5
6020491,15,6
6020491,16,6
6020491,17,5
6020491,19,5
6020491,20,6
6020491,21,5
6020491,22,7
6020491,23,7.8
6020491,24,5
6020491,25,5
6020491,26,8
6020491,28,6.5
6020491,29,8.3
6020491,43,7
6020491,45,6
6020491,52,10
6020491,60,7.9
6020491,62,6
6020491,63,4.8
6020491,68,8.5
6020491,69,6.5
6020491,71,6
6020491,73,8
6020491,74,7
6020491,77,6
6020456,1,6
6020456,2,6
6020456,3,7.3
6020456,4,6.6
6020456,5,7
6020456,6,6
6020456,7,7
6020456,8,5
6020456,9,5
6020456,10,5
6020456,11,6
6020456,12,6
6020456,13,6
6020456,14,5
6020456,15,7
6020456,16,4.3
6020456,17,8
6020456,19,5.8
6020456,20,4
6020456,21,6
6020456,22,7
6020456,23,6
6020456,24,4
6020456,25,6.4
6020456,26,4
6020456,28,3.7
6020456,29,5.7
6020456,43,6.65
6020456,45,5.5
6020456,52,2.9
6020456,60,7.6
6020456,62,8.6
6020456,63,5.8
6020456,68,7.5
6020456,69,7.6
6020456,71,6
6020456,73,6.4
6020456,74,7.1
6020456,77,5
6020071,1,6
6020071,2,6
6020071,3,6.8
6020071,4,6.4
6020071,5,6
6020071,6,5
6020071,7,8
6020071,8,6
6020071,9,5
6020071,10,5
6020071,11,6
6020071,12,5
6020071,13,6
6020071,14,3.9
6020071,15,8
6020071,16,7.1
6020071,17,7
6020071,19,5.6
6020071,20,5
6020071,21,5
6020071,22,4.2
6020071,23,6
6020071,24,4.6
6020071,25,4.1
6020071,26,5.2
6020071,28,5.5
6020071,29,6.1
6020071,43,3.8
6020071,45,6.5
6020071,52,5.7
6020071,60,6.6
6020071,62,8.3
6020071,63,5.6
6020071,68,0
6020071,69,6
6020071,71,6
6020071,73,7.1
6020071,74,4.5
6020071,77,7
6020118,1,7
6020118,2,7
6020118,3,6.4
6020118,4,5
6020118,5,6
6020118,6,7
6020118,7,7
6020118,8,5
6020118,9,5
6020118,10,6.5
6020118,11,5
6020118,12,6
6020118,13,6.4
6020118,14,6.5
6020118,15,5
6020118,16,4.5
6020118,17,7
6020118,19,6.6
6020118,20,8
6020118,21,5
6020118,22,6.3
6020118,23,7.7
6020118,24,4.3
6020118,25,6
6020118,26,5
6020118,28,2
6020118,29,7.5
6020118,43,7.9
6020118,45,6
6020118,52,6.4
6020118,56,5.8
6020118,60,6.8
6020118,62,8
6020118,63,5.6
6020118,64,0
6020118,68,7
6020118,69,5.1
6020118,71,5.8
6020118,73,5.5
6020118,74,5.8
6020118,77,5
6020119,1,6
6020119,2,6
6020119,3,7.6
6020119,4,6.3
6020119,5,8
6020119,6,5
6020119,7,7
6020119,8,5
6020119,9,4
6020119,10,6
6020119,11,7
6020119,12,5
6020119,13,5
6020119,14,7
6020119,15,7
6020119,16,6.3
6020119,17,5
6020119,19,7
6020119,20,4
6020119,21,5
6020119,22,6.3
6020119,23,7.5
6020119,24,4
6020119,25,6.9
6020119,26,7
6020119,28,6
6020119,29,6.8
6020119,43,6.8
6020119,45,8.5
6020119,52,5.7
6020119,60,6.6
6020119,62,4
6020119,63,6.1
6020119,68,7.5
6020119,69,5.4
6020119,71,4.8
6020119,73,5.2
6020119,74,7.1
6020119,77,6
5020147,1,8
5020147,2,8
5020147,3,6
5020147,4,6.3
5020147,5,7
5020147,6,5
5020147,7,7
5020147,8,7
5020147,9,6
5020147,10,6.5
5020147,11,5
5020147,12,7
5020147,13,6.2
5020147,14,6.5
5020147,15,5
5020147,16,5
5020147,17,6
5020147,19,5.8
5020147,20,7
5020147,21,5
5020147,22,5.6
5020147,23,6.3
5020147,24,5.5
5020147,25,4
5020147,26,7
5020147,28,5.2
5020147,29,4.3
5020147,43,5.4
5020147,45,6.5
5020147,52,4.1
5020147,60,7.5
5020147,62,5
5020147,63,5.7
5020147,68,7
5020147,69,6.5
5020147,71,4.7
5020147,73,0
5020147,74,5.2
5020147,77,7
5020170,1,5
5020170,2,5
5020170,3,7.4
5020170,4,7.1
5020170,5,6
5020170,6,5
5020170,7,7
5020170,8,5
5020170,9,5
5020170,10,6.5
5020170,11,5
5020170,12,9
5020170,13,5
5020170,14,5.5
5020170,15,5
5020170,16,5.4
5020170,17,5.6
5020170,19,7
5020170,20,4.5
5020170,21,5
5020170,22,5.8
5020170,23,6
5020170,24,5.9
5020170,25,5.3
5020170,26,5
5020170,28,4.4
5020170,29,8.4
5020170,43,5.3
5020170,45,5
5020170,52,5.5
5020170,60,6.8
5020170,62,5.3
5020170,63,5.5
5020170,68,8
5020170,69,6.8
5020170,71,6.3
5020170,73,5.3
5020170,74,7.5
5020170,77,6
6020469,1,5
6020469,2,5
6020469,3,6.6
6020469,4,6.4
6020469,5,6.5
6020469,6,5
6020469,7,6
6020469,8,5
6020469,9,5
6020469,10,6.5
6020469,11,9
6020469,12,5
6020469,13,7.5
6020469,14,5.5
6020469,15,8
6020469,16,4.3
6020469,17,4
6020469,19,5.8
6020469,20,7
6020469,21,5
6020469,22,4.9
6020469,23,6.5
6020469,24,8.8
6020469,25,6.4
6020469,26,5
6020469,28,1.4
6020469,29,6.3
6020469,43,5.6
6020469,45,6.5
6020469,52,4.4
6020469,60,5.9
6020469,62,4
6020469,63,5
6020469,68,6
6020469,69,5.8
6020469,71,7
6020469,73,5.2
6020469,74,7.1
6020469,77,6
6020277,1,8
6020277,2,8
6020277,3,7.4
6020277,4,6.8
6020277,5,6
6020277,6,7
6020277,7,6
6020277,8,5
6020277,9,4.7
6020277,10,6.5
6020277,11,6
6020277,12,5
6020277,13,6
6020277,14,5.75
6020277,15,7
6020277,16,4
6020277,17,7.7
6020277,19,5.8
6020277,20,4.2
6020277,21,5
6020277,22,8
6020277,23,6.6
6020277,24,5.9
6020277,25,6.8
6020277,26,5.5
6020277,29,6.5
6020277,52,4.8
6020277,62,8.4
6020277,63,7.3
6020277,64,6.7
6020277,67,9.2
6020277,69,6.2
6020277,70,6.6
6020277,71,5.8
6020277,73,7.1
6020277,74,7.1
6020277,76,5.8
6020277,77,8.9
6020313,1,6
6020313,2,6
6020313,3,6.8
6020313,4,7.2
6020313,5,5.1
6020313,6,5
6020313,7,7
6020313,8,5
6020313,9,6
6020313,10,6
6020313,11,5
6020313,12,5
6020313,13,5.5
6020313,14,5
6020313,15,6
6020313,16,4.6
6020313,17,5
6020313,19,7
6020313,20,5
6020313,21,5
6020313,22,3.5
6020313,23,5.2
6020313,24,9.4
6020313,25,6.6
6020313,26,5
6020313,28,3.6
6020313,29,6.7
6020313,43,6.85
6020313,45,6.5
6020313,52,4
6020313,60,7
6020313,62,7.2
6020313,63,4.6
6020313,68,6
6020313,69,5.8
6020313,71,5.8
6020313,73,4
6020313,74,6.3
6020313,77,6
6020314,1,6
6020314,2,6
6020314,3,7.1
6020314,4,6.7
6020314,5,6
6020314,6,8
6020314,7,5
6020314,8,5
6020314,9,4.2
6020314,10,6
6020314,11,6
6020314,12,5
6020314,13,5.5
6020314,14,5.95
6020314,15,4.5
6020314,16,6.5
6020314,17,6.7
6020314,19,6.2
6020314,20,4.9
6020314,21,5.4
6020314,22,7.9
6020314,23,7.3
6020314,24,6
6020314,25,7.1
6020314,26,5.8
6020314,28,5.2
6020314,29,7.5
6020314,43,5.5
6020314,45,6
6020314,52,5.1
6020314,60,7.9
6020314,62,6.2
6020314,63,4.4
6020314,68,7
6020314,69,7.2
6020314,71,7.1
6020314,73,6.2
6020314,74,7.3
6020314,77,8.3
6020515,1,7
6020515,2,7
6020515,3,6.9
6020515,4,6.7
6020515,5,7
6020515,6,6
6020515,7,6
6020515,8,5
6020515,9,4.9
6020515,10,6.5
6020515,11,8
6020515,12,6
6020515,13,5.5
6020515,14,6.2
6020515,15,4.5
6020515,16,4.2
6020515,17,6.9
6020515,19,5.8
6020515,20,4.5
6020515,21,5.5
6020515,22,6.5
6020515,23,7.1
6020515,24,8.1
6020515,25,7
6020515,26,4.5
6020515,28,4.4
6020515,29,6.3
6020515,43,6.5
6020515,45,7
6020515,52,6.6
6020515,62,6.1
6020515,63,6.5
6020515,67,8.6
6020515,69,7
6020515,71,6.6
6020515,73,5.6
6020515,74,7
6020515,77,8.4
6020325,1,7
6020325,2,7
6020325,3,6.3
6020325,4,6.3
6020325,5,5
6020325,6,5
6020325,7,5
6020325,8,6
6020325,9,4.2
6020325,10,5
6020325,11,6
6020325,12,5
6020325,13,7
6020325,14,6.5
6020325,15,5
6020325,16,6.2
6020325,17,5.6
6020325,19,5.8
6020325,20,6.5
6020325,21,2.4
6020325,22,6.6
6020325,23,6.4
6020325,24,7
6020325,25,6.3
6020325,26,5
6020325,29,7.4
6020325,43,7.4
6020325,52,4
6020325,53,5.1
6020325,58,5.7
6020325,60,8.1
6020325,62,5.9
6020325,63,5.2
6020325,68,7
6020325,69,5.3
6020325,71,6.1
6020325,73,5.3
6020325,74,7
6020325,77,6.6
6020339,1,6
6020339,2,6
6020339,3,7.3
6020339,4,6.3
6020339,5,5
6020339,6,9
6020339,7,6
6020339,8,6
6020339,9,4.1
6020339,10,6.5
6020339,11,7
6020339,12,5
6020339,13,5
6020339,14,4.9
6020339,15,5
6020339,16,6.3
6020339,17,5.9
6020339,19,5.8
6020339,20,6
6020339,21,6
6020339,22,6.6
6020339,23,7
6020339,24,4.2
6020339,25,6.5
6020339,26,7.5
6020339,28,2
6020339,29,6.7
6020339,43,6.25
6020339,45,6.5
6020339,52,5.9
6020339,60,7.9
6020339,62,7.2
6020339,63,4.1
6020339,68,8
6020339,69,6.1
6020339,71,6.1
6020339,73,5.2
6020339,74,5
6020339,77,5.9
6020523,1,7
6020523,2,7
6020523,3,6.8
6020523,4,6.7
6020523,5,7
6020523,6,5
6020523,7,6
6020523,8,5
6020523,9,5
6020523,10,5.5
6020523,11,7.4
6020523,12,6
6020523,13,5
6020523,14,7.5
6020523,15,5
6020523,16,4.7
6020523,17,6
6020523,19,5.6
6020523,20,5
6020523,21,5
6020523,22,3.9
6020523,23,6
6020523,24,5.5
6020523,25,6.6
6020523,26,4
6020523,28,2.9
6020523,29,7.9
6020523,43,6.15
6020523,45,5.5
6020523,52,4.5
6020523,60,6.5
6020523,62,6.6
6020523,63,4
6020523,68,6
6020523,69,5.5
6020523,71,8
6020523,73,5.8
6020523,74,6.8
6020523,77,5
5020405,1,7
5020405,2,7
5020405,3,4.9
5020405,4,6.6
5020405,5,8
5020405,6,9
5020405,7,6
5020405,8,5
5020405,9,4.4
5020405,10,4.5
5020405,11,6
5020405,12,5
5020405,13,4
5020405,14,6.85
5020405,15,4.8
5020405,16,4.6
5020405,17,4
5020405,19,5.5
5020405,20,4
5020405,21,7
5020405,22,7.7
5020405,23,5.3
5020405,24,8
5020405,25,6.1
5020405,26,8
5020405,28,3.6
5020405,29,8.8
5020405,43,6.4
5020405,45,7
5020405,52,4.8
5020405,60,7
5020405,62,6.6
5020405,63,4.3
5020405,68,7.5
5020405,69,5.2
5020405,71,8
5020405,73,4
5020405,74,7.2
5020405,77,5
5020438,1,7
5020438,2,7
5020438,3,6
5020438,4,5
5020438,5,7
5020438,6,5
5020438,7,5
5020438,8,5
5020438,9,5
5020438,10,5
5020438,11,6
5020438,12,5
5020438,13,5
5020438,14,5.15
5020438,15,5
5020438,16,4.2
5020438,17,7
5020438,19,4.7
5020438,20,9
5020438,21,5
5020438,22,5.6
5020438,23,4.2
5020438,24,5.1
5020438,25,4.6
5020438,26,7
5020438,28,3.3
5020438,29,5.5
5020438,43,6.2
5020438,45,7
5020438,52,4
5020438,60,9.7
5020438,62,6
5020438,63,0.7
5020438,68,7.5
5020438,69,5.6
5020438,71,5
5020438,73,4.6
5020438,74,6.7
5020438,77,5
5020456,1,6
5020456,2,6
5020456,3,2.8
5020456,4,7
5020456,5,6
5020456,6,5
5020456,7,7
5020456,8,7
5020456,9,6
5020456,10,5
5020456,11,6
5020456,12,8
5020456,13,6
5020456,14,6
5020456,15,5
5020456,16,5.2
5020456,17,7
5020456,19,5
5020456,20,8
5020456,21,8
5020456,22,2.2
5020456,23,5.3
5020456,24,2.5
5020456,25,5
5020456,26,4
5020456,29,1.1
5020456,52,4.3
5020456,62,0
5020456,63,0
5020456,64,0
5020456,69,6.5
5020456,70,0.9
5020456,71,5.5
5020456,73,4.7
5020456,74,4
5020456,76,0.7
5020456,77,4
6020413,1,7
6020413,2,7
6020413,3,7.9
6020413,4,6.8
6020413,5,8
6020413,6,6
6020413,7,7
6020413,8,5
6020413,9,6
6020413,10,7.5
6020413,11,6
6020413,12,5
6020413,13,8
6020413,14,5.5
6020413,15,5
6020413,16,4.9
6020413,17,8
6020413,19,5.8
6020413,20,5.3
6020413,21,6
6020413,22,5.3
6020413,23,7.1
6020413,24,0
6020413,25,6.2
6020413,26,5
6020413,29,6.3
6020413,49,7.4
6020413,51,0
6020413,52,4.5
6020413,60,6.7
6020413,62,5
6020413,63,6.5
6020413,68,7
6020413,69,6.8
6020413,71,6
6020413,73,5.6
6020413,74,6.5
6020413,77,5
6020413,78,6.4
6020516,1,6
6020516,2,6
6020516,3,6.9
6020516,4,6.3
6020516,5,6
6020516,6,8
6020516,7,5
6020516,8,6
6020516,9,4.1
6020516,10,6.5
6020516,11,5
6020516,12,6
6020516,13,5
6020516,14,5.7
6020516,15,4.3
6020516,16,6.9
6020516,17,7.2
6020516,19,6.7
6020516,20,4.5
6020516,21,4.8
6020516,22,4.2
6020516,23,6.6
6020516,24,5.9
6020516,25,4.8
6020516,26,8.3
6020516,29,8
6020516,52,6.5
6020516,53,6.7
6020516,56,5
6020516,58,8.9
6020516,60,7.8
6020516,62,5.9
6020516,63,4.2
6020516,68,7.5
6020516,69,5.3
6020516,71,5.3
6020516,73,4.7
6020516,74,7.3
6020516,77,5.3
