11020002,1,2
11020002,2,2
11020002,3,3
11020002,4,2
11020002,5,1
11020002,6,3
11020002,7,1
11020002,8,2
11020002,9,1
11020002,10,3
11020002,11,3
11020002,12,3
11020002,13,2
11020002,14,4
11020002,15,1
11020002,16,1
11020002,17,2
11020002,19,3
11020002,20,2
11020002,21,2
11020002,22,1
11020002,23,2
11020002,24,3
11020002,25,1
11020002,26,2
11020002,27,1
11020002,28,4
11020002,29,2
11020002,30,2
11020002,32,3
11020002,33,2
11020002,48,1
11020002,49,2
11020002,51,1
11020002,52,1
11020002,62,1
11020002,63,2
11020002,66,1
11020002,67,1
11020002,70,3
11020111,1,3
11020111,2,3
11020111,3,3
11020111,4,3
11020111,5,1
11020111,6,2
11020111,7,2
11020111,8,2
11020111,9,1
11020111,10,3
11020111,11,3
11020111,12,4
11020111,13,4
11020111,14,4
11020111,15,4
11020111,16,2
11020111,17,3
11020111,19,3
11020111,20,2
11020111,21,1
11020111,22,3
11020111,23,3
11020111,24,2
11020111,25,3
11020111,26,3
11020111,27,2
11020111,28,3
11020111,29,3
11020111,30,3
11020111,32,3
11020111,33,4
11020111,48,1
11020111,51,1
11020111,52,2
11020111,62,2
11020111,63,2
11020111,66,3
11020111,67,1
11020111,78,2
11020218,1,3
11020218,2,3
11020218,3,3
11020218,4,2
11020218,5,2
11020218,6,3
11020218,7,3
11020218,8,3
11020218,9,3
11020218,10,2
11020218,11,3
11020218,12,2
11020218,13,2
11020218,14,2
11020218,15,3
11020218,16,1
11020218,17,3
11020218,19,3
11020218,20,3
11020218,21,2
11020218,22,2
11020218,23,3
11020218,24,3
11020218,25,1
11020218,26,3
11020218,27,1
11020218,28,3
11020218,29,3
11020218,30,2
11020218,32,2
11020218,33,4
11020218,40,2
11020218,48,1
11020218,51,1
11020218,52,4
11020218,56,3
11020218,63,2
11020218,66,2
11020218,67,1
11020359,1,3
11020359,2,3
11020359,3,3
11020359,4,3
11020359,5,3
11020359,6,2
11020359,7,2
11020359,8,3
11020359,9,2
11020359,10,3
11020359,11,1
11020359,12,3
11020359,13,4
11020359,14,2
11020359,15,2
11020359,16,1
11020359,17,3
11020359,19,2
11020359,20,3
11020359,21,3
11020359,22,1
11020359,23,2
11020359,24,2
11020359,25,2
11020359,26,3
11020359,27,1
11020359,28,3
11020359,29,4
11020359,30,3
11020359,32,1
11020359,33,2
11020359,51,2
11020359,52,3
11020359,53,3
11020359,62,2
11020359,63,2
11020359,66,1
11020359,67,1
11020359,78,3
11020227,1,2
11020227,2,2
11020227,3,2
11020227,4,2
11020227,5,1
11020227,6,1
11020227,7,2
11020227,8,4
11020227,9,3
11020227,10,2
11020227,11,1
11020227,12,1
11020227,13,3
11020227,14,3
11020227,15,4
11020227,16,1
11020227,17,4
11020227,19,3
11020227,20,2
11020227,21,4
11020227,22,1
11020227,23,4
11020227,24,5
11020227,25,4
11020227,26,2
11020227,27,2
11020227,28,3
11020227,29,4
11020227,30,3
11020227,32,2
11020227,33,4
11020227,48,2
11020227,51,3
11020227,52,2
11020227,58,3
11020227,62,5
11020227,63,3
11020227,64,5
11020227,66,1
11020227,67,5
11020229,1,3
11020229,2,3
11020229,3,5
11020229,4,4
11020229,5,3
11020229,6,2
11020229,7,3
11020229,8,4
11020229,10,3
11020229,11,2
11020229,12,4
11020229,13,3
11020229,14,4
11020229,15,4
11020229,16,3
11020229,17,3
11020229,19,5
11020229,20,3
11020229,21,4
11020229,22,2
11020229,23,4
11020229,24,5
11020229,25,3
11020229,26,4
11020229,28,5
11020229,29,5
11020229,30,5
11020229,32,3
11020229,33,5
11020229,42,5
11020229,47,5
11020229,51,5
11020229,52,5
11020229,53,5
11020229,56,5
11020229,63,3
11020229,66,5
10020020,1,3
10020020,2,3
10020020,3,3
10020020,4,3
10020020,5,1
10020020,6,3
10020020,7,3
10020020,8,4
10020020,9,4
10020020,10,1
10020020,11,2
10020020,12,3
10020020,13,5
10020020,14,3
10020020,15,2
10020020,16,2
10020020,17,4
10020020,19,2
10020020,20,2
10020020,21,1
10020020,22,2
10020020,23,2
10020020,24,3
10020020,25,2
10020020,26,2
10020020,27,2
10020020,28,2
10020020,29,2
10020020,30,2
10020020,32,3
10020020,33,3
10020020,48,3
10020020,51,3
10020020,52,4
10020020,53,2
10020020,61,2
10020020,62,2
10020020,63,2
10020020,66,2
10020020,67,1
10020156,1,3
10020156,2,3
10020156,3,3
10020156,4,3
10020156,5,1
10020156,6,2
10020156,7,3
10020156,8,3
10020156,9,3
10020156,10,4
10020156,11,3
10020156,12,4
10020156,13,1
10020156,14,4
10020156,15,4
10020156,16,3
10020156,17,3
10020156,19,2
10020156,20,3
10020156,21,3
10020156,22,1
10020156,23,3
10020156,24,4
10020156,25,1
10020156,26,3
10020156,27,1
10020156,28,2
10020156,29,2
10020156,30,2
10020156,32,2
10020156,33,3
10020156,48,4
10020156,49,3
10020156,51,5
10020156,52,3
10020156,58,2
10020156,63,3
10020156,66,1
10020156,67,1
10020156,78,1
10020162,1,3
10020162,2,3
10020162,3,3
10020162,4,2
10020162,5,2
10020162,6,2
10020162,7,2
10020162,8,2
10020162,9,4
10020162,10,1
10020162,11,3
10020162,12,1
10020162,13,2
10020162,14,3
10020162,15,2
10020162,16,3
10020162,17,4
10020162,19,3
10020162,20,3
10020162,21,4
10020162,22,2
10020162,23,3
10020162,24,3
10020162,25,2
10020162,26,2
10020162,27,2
10020162,28,2
10020162,29,2
10020162,30,1
10020162,32,1
10020162,33,1
10020162,48,2
10020162,51,5
10020162,52,4
10020162,53,3
10020162,56,4
10020162,58,2
10020162,63,2
10020162,66,1
10020162,67,2
10020171,1,6.3
10020171,2,6.3
10020171,3,5.9
10020171,5,8.4
10020171,7,6.5
10020171,8,5.5
10020171,11,6.1
10020171,13,4.4
10020171,14,5.65
10020171,16,9
10020171,17,4.9
10020171,19,6.1
10020171,20,8
10020171,22,6.2
10020171,23,7.5
10020171,25,6.8
10020171,26,7.4
10020171,32,6.5
10020171,33,9
10020171,63,7.9
10020177,1,3
10020177,2,3
10020177,3,3
10020177,4,2
10020177,5,2
10020177,6,2
10020177,7,3
10020177,8,3
10020177,9,4
10020177,10,3
10020177,11,2
10020177,12,3
10020177,13,3
10020177,14,4
10020177,15,4
10020177,16,3
10020177,17,2
10020177,19,3
10020177,20,3
10020177,21,2
10020177,22,3
10020177,23,3
10020177,24,2
10020177,25,3
10020177,26,1
10020177,27,4
10020177,28,3
10020177,29,3
10020177,30,3
10020177,32,4
10020177,33,2
10020177,51,1
10020177,52,1
10020177,56,3
10020177,61,1
10020177,62,1
10020177,63,3
10020177,66,1
10020177,68,1
10020177,70,3
10020194,1,3
10020194,2,3
10020194,3,2
10020194,4,2
10020194,5,1
10020194,6,1
10020194,7,3
10020194,8,3
10020194,9,4
10020194,10,1
10020194,11,2
10020194,12,4
10020194,13,1
10020194,14,4
10020194,15,4
10020194,16,2
10020194,17,3
10020194,19,3
10020194,20,2
10020194,21,2
10020194,22,1
10020194,23,2
10020194,24,4
10020194,25,2
10020194,26,2
10020194,27,2
10020194,28,3
10020194,29,2
10020194,30,1
10020194,32,1
10020194,33,2
10020194,40,2
10020194,43,4
10020194,45,2
10020194,49,4
10020194,51,5
10020194,52,3
10020194,63,2
10020194,66,1
10020194,67,1
10020219,1,3
10020219,2,3
10020219,3,3
10020219,4,3
10020219,5,2
10020219,6,3
10020219,7,2
10020219,8,3
10020219,9,4
10020219,10,1
10020219,11,3
10020219,12,5
10020219,13,3
10020219,14,5
10020219,15,3
10020219,16,3
10020219,17,4
10020219,19,3
10020219,20,2
10020219,21,3
10020219,22,1
10020219,23,4
10020219,24,3
10020219,25,3
10020219,26,2
10020219,27,2
10020219,28,3
10020219,29,3
10020219,30,3
10020219,32,2
10020219,33,2
10020219,49,3
10020219,51,5
10020219,52,2
10020219,56,4
10020219,62,2
10020219,63,3
10020219,66,2
10020219,67,1
10020219,78,4
10020287,1,3
10020287,2,3
10020287,3,2
10020287,4,3
10020287,5,2
10020287,6,3
10020287,7,3
10020287,8,2
10020287,9,3
10020287,10,4
10020287,11,3
10020287,12,3
10020287,13,1
10020287,14,4
10020287,15,3
10020287,16,3
10020287,17,3
10020287,19,3
10020287,20,2
10020287,21,2
10020287,22,3
10020287,23,4
10020287,24,3
10020287,25,2
10020287,26,2
10020287,27,5
10020287,28,2
10020287,29,5
10020287,30,5
10020287,32,4
10020287,33,4
10020287,43,5
10020287,45,5
10020287,49,4
10020287,51,5
10020287,52,1
10020287,56,5
10020287,60,5
10020287,61,3
10020287,62,5
10020287,63,3
10020287,66,1
10020287,67,5
10020287,68,5
10020287,70,5
10020287,78,5
10020298,1,3
10020298,2,3
10020298,3,4
10020298,4,4
10020298,5,1
10020298,6,1
10020298,7,3
10020298,8,3
10020298,9,4
10020298,10,2
10020298,11,2
10020298,12,3
10020298,13,4
10020298,14,5
10020298,15,3
10020298,16,1
10020298,17,3
10020298,19,4
10020298,20,1
10020298,21,1
10020298,22,3
10020298,23,3
10020298,24,4
10020298,25,3
10020298,26,3
10020298,27,2
10020298,28,1
10020298,29,5
10020298,30,3
10020298,32,3
10020298,33,3
10020298,49,3
10020298,51,5
10020298,52,2
10020298,56,2
10020298,61,1
10020298,62,1
10020298,63,3
10020298,66,1
10020298,68,2
10020298,78,2
10020354,1,3
10020354,2,3
10020354,3,3
10020354,4,3
10020354,5,1
10020354,6,2
10020354,7,3
10020354,8,3
10020354,9,3
10020354,10,3
10020354,11,2
10020354,12,2
10020354,13,1
10020354,14,5
10020354,15,3
10020354,16,4
10020354,17,3
10020354,19,3
10020354,20,2
10020354,21,3
10020354,22,1
10020354,23,4
10020354,24,3
10020354,25,2
10020354,26,3
10020354,27,2
10020354,28,2
10020354,29,3
10020354,30,1
10020354,32,3
10020354,33,3
10020354,40,2
10020354,45,1
10020354,51,1
10020354,52,1
10020354,63,2
10020354,66,2
10020354,67,1
10020354,78,2
10020360,1,2
10020360,2,2
10020360,3,3
10020360,4,3
10020360,5,2
10020360,6,3
10020360,7,3
10020360,8,3
10020360,9,3
10020360,10,2
10020360,11,3
10020360,12,3
10020360,13,2
10020360,14,5
10020360,15,2
10020360,16,2
10020360,17,4
10020360,19,2
10020360,20,2
10020360,21,1
10020360,22,1
10020360,23,3
10020360,24,3
10020360,25,2
10020360,26,3
10020360,27,2
10020360,28,1
10020360,29,2
10020360,30,1
10020360,32,1
10020360,33,3
10020360,40,2
10020360,43,4
10020360,45,3
10020360,51,5
10020360,52,3
10020360,56,3
10020360,61,1
10020360,63,2
10020360,66,1
10020360,68,1
10020388,1,2
10020388,2,2
10020388,3,3
10020388,4,2
10020388,5,1
10020388,6,1
10020388,7,3
10020388,8,3
10020388,9,4
10020388,10,2
10020388,11,3
10020388,12,3
10020388,13,3
10020388,14,4
10020388,15,4
10020388,16,3
10020388,17,4
10020388,19,3
10020388,20,3
10020388,21,3
10020388,22,3
10020388,23,4
10020388,24,4
10020388,25,3
10020388,26,3
10020388,27,3
10020388,28,3
10020388,29,4
10020388,30,3
10020388,32,4
10020388,33,3
10020388,40,3
10020388,45,5
10020388,51,5
10020388,52,3
10020388,56,5
10020388,61,1
10020388,62,2
10020388,63,3
10020388,64,1
10020388,66,2
10020388,68,1
10020388,78,4
9020002,1,4
9020002,2,4
9020002,3,4
9020002,4,5
9020002,8,5
9020002,9,5
9020002,10,4
9020002,14,5
9020002,15,4
9020002,16,5
9020002,17,4
9020002,19,4
9020002,20,5
9020002,21,3
9020002,22,3
9020002,23,3
9020002,24,5
9020002,25,2
9020002,27,5
9020002,28,5
9020002,29,5
9020002,30,5
9020002,32,3
9020002,33,4
9020002,40,5
9020002,48,5
9020002,49,2
9020002,51,5
9020002,52,5
9020002,53,4
9020002,61,5
9020002,63,5
9020002,66,5
9020002,68,2
10020105,1,3
10020105,2,3
10020105,3,3
10020105,4,4
10020105,5,2
10020105,6,1
10020105,7,2
10020105,8,2
10020105,9,3
10020105,10,2
10020105,11,2
10020105,12,3
10020105,13,1
10020105,14,4
10020105,15,3
10020105,16,2
10020105,17,4
10020105,19,2
10020105,20,1
10020105,21,3
10020105,22,2
10020105,23,3
10020105,24,4
10020105,25,3
10020105,26,3
10020105,27,2
10020105,28,4
10020105,29,3
10020105,30,3
10020105,32,1
10020105,33,3
10020105,48,4
10020105,51,5
10020105,52,2
10020105,56,5
10020105,58,2
10020105,61,2
10020105,62,5
10020105,63,3
10020105,66,3
10020105,67,5
10020105,78,3
10020124,1,3
10020124,2,3
10020124,3,3
10020124,4,2
10020124,5,2
10020124,6,4
10020124,7,3
10020124,8,2
10020124,9,3
10020124,10,2
10020124,11,1
10020124,12,4
10020124,13,4
10020124,14,4
10020124,15,2
10020124,16,4
10020124,17,4
10020124,19,3
10020124,20,4
10020124,21,3
10020124,22,2
10020124,23,3
10020124,24,3
10020124,25,1
10020124,26,4
10020124,27,3
10020124,28,3
10020124,29,3
10020124,30,2
10020124,32,3
10020124,33,4
10020124,49,2
10020124,51,5
10020124,52,4
10020124,56,4
10020124,58,1
10020124,61,1
10020124,62,2
10020124,63,3
10020124,66,1
10020124,68,3
10020169,1,3
10020169,2,3
10020169,3,3
10020169,4,3
10020169,5,3
10020169,6,2
10020169,7,3
10020169,8,4
10020169,9,4
10020169,10,4
10020169,11,1
10020169,12,3
10020169,13,3
10020169,14,4
10020169,15,3
10020169,16,3
10020169,17,3
10020169,19,4
10020169,20,3
10020169,21,3
10020169,22,1
10020169,23,3
10020169,24,4
10020169,25,3
10020169,26,4
10020169,27,3
10020169,28,2
10020169,29,3
10020169,30,3
10020169,32,2
10020169,33,3
10020169,45,4
10020169,49,3
10020169,51,5
10020169,52,1
10020169,58,1
10020169,61,2
10020169,62,2
10020169,63,3
10020169,66,2
10020169,68,2
10020169,78,2
10020465,1,3
10020465,2,3
10020465,3,3
10020465,4,4
10020465,5,3
10020465,6,1
10020465,7,3
10020465,8,4
10020465,9,4
10020465,10,5
10020465,11,4
10020465,12,3
10020465,13,3
10020465,14,4
10020465,15,3
10020465,16,4
10020465,17,3
10020465,19,3
10020465,20,2
10020465,21,2
10020465,22,2
10020465,23,4
10020465,24,4
10020465,25,2
10020465,26,3
10020465,27,4
10020465,28,2
10020465,29,3
10020465,30,3
10020465,32,3
10020465,33,3
10020465,40,4
10020465,45,2
10020465,49,2
10020465,51,5
10020465,52,5
10020465,53,3
10020465,61,1
10020465,63,4
10020465,66,1
10020465,68,2
10020181,1,5.7
10020181,2,5.7
10020181,3,7.1
10020181,4,7.6
10020181,5,8.7
10020181,6,8.1
10020181,7,7.4
10020181,8,6.7
10020181,9,5
10020181,10,7.4
10020181,11,8.4
10020181,12,6.6
10020181,13,4.4
10020181,14,3.95
10020181,15,6.2
10020181,16,7.5
10020181,17,4.9
10020181,19,5.7
10020181,20,8.9
10020181,21,7
10020181,22,7.6
10020181,23,8.3
10020181,24,5.8
10020181,25,8.4
10020181,26,5.8
10020181,27,8
10020181,28,6.8
10020181,29,8
10020181,30,8.2
10020181,32,9
10020181,33,7.2
10020181,48,7.5
10020181,52,6.1
10020181,56,6
10020181,58,8
10020181,63,5.4
10020181,66,9.5
10020181,72,8.4
10020206,1,3
10020206,2,3
10020206,3,2
10020206,4,3
10020206,5,3
10020206,6,4
10020206,7,3
10020206,8,3
10020206,9,3
10020206,10,3
10020206,11,1
10020206,12,5
10020206,13,1
10020206,14,3
10020206,15,4
10020206,16,4
10020206,17,2
10020206,19,2
10020206,20,2
10020206,21,2
10020206,22,2
10020206,23,3
10020206,24,3
10020206,25,2
10020206,26,1
10020206,27,3
10020206,28,3
10020206,29,3
10020206,30,4
10020206,32,2
10020206,33,4
10020206,40,5
10020206,45,2
10020206,47,1
10020206,48,5
10020206,51,5
10020206,52,4
10020206,56,5
10020206,58,3
10020206,60,5
10020206,61,1
10020206,62,1
10020206,63,4
10020206,66,2
10020206,68,2
10020206,70,5
10020206,78,5
10020220,1,4
10020220,2,4
10020220,3,3
10020220,4,2
10020220,5,1
10020220,6,4
10020220,7,3
10020220,8,3
10020220,9,3
10020220,10,2
10020220,11,1
10020220,12,4
10020220,13,2
10020220,14,4
10020220,15,3
10020220,16,3
10020220,17,3
10020220,19,2
10020220,20,2
10020220,21,3
10020220,22,1
10020220,23,4
10020220,24,4
10020220,25,3
10020220,26,1
10020220,27,3
10020220,28,3
10020220,29,2
10020220,30,2
10020220,32,2
10020220,33,4
10020220,43,5
10020220,48,2
10020220,51,5
10020220,52,2
10020220,53,3
10020220,56,4
10020220,61,1
10020220,62,3
10020220,63,3
10020220,66,2
10020220,68,2
10020243,1,2
10020243,2,2
10020243,3,2
10020243,4,4
10020243,5,1
10020243,6,2
10020243,7,3
10020243,8,3
10020243,9,4
10020243,10,1
10020243,11,3
10020243,12,3
10020243,13,2
10020243,14,5
10020243,15,3
10020243,16,2
10020243,17,4
10020243,19,2
10020243,20,3
10020243,21,3
10020243,22,3
10020243,23,4
10020243,24,4
10020243,25,1
10020243,26,2
10020243,27,3
10020243,28,2
10020243,29,2
10020243,30,2
10020243,32,3
10020243,33,2
10020243,45,5
10020243,49,4
10020243,51,5
10020243,52,2
10020243,53,2
10020243,56,4
10020243,58,3
10020243,61,3
10020243,63,4
10020243,66,3
10020243,67,5
10020243,68,3
10020289,1,7.2
10020289,2,7.2
10020289,3,6.1
10020289,4,7.3
10020289,5,6.4
10020289,6,6.3
10020289,7,6.9
10020289,8,6.5
10020289,9,6.6
10020289,10,5.7
10020289,11,8.8
10020289,12,9.2
10020289,13,4.5
10020289,14,5.7
10020289,15,6.2
10020289,16,5
10020289,17,5
10020289,19,4.3
10020289,20,6.7
10020289,21,6
10020289,22,5.8
10020289,23,4.7
10020289,24,5.4
10020289,25,7.7
10020289,27,5.1
10020289,28,6.9
10020289,29,7.1
10020289,30,7.5
10020289,32,6.3
10020289,33,5.5
10020289,52,8.4
10020289,53,6.5
10020289,63,4.5
10020289,66,9
10020406,1,3
10020406,2,3
10020406,3,3
10020406,4,2
10020406,5,2
10020406,6,1
10020406,7,3
10020406,8,3
10020406,9,4
10020406,10,2
10020406,11,3
10020406,12,2
10020406,13,1
10020406,14,3
10020406,15,1
10020406,16,3
10020406,17,2
10020406,19,2
10020406,20,1
10020406,21,3
10020406,22,1
10020406,23,1
10020406,24,3
10020406,25,1
10020406,26,3
10020406,27,1
10020406,28,1
10020406,29,2
10020406,30,2
10020406,32,1
10020406,33,2
10020406,40,2
10020406,43,2
10020406,45,2
10020406,51,2
10020406,52,1
10020406,63,1
10020406,66,1
10020406,67,1
10020019,1,3
10020019,2,3
10020019,3,2
10020019,4,2
10020019,5,2
10020019,6,2
10020019,7,3
10020019,8,3
10020019,9,3
10020019,10,2
10020019,11,1
10020019,12,1
10020019,13,4
10020019,14,4
10020019,15,1
10020019,16,2
10020019,17,2
10020019,19,2
10020019,20,3
10020019,21,2
10020019,22,3
10020019,23,2
10020019,24,3
10020019,25,2
10020019,26,3
10020019,27,3
10020019,28,1
10020019,29,4
10020019,30,2
10020019,32,2
10020019,33,3
10020019,49,2
10020019,51,5
10020019,52,4
10020019,53,3
10020019,56,3
10020019,62,3
10020019,63,2
10020019,66,2
10020019,67,2
10020019,70,5
10020033,1,2
10020033,2,2
10020033,3,3
10020033,4,2
10020033,5,3
10020033,6,2
10020033,7,1
10020033,8,3
10020033,9,3
10020033,10,2
10020033,11,1
10020033,12,2
10020033,13,4
10020033,14,3
10020033,15,3
10020033,16,2
10020033,17,3
10020033,19,1
10020033,20,2
10020033,21,1
10020033,22,1
10020033,23,2
10020033,24,2
10020033,25,2
10020033,26,4
10020033,27,1
10020033,28,1
10020033,29,3
10020033,30,2
10020033,32,2
10020033,33,1
10020033,43,1
10020033,45,1
10020033,49,1
10020033,51,2
10020033,52,3
10020033,56,1
10020033,63,3
10020033,66,1
10020033,67,1
10020096,1,3
10020096,2,3
10020096,3,2
10020096,4,3
10020096,5,1
10020096,6,4
10020096,7,2
10020096,8,2
10020096,9,1
10020096,10,3
10020096,11,3
10020096,12,4
10020096,13,4
10020096,14,4
10020096,15,3
10020096,16,3
10020096,17,2
10020096,19,4
10020096,20,1
10020096,21,2
10020096,22,4
10020096,23,4
10020096,24,4
10020096,25,2
10020096,26,3
10020096,27,3
10020096,28,3
10020096,29,3
10020096,30,2
10020096,32,2
10020096,33,2
10020096,40,4
10020096,51,2
10020096,52,4
10020096,56,4
10020096,58,1
10020096,63,3
10020096,66,1
10020096,68,3
10020096,69,3
10020096,78,2
10020458,1,3
10020458,2,3
10020458,3,3
10020458,4,3
10020458,5,1
10020458,6,1
10020458,7,2
10020458,8,3
10020458,9,3
10020458,10,3
10020458,11,3
10020458,12,4
10020458,13,2
10020458,14,4
10020458,15,4
10020458,16,4
10020458,17,2
10020458,19,2
10020458,20,3
10020458,21,4
10020458,22,2
10020458,23,4
10020458,24,2
10020458,25,2
10020458,26,3
10020458,27,2
10020458,28,2
10020458,29,2
10020458,30,2
10020458,32,4
10020458,33,1
10020458,45,2
10020458,49,2
10020458,51,2
10020458,52,4
10020458,56,5
10020458,61,2
10020458,62,3
10020458,63,3
10020458,66,1
10020458,68,1
10020161,1,3
10020161,2,3
10020161,3,3
10020161,4,4
10020161,5,1
10020161,6,1
10020161,7,3
10020161,8,3
10020161,9,3
10020161,10,1
10020161,11,1
10020161,12,1
10020161,13,1
10020161,14,4
10020161,15,2
10020161,16,2
10020161,17,2
10020161,19,3
10020161,20,1
10020161,21,2
10020161,22,3
10020161,23,2
10020161,24,3
10020161,25,3
10020161,26,1
10020161,27,2
10020161,28,1
10020161,29,2
10020161,30,2
10020161,31,5
10020161,32,3
10020161,33,2
10020161,51,5
10020161,52,2
10020161,53,2
10020161,56,5
10020161,61,2
10020161,62,1
10020161,63,4
10020161,64,5
10020161,66,5
10020161,67,5
10020161,68,2
10020161,70,4
10020161,78,4
10020187,1,3
10020187,2,3
10020187,3,3
10020187,4,3
10020187,5,3
10020187,6,1
10020187,7,3
10020187,8,3
10020187,9,4
10020187,10,2
10020187,11,3
10020187,12,3
10020187,13,2
10020187,14,4
10020187,15,4
10020187,16,4
10020187,17,3
10020187,19,2
10020187,20,2
10020187,21,4
10020187,22,4
10020187,23,2
10020187,24,4
10020187,25,2
10020187,26,4
10020187,27,2
10020187,28,3
10020187,29,3
10020187,30,4
10020187,32,3
10020187,33,2
10020187,43,5
10020187,51,5
10020187,52,3
10020187,53,3
10020187,56,4
10020187,58,2
10020187,62,1
10020187,63,5
10020187,66,2
10020187,67,2
10020204,1,2
10020204,2,2
10020204,3,3
10020204,4,3
10020204,5,3
10020204,6,3
10020204,7,3
10020204,8,2
10020204,9,2
10020204,10,1
10020204,11,2
10020204,12,2
10020204,13,1
10020204,14,3
10020204,15,3
10020204,16,3
10020204,17,4
10020204,19,4
10020204,20,3
10020204,21,2
10020204,22,2
10020204,23,2
10020204,24,3
10020204,25,2
10020204,26,3
10020204,27,3
10020204,28,4
10020204,29,2
10020204,30,2
10020204,32,1
10020204,33,4
10020204,48,1
10020204,49,3
10020204,51,5
10020204,52,3
10020204,53,3
10020204,56,5
10020204,58,1
10020204,62,2
10020204,63,4
10020204,66,1
10020204,67,1
10020222,1,3
10020222,2,3
10020222,3,2
10020222,4,3
10020222,5,2
10020222,6,2
10020222,7,2
10020222,8,2
10020222,9,4
10020222,10,2
10020222,11,4
10020222,12,5
10020222,13,3
10020222,14,5
10020222,15,3
10020222,16,3
10020222,17,4
10020222,19,2
10020222,20,4
10020222,21,4
10020222,22,4
10020222,23,4
10020222,24,4
10020222,25,3
10020222,26,3
10020222,27,4
10020222,28,3
10020222,29,4
10020222,30,3
10020222,32,4
10020222,33,3
10020222,48,4
10020222,49,4
10020222,51,5
10020222,52,5
10020222,54,4
10020222,56,4
10020222,61,1
10020222,63,5
10020222,66,2
10020222,68,2
10020239,1,3
10020239,2,3
10020239,3,3
10020239,4,2
10020239,5,3
10020239,6,1
10020239,7,3
10020239,8,3
10020239,9,3
10020239,10,3
10020239,11,4
10020239,12,4
10020239,13,4
10020239,14,3
10020239,15,3
10020239,16,3
10020239,17,4
10020239,19,1
10020239,20,2
10020239,21,2
10020239,22,2
10020239,23,3
10020239,24,2
10020239,25,3
10020239,26,2
10020239,27,3
10020239,28,3
10020239,29,3
10020239,30,3
10020239,32,4
10020239,33,4
10020239,48,3
10020239,51,5
10020239,52,3
10020239,53,3
10020239,56,3
10020239,61,2
10020239,62,2
10020239,63,3
10020239,66,1
10020239,68,3
10020246,1,3
10020246,2,3
10020246,3,3
10020246,4,3
10020246,5,2
10020246,6,2
10020246,7,3
10020246,8,4
10020246,9,2
10020246,10,3
10020246,11,4
10020246,12,3
10020246,13,2
10020246,14,5
10020246,15,3
10020246,16,4
10020246,17,4
10020246,19,4
10020246,20,4
10020246,21,2
10020246,22,3
10020246,23,3
10020246,24,4
10020246,25,4
10020246,26,3
10020246,27,4
10020246,28,4
10020246,29,3
10020246,30,3
10020246,32,2
10020246,33,2
10020246,43,3
10020246,45,5
10020246,51,5
10020246,52,4
10020246,56,4
10020246,58,1
10020246,62,1
10020246,63,3
10020246,66,2
10020246,67,2
10020255,1,5.5
10020255,2,5.5
10020255,3,6
10020255,4,6.9
10020255,5,8.6
10020255,6,9
10020255,7,7
10020255,8,5.7
10020255,10,7.9
10020255,11,6.2
10020255,12,8
10020255,13,5.9
10020255,14,6
10020255,15,5.2
10020255,16,6.7
10020255,17,5
10020255,19,5.8
10020255,20,5.6
10020255,21,5.8
10020255,22,5.7
10020255,23,4.5
10020255,24,5
10020255,25,7.1
10020255,26,6.2
10020255,27,5.8
10020255,30,6.1
10020255,32,4.7
10020255,33,5
10020255,49,5.6
10020255,52,4.8
10020255,53,2.1
10020255,56,4.7
10020255,58,9.8
10020255,63,5.4
10020255,66,8.5
9020382,1,3
9020382,2,3
9020382,3,3
9020382,4,3
9020382,5,3
9020382,6,3
9020382,7,4
9020382,8,3
9020382,9,3
9020382,10,3
9020382,11,2
9020382,12,3
9020382,13,2
9020382,14,4
9020382,15,5
9020382,16,3
9020382,17,4
9020382,19,4
9020382,20,3
9020382,21,3
9020382,22,4
9020382,23,4
9020382,24,2
9020382,25,2
9020382,26,2
9020382,27,5
9020382,28,5
9020382,29,5
9020382,30,4
9020382,32,2
9020382,33,2
9020382,45,2
9020382,49,5
9020382,51,5
9020382,52,5
9020382,56,4
9020382,58,3
9020382,61,2
9020382,62,2
9020382,63,4
9020382,66,3
9020382,68,4
10020285,1,3
10020285,2,3
10020285,3,3
10020285,4,2
10020285,5,1
10020285,6,2
10020285,7,2
10020285,8,2
10020285,9,3
10020285,10,3
10020285,11,4
10020285,12,3
10020285,13,2
10020285,14,4
10020285,15,4
10020285,16,2
10020285,17,4
10020285,19,1
10020285,20,1
10020285,21,2
10020285,22,4
10020285,23,2
10020285,24,3
10020285,25,1
10020285,26,2
10020285,27,2
10020285,28,2
10020285,29,3
10020285,30,3
10020285,32,1
10020285,33,3
10020285,43,2
10020285,49,5
10020285,51,1
10020285,52,4
10020285,56,3
10020285,61,1
10020285,62,2
10020285,63,3
10020285,66,1
10020285,68,1
10020338,1,2
10020338,2,2
10020338,3,3
10020338,4,4
10020338,5,1
10020338,6,1
10020338,7,3
10020338,8,3
10020338,9,3
10020338,10,1
10020338,11,2
10020338,12,3
10020338,13,1
10020338,14,4
10020338,15,3
10020338,16,1
10020338,17,4
10020338,19,1
10020338,20,1
10020338,21,3
10020338,22,2
10020338,23,1
10020338,24,2
10020338,25,2
10020338,26,1
10020338,27,1
10020338,28,3
10020338,29,1
10020338,30,2
10020338,32,4
10020338,33,3
10020338,43,1
10020338,45,1
10020338,48,1
10020338,51,1
10020338,52,3
10020338,53,4
10020338,58,1
10020338,63,4
10020338,66,1
10020338,67,1
10020353,1,2
10020353,2,2
10020353,3,4
10020353,4,4
10020353,5,1
10020353,6,1
10020353,7,3
10020353,8,2
10020353,9,3
10020353,10,1
10020353,11,3
10020353,12,2
10020353,13,3
10020353,14,3
10020353,15,3
10020353,16,1
10020353,17,4
10020353,19,3
10020353,20,2
10020353,21,3
10020353,22,3
10020353,23,1
10020353,24,3
10020353,25,3
10020353,26,2
10020353,27,4
10020353,28,5
10020353,29,2
10020353,30,3
10020353,32,2
10020353,33,4
10020353,43,2
10020353,51,3
10020353,52,2
10020353,53,5
10020353,56,4
10020353,58,1
10020353,60,5
10020353,63,3
10020353,66,1
10020353,67,1
10020362,1,3
10020362,2,3
10020362,3,3
10020362,4,2
10020362,5,1
10020362,6,3
10020362,7,1
10020362,8,3
10020362,9,3
10020362,10,3
10020362,11,2
10020362,12,3
10020362,13,2
10020362,14,3
10020362,15,2
10020362,16,2
10020362,17,4
10020362,19,2
10020362,20,1
10020362,21,2
10020362,22,1
10020362,23,3
10020362,24,3
10020362,25,2
10020362,26,3
10020362,27,1
10020362,28,2
10020362,29,1
10020362,30,1
10020362,32,1
10020362,33,2
10020362,49,2
10020362,51,2
10020362,52,3
10020362,56,2
10020362,58,1
10020362,63,4
10020362,66,1
10020362,67,1
10020364,1,3
10020364,2,3
10020364,3,3
10020364,4,3
10020364,5,3
10020364,6,2
10020364,7,3
10020364,8,2
10020364,9,3
10020364,10,2
10020364,11,3
10020364,12,3
10020364,13,2
10020364,14,2
10020364,15,3
10020364,16,1
10020364,17,4
10020364,19,1
10020364,20,1
10020364,21,2
10020364,22,2
10020364,23,2
10020364,24,2
10020364,25,3
10020364,26,3
10020364,27,1
10020364,28,1
10020364,29,1
10020364,30,1
10020364,32,1
10020364,33,3
10020364,43,1
10020364,45,2
10020364,49,2
10020364,51,2
10020364,52,3
10020364,58,1
10020364,61,1
10020364,63,3
10020364,66,1
10020364,67,1
9020007,1,2
9020007,2,2
9020007,3,3
9020007,4,2
9020007,5,1
9020007,6,2
9020007,7,3
9020007,8,4
9020007,9,3
9020007,10,4
9020007,11,3
9020007,12,4
9020007,13,4
9020007,14,3
9020007,15,5
9020007,16,3
9020007,17,4
9020007,19,3
9020007,20,3
9020007,21,1
9020007,22,2
9020007,23,4
9020007,24,3
9020007,25,2
9020007,26,3
9020007,27,3
9020007,28,2
9020007,29,3
9020007,30,1
9020007,32,3
9020007,33,2
9020007,40,3
9020007,45,3
9020007,51,2
9020007,52,1
9020007,56,3
9020007,61,1
9020007,63,5
9020007,66,1
9020007,68,1
9020019,1,2
9020019,2,2
9020019,3,2
9020019,4,3
9020019,5,2
9020019,6,1
9020019,7,2
9020019,8,2
9020019,9,3
9020019,10,3
9020019,11,3
9020019,12,3
9020019,13,4
9020019,14,5
9020019,15,3
9020019,16,2
9020019,17,3
9020019,19,3
9020019,20,2
9020019,21,2
9020019,22,1
9020019,23,3
9020019,24,3
9020019,25,3
9020019,26,1
9020019,27,2
9020019,28,4
9020019,29,1
9020019,30,1
9020019,32,3
9020019,33,3
9020019,43,3
9020019,51,1
9020019,52,1
9020019,56,1
9020019,58,1
9020019,63,4
9020019,66,1
9020019,67,2
9020047,1,3
9020047,2,3
9020047,3,2
9020047,4,2
9020047,5,2
9020047,6,4
9020047,7,1
9020047,8,2
9020047,9,2
9020047,10,3
9020047,11,4
9020047,12,3
9020047,13,4
9020047,14,3
9020047,15,3
9020047,16,2
9020047,17,2
9020047,19,3
9020047,20,4
9020047,21,4
9020047,22,1
9020047,23,3
9020047,24,4
9020047,25,1
9020047,26,4
9020047,27,2
9020047,28,2
9020047,29,4
9020047,30,2
9020047,32,2
9020047,33,2
9020047,48,1
9020047,49,2
9020047,51,3
9020047,52,4
9020047,63,2
9020047,66,2
9020047,67,1
9020047,78,1
9020053,1,5.4
9020053,2,5.4
9020053,3,5.8
9020053,5,5.8
9020053,6,4.3
9020053,7,7.4
9020053,8,5.9
9020053,9,5.2
9020053,10,6.5
9020053,11,7.7
9020053,12,6.2
9020053,13,5.5
9020053,14,2.5
9020053,19,6.6
9020053,20,4.9
9020053,22,5.2
9020053,23,5.3
9020053,25,5.6
9020053,26,6.2
9020053,32,7.6
9020055,1,2
9020055,2,2
9020055,3,2
9020055,4,2
9020055,5,1
9020055,6,1
9020055,7,3
9020055,8,3
9020055,9,2
9020055,10,2
9020055,11,4
9020055,12,4
9020055,13,4
9020055,14,3
9020055,15,3
9020055,16,3
9020055,17,4
9020055,19,2
9020055,20,3
9020055,21,3
9020055,22,2
9020055,23,2
9020055,24,4
9020055,25,3
9020055,26,3
9020055,27,2
9020055,28,3
9020055,29,1
9020055,30,2
9020055,32,2
9020055,33,1
9020055,40,2
9020055,48,3
9020055,49,2
9020055,51,1
9020055,52,3
9020055,63,1
9020055,66,1
9020055,67,1
8020055,3,2
8020055,4,3
8020055,8,4
8020055,9,1
8020055,14,4
8020055,15,3
8020055,16,2
8020055,17,3
8020055,19,4
8020055,20,4
8020055,21,3
8020055,22,1
8020055,23,3
8020055,24,3
8020055,25,2
8020055,26,4
8020055,27,2
8020055,28,3
8020055,29,3
8020055,30,2
8020055,32,3
8020055,33,2
8020055,40,2
8020055,43,3
8020055,45,2
8020055,51,5
8020055,52,4
8020055,56,2
8020055,58,1
8020055,61,1
8020055,63,3
8020055,66,1
8020055,68,2
9020087,1,3
9020087,2,3
9020087,3,4
9020087,4,3
9020087,5,4
9020087,6,3
9020087,7,3
9020087,8,2
9020087,9,3
9020087,10,4
9020087,11,3
9020087,12,2
9020087,13,3
9020087,14,4
9020087,15,2
9020087,16,2
9020087,17,2
9020087,19,2
9020087,20,2
9020087,21,1
9020087,22,2
9020087,23,4
9020087,24,3
9020087,25,2
9020087,26,2
9020087,27,2
9020087,28,3
9020087,29,2
9020087,30,2
9020087,32,1
9020087,33,1
9020087,40,2
9020087,43,1
9020087,45,4
9020087,51,1
9020087,52,4
9020087,62,5
9020087,63,2
9020087,66,3
9020087,67,1
9020095,1,2
9020095,2,2
9020095,3,3
9020095,4,3
9020095,5,3
9020095,6,1
9020095,7,4
9020095,8,4
9020095,9,4
9020095,10,3
9020095,11,3
9020095,12,3
9020095,13,4
9020095,14,4
9020095,15,4
9020095,16,4
9020095,17,4
9020095,19,2
9020095,20,3
9020095,21,4
9020095,22,4
9020095,23,4
9020095,24,4
9020095,25,2
9020095,26,4
9020095,27,4
9020095,28,4
9020095,29,2
9020095,30,2
9020095,32,2
9020095,33,4
9020095,45,4
9020095,49,4
9020095,51,5
9020095,52,3
9020095,56,4
9020095,58,1
9020095,60,3
9020095,62,3
9020095,63,5
9020095,66,2
9020095,68,3
9020095,78,2
9020111,1,7.7
9020111,2,7.7
9020111,3,7.5
9020111,4,8
9020111,5,8.7
9020111,6,5.9
9020111,7,8.4
9020111,8,9
9020111,9,8.2
9020111,10,6.6
9020111,11,7.6
9020111,12,5.7
9020111,13,5.7
9020111,14,5.75
9020111,15,7.4
9020111,16,5.6
9020111,17,7.3
9020111,19,7
9020111,20,6.8
9020111,21,4.6
9020111,22,9
9020111,23,7.3
9020111,24,9.9
9020111,25,8.3
9020111,26,5.3
9020111,29,9.4
9020111,32,6.8
9020111,33,8.1
9020111,52,6.3
9020112,1,5.6
9020112,2,5.6
9020112,3,5.8
9020112,4,5.7
9020112,5,8.6
9020112,6,6.5
9020112,7,7.6
9020112,8,6.7
9020112,9,6.1
9020112,10,5.85
9020112,11,6.4
9020112,12,6.7
9020112,13,7
9020112,14,5.65
9020112,15,4.4
9020112,16,5.9
9020112,17,5.2
9020112,19,7.2
9020112,20,4
9020112,21,7.3
9020112,22,5.1
9020112,23,6.3
9020112,24,4
9020112,25,7.1
9020112,26,7.1
9020112,28,6
9020112,29,4.4
9020112,32,7.5
9020112,33,7
9020112,53,5.9
9020112,58,9
9020112,66,9.5
9020116,1,2
9020116,2,2
9020116,3,3
9020116,4,2
9020116,5,3
9020116,6,4
9020116,7,3
9020116,8,3
9020116,9,4
9020116,10,2
9020116,11,3
9020116,12,3
9020116,13,4
9020116,14,3
9020116,15,2
9020116,16,3
9020116,17,4
9020116,19,3
9020116,20,4
9020116,21,3
9020116,22,3
9020116,23,4
9020116,24,2
9020116,25,4
9020116,26,4
9020116,27,4
9020116,28,2
9020116,29,1
9020116,30,4
9020116,32,2
9020116,33,2
9020116,43,2
9020116,48,3
9020116,51,2
9020116,52,4
9020116,56,4
9020116,63,2
9020116,66,1
9020116,67,1
9020120,1,2
9020120,2,2
9020120,3,3
9020120,4,2
9020120,5,3
9020120,6,3
9020120,7,3
9020120,8,4
9020120,9,3
9020120,10,3
9020120,11,2
9020120,12,3
9020120,13,3
9020120,14,4
9020120,15,4
9020120,16,3
9020120,17,4
9020120,19,2
9020120,20,3
9020120,21,3
9020120,22,1
9020120,23,2
9020120,24,1
9020120,25,2
9020120,26,3
9020120,27,2
9020120,28,3
9020120,29,4
9020120,30,3
9020120,32,2
9020120,33,2
9020120,43,2
9020120,48,4
9020120,51,1
9020120,52,4
9020120,61,1
9020120,63,3
9020120,66,2
9020120,68,1
9020120,78,1
9020121,1,3
9020121,2,3
9020121,3,3
9020121,4,2
9020121,5,1
9020121,6,1
9020121,7,2
9020121,8,2
9020121,9,2
9020121,10,4
9020121,11,2
9020121,12,3
9020121,13,4
9020121,14,4
9020121,15,3
9020121,16,4
9020121,17,4
9020121,19,3
9020121,20,2
9020121,21,4
9020121,22,2
9020121,23,3
9020121,24,5
9020121,25,3
9020121,26,3
9020121,27,2
9020121,28,2
9020121,29,1
9020121,30,3
9020121,32,3
9020121,33,2
9020121,43,3
9020121,51,1
9020121,52,2
9020121,56,1
9020121,61,1
9020121,63,4
9020121,66,1
9020121,68,1
9020121,78,1
9020126,1,2
9020126,2,2
9020126,3,3
9020126,4,3
9020126,5,3
9020126,6,1
9020126,7,3
9020126,8,3
9020126,9,3
9020126,10,2
9020126,11,3
9020126,12,3
9020126,13,2
9020126,14,4
9020126,15,2
9020126,16,2
9020126,17,2
9020126,19,3
9020126,20,2
9020126,21,3
9020126,22,2
9020126,23,4
9020126,24,2
9020126,25,4
9020126,26,3
9020126,27,3
9020126,28,3
9020126,29,5
9020126,30,4
9020126,32,1
9020126,33,2
9020126,45,3
9020126,51,3
9020126,52,4
9020126,56,4
9020126,58,1
9020126,61,1
9020126,63,1
9020126,66,2
9020126,68,1
9020137,1,2
9020137,2,2
9020137,3,2
9020137,4,2
9020137,5,3
9020137,6,4
9020137,7,3
9020137,8,4
9020137,9,3
9020137,10,3
9020137,11,3
9020137,12,1
9020137,13,3
9020137,14,5
9020137,15,5
9020137,16,2
9020137,17,3
9020137,19,3
9020137,20,3
9020137,21,3
9020137,22,4
9020137,23,3
9020137,24,4
9020137,25,4
9020137,26,4
9020137,27,3
9020137,28,2
9020137,29,2
9020137,30,3
9020137,32,2
9020137,33,3
9020137,45,4
9020137,51,3
9020137,52,2
9020137,56,5
9020137,58,1
9020137,61,1
9020137,63,4
9020137,66,2
9020137,68,4
9020137,70,3
8020118,3,7.1
8020118,4,7.5
8020118,8,4.8
8020118,9,4.5
8020118,14,6.9
8020118,15,5.9
8020118,19,5.9
8020118,21,5.4
8020118,22,4.2
8020118,23,6.7
8020118,25,4.8
8020118,32,8.2
8020118,33,7.3
9020160,1,2
9020160,2,2
9020160,3,3
9020160,4,3
9020160,5,1
9020160,6,3
9020160,7,2
9020160,8,3
9020160,9,3
9020160,10,4
9020160,11,3
9020160,12,3
9020160,13,4
9020160,14,5
9020160,15,3
9020160,16,3
9020160,17,3
9020160,19,3
9020160,20,3
9020160,21,4
9020160,22,4
9020160,23,4
9020160,24,4
9020160,25,4
9020160,26,2
9020160,27,3
9020160,28,4
9020160,29,1
9020160,30,2
9020160,32,4
9020160,33,2
9020160,40,3
9020160,48,4
9020160,49,4
9020160,51,4
9020160,52,4
9020160,60,2
9020160,63,5
9020160,66,5
9020160,68,2
9020175,1,2
9020175,2,2
9020175,3,3
9020175,4,2
9020175,5,1
9020175,6,2
9020175,7,4
9020175,8,3
9020175,9,4
9020175,10,3
9020175,11,2
9020175,12,4
9020175,13,4
9020175,14,4
9020175,15,3
9020175,16,3
9020175,17,2
9020175,19,3
9020175,20,4
9020175,21,3
9020175,22,1
9020175,23,4
9020175,24,3
9020175,25,4
9020175,26,4
9020175,27,2
9020175,28,2
9020175,29,4
9020175,30,1
9020175,32,1
9020175,33,1
9020175,45,2
9020175,48,2
9020175,51,1
9020175,52,3
9020175,63,2
9020175,66,1
9020175,67,1
9020175,78,1
9020185,1,2
9020185,2,2
9020185,3,2
9020185,4,2
9020185,5,2
9020185,6,4
9020185,7,1
9020185,8,3
9020185,9,3
9020185,10,2
9020185,11,4
9020185,12,3
9020185,13,4
9020185,14,3
9020185,15,2
9020185,16,3
9020185,17,2
9020185,19,3
9020185,20,3
9020185,21,2
9020185,22,3
9020185,23,3
9020185,24,3
9020185,25,3
9020185,26,4
9020185,27,3
9020185,28,2
9020185,29,1
9020185,30,2
9020185,32,2
9020185,33,2
9020185,43,1
9020185,48,2
9020185,51,3
9020185,52,4
9020185,58,1
9020185,63,2
9020185,66,1
9020185,67,1
9020186,1,2
9020186,2,2
9020186,3,3
9020186,4,4
9020186,5,1
9020186,6,2
9020186,7,1
9020186,8,2
9020186,9,2
9020186,10,3
9020186,11,3
9020186,12,1
9020186,13,3
9020186,14,4
9020186,15,5
9020186,16,4
9020186,17,4
9020186,19,4
9020186,20,4
9020186,21,4
9020186,22,1
9020186,23,3
9020186,24,3
9020186,25,3
9020186,26,3
9020186,27,1
9020186,28,3
9020186,29,1
9020186,30,2
9020186,32,4
9020186,33,2
9020186,51,1
9020186,52,2
9020186,53,2
9020186,56,2
9020186,58,1
9020186,63,4
9020186,66,2
9020186,67,2
9020239,1,7.8
9020239,2,7.8
9020239,3,6.5
9020239,4,7.5
9020239,5,8.5
9020239,6,4.3
9020239,7,7.3
9020239,8,6.6
9020239,9,7.2
9020239,10,7.2
9020239,11,7
9020239,12,5.3
9020239,13,6.5
9020239,14,5.45
9020239,15,7
9020239,16,6.2
9020239,17,5.5
9020239,19,6.1
9020239,20,6.2
9020239,21,5.6
9020239,22,8.4
9020239,23,5.5
9020239,25,5.7
9020239,26,6.3
9020239,32,7.4
9020239,33,8.4
8020185,3,6.1
8020185,4,4.6
8020185,8,5.8
8020185,9,2.4
8020185,14,5.75
8020185,16,6.4
8020185,17,4.8
8020185,19,5.3
8020185,20,7.8
8020185,21,4.9
8020185,22,8
8020185,23,7.4
8020185,24,6.9
8020185,25,7
8020185,28,6
8020185,32,7.4
8020185,33,7.9
8020185,52,5.6
8020185,63,6.4
9020220,1,2
9020220,2,2
9020220,3,3
9020220,4,4
9020220,5,3
9020220,6,3
9020220,7,4
9020220,8,4
9020220,9,4
9020220,10,4
9020220,11,4
9020220,12,4
9020220,13,2
9020220,14,5
9020220,15,3
9020220,16,1
9020220,17,4
9020220,19,2
9020220,20,4
9020220,21,3
9020220,22,3
9020220,23,4
9020220,24,4
9020220,25,4
9020220,26,1
9020220,27,3
9020220,28,3
9020220,29,5
9020220,30,2
9020220,32,2
9020220,33,3
9020220,40,3
9020220,45,3
9020220,49,4
9020220,51,5
9020220,52,4
9020220,60,3
9020220,63,2
9020220,66,1
9020220,68,1
9020220,70,3
8020188,3,2
8020188,4,2
8020188,6,1
8020188,8,3
8020188,9,3
8020188,14,5
8020188,15,4
8020188,16,5
8020188,17,3
8020188,19,3
8020188,20,3
8020188,21,3
8020188,22,1
8020188,23,4
8020188,24,3
8020188,25,3
8020188,26,4
8020188,27,2
8020188,28,3
8020188,29,5
8020188,30,3
8020188,32,3
8020188,33,2
8020188,43,4
8020188,49,2
8020188,51,5
8020188,52,3
8020188,58,2
8020188,61,1
8020188,62,3
8020188,63,3
8020188,66,2
8020188,68,2
8020188,78,5
9020249,1,2
9020249,2,2
9020249,3,4
9020249,4,3
9020249,5,2
9020249,6,3
9020249,7,2
9020249,8,3
9020249,9,2
9020249,10,2
9020249,11,2
9020249,12,4
9020249,13,3
9020249,14,3
9020249,15,4
9020249,16,3
9020249,17,4
9020249,19,4
9020249,20,4
9020249,21,2
9020249,22,2
9020249,23,3
9020249,24,3
9020249,25,2
9020249,26,4
9020249,27,3
9020249,28,4
9020249,29,4
9020249,30,2
9020249,32,1
9020249,33,1
9020249,45,2
9020249,51,3
9020249,52,1
9020249,53,4
9020249,58,1
9020249,63,3
9020249,66,1
9020249,67,1
9020256,1,3
9020256,2,3
9020256,3,2
9020256,4,3
9020256,5,3
9020256,6,3
9020256,7,2
9020256,8,3
9020256,9,3
9020256,10,3
9020256,11,2
9020256,12,4
9020256,13,5
9020256,14,4
9020256,15,4
9020256,16,2
9020256,17,4
9020256,19,4
9020256,20,4
9020256,21,4
9020256,22,2
9020256,23,3
9020256,24,1
9020256,25,3
9020256,26,2
9020256,27,2
9020256,28,3
9020256,29,4
9020256,30,4
9020256,32,3
9020256,33,4
9020256,43,3
9020256,48,4
9020256,51,1
9020256,52,4
9020256,61,1
9020256,63,4
9020256,66,1
9020256,68,1
9020256,78,1
9020260,1,6.2
9020260,2,6.2
9020260,3,5.5
9020260,4,7.4
9020260,5,7
9020260,6,4.7
9020260,7,5.8
9020260,8,4.8
9020260,9,5.6
9020260,10,5.9
9020260,11,7.2
9020260,12,5.3
9020260,13,5.3
9020260,14,5.35
9020260,15,5.1
9020260,16,6
9020260,19,5
9020260,20,7
9020260,21,4.8
9020260,22,5.1
9020260,23,5.4
9020260,24,5.9
9020260,25,4.8
9020260,26,7.7
9020260,27,8.4
9020260,28,5
9020260,29,8.2
9020260,30,4.9
9020260,32,5
9020260,33,6.3
9020260,48,5.6
9020260,52,5.9
9020260,58,9.4
9020260,66,7.5
9020262,1,3
9020262,2,3
9020262,3,3
9020262,4,3
9020262,5,2
9020262,6,4
9020262,7,2
9020262,8,2
9020262,9,3
9020262,10,3
9020262,11,4
9020262,12,2
9020262,13,2
9020262,14,4
9020262,15,2
9020262,16,4
9020262,17,2
9020262,19,2
9020262,20,4
9020262,21,4
9020262,22,3
9020262,23,4
9020262,24,4
9020262,25,2
9020262,26,3
9020262,27,2
9020262,28,3
9020262,29,3
9020262,30,2
9020262,32,2
9020262,33,1
9020262,48,2
9020262,51,1
9020262,52,4
9020262,53,2
9020262,61,1
9020262,63,3
9020262,66,1
9020262,68,1
9020262,76,2
9020281,1,2
9020281,2,2
9020281,3,2
9020281,4,2
9020281,5,2
9020281,6,1
9020281,7,3
9020281,8,3
9020281,9,3
9020281,10,3
9020281,11,3
9020281,12,3
9020281,13,4
9020281,14,3
9020281,15,3
9020281,16,2
9020281,17,2
9020281,19,1
9020281,20,2
9020281,21,1
9020281,22,1
9020281,23,5
9020281,24,4
9020281,25,3
9020281,26,3
9020281,27,3
9020281,28,3
9020281,29,2
9020281,30,2
9020281,32,1
9020281,33,2
9020281,45,3
9020281,49,1
9020281,51,1
9020281,52,2
9020281,56,2
9020281,63,2
9020281,66,2
9020281,67,2
9020288,1,3
9020288,2,3
9020288,3,2
9020288,4,2
9020288,5,2
9020288,6,3
9020288,7,3
9020288,8,2
9020288,9,3
9020288,10,3
9020288,11,3
9020288,12,2
9020288,13,3
9020288,14,2
9020288,15,4
9020288,16,3
9020288,17,4
9020288,19,2
9020288,20,4
9020288,21,4
9020288,22,1
9020288,23,3
9020288,24,2
9020288,25,3
9020288,26,4
9020288,27,2
9020288,28,2
9020288,29,1
9020288,30,3
9020288,32,2
9020288,33,3
9020288,45,2
9020288,51,3
9020288,52,2
9020288,56,2
9020288,58,1
9020288,63,2
9020288,66,2
9020288,67,2
9020325,1,3
9020325,2,3
9020325,3,4
9020325,4,2
9020325,5,2
9020325,6,4
9020325,7,3
9020325,8,4
9020325,9,3
9020325,10,4
9020325,11,3
9020325,12,4
9020325,13,4
9020325,14,4
9020325,16,2
9020325,17,5
9020325,19,3
9020325,20,4
9020325,21,5
9020325,23,5
9020325,24,5
9020325,26,3
9020325,28,4
9020325,29,5
9020325,32,3
9020325,33,5
9020325,51,5
9020325,63,5
9020331,1,7.4
9020331,2,7.4
9020331,3,6.9
9020331,4,5.3
9020331,5,7.6
9020331,6,9.6
9020331,7,6.7
9020331,8,5.1
9020331,9,5.2
9020331,10,7.35
9020331,11,7.4
9020331,12,7
9020331,13,5.3
9020331,14,6.15
9020331,15,8
9020331,16,8.3
9020331,17,7.7
9020331,19,8.5
9020331,20,6.1
9020331,21,7.6
9020331,22,8.7
9020331,23,6.9
9020331,24,7.2
9020331,25,7.8
9020331,26,6.6
9020331,27,5.7
9020331,28,6.9
9020331,29,9.6
9020331,30,6.6
9020331,32,8.6
9020331,33,8.4
9020331,40,8.4
9020331,43,8.7
9020331,52,5.9
9020331,63,8.4
9020331,66,9
9020331,78,9.4
9020349,1,3
9020349,2,3
9020349,3,4
9020349,4,3
9020349,5,2
9020349,6,3
9020349,7,3
9020349,8,3
9020349,9,4
9020349,10,3
9020349,11,4
9020349,12,4
9020349,13,3
9020349,14,4
9020349,15,4
9020349,16,3
9020349,17,4
9020349,19,3
9020349,20,5
9020349,21,2
9020349,22,3
9020349,23,3
9020349,24,3
9020349,25,3
9020349,26,3
9020349,27,4
9020349,28,3
9020349,29,3
9020349,30,3
9020349,32,3
9020349,33,4
9020349,45,3
9020349,51,5
9020349,52,4
9020349,53,4
9020349,58,2
9020349,61,1
9020349,62,5
9020349,63,3
9020349,66,1
9020349,68,1
9020349,70,3
9020349,76,5
8020274,3,4
8020274,4,3
8020274,8,3
8020274,9,2
8020274,14,4
8020274,15,2
8020274,16,3
8020274,17,3
8020274,19,4
8020274,20,2
8020274,21,4
8020274,22,3
8020274,23,3
8020274,24,4
8020274,25,4
8020274,26,3
8020274,27,2
8020274,28,4
8020274,29,2
8020274,30,3
8020274,32,1
8020274,33,4
8020274,43,5
8020274,49,4
8020274,51,1
8020274,52,3
8020274,56,2
8020274,60,2
8020274,62,4
8020274,63,3
8020274,66,1
8020274,68,1
9020359,1,2
9020359,2,2
9020359,3,2
9020359,4,2
9020359,5,3
9020359,6,1
9020359,7,2
9020359,8,3
9020359,9,2
9020359,10,3
9020359,11,3
9020359,12,3
9020359,13,3
9020359,14,4
9020359,15,3
9020359,16,3
9020359,17,4
9020359,19,3
9020359,20,2
9020359,21,2
9020359,22,3
9020359,23,4
9020359,24,2
9020359,25,3
9020359,26,2
9020359,27,2
9020359,28,2
9020359,29,1
9020359,30,3
9020359,32,2
9020359,33,3
9020359,45,3
9020359,51,3
9020359,52,4
9020359,53,4
9020359,56,3
9020359,63,3
9020359,66,2
9020359,67,2
9020381,1,3
9020381,2,3
9020381,3,4
9020381,4,2
9020381,5,2
9020381,6,2
9020381,7,2
9020381,8,3
9020381,9,3
9020381,10,3
9020381,11,4
9020381,12,3
9020381,13,4
9020381,14,4
9020381,15,4
9020381,16,3
9020381,17,4
9020381,19,4
9020381,20,2
9020381,21,4
9020381,22,2
9020381,23,4
9020381,24,3
9020381,25,3
9020381,26,2
9020381,27,4
9020381,28,4
9020381,29,5
9020381,30,4
9020381,32,5
9020381,33,2
9020381,43,2
9020381,51,2
9020381,52,4
9020381,56,3
9020381,58,1
9020381,61,1
9020381,63,4
9020381,66,1
9020381,68,3
9020402,1,3
9020402,2,3
9020402,3,2
9020402,4,2
9020402,5,2
9020402,6,2
9020402,7,3
9020402,8,3
9020402,9,3
9020402,10,3
9020402,11,3
9020402,12,3
9020402,13,3
9020402,14,3
9020402,15,4
9020402,16,1
9020402,17,3
9020402,19,2
9020402,20,3
9020402,21,4
9020402,22,2
9020402,23,4
9020402,24,3
9020402,25,3
9020402,26,4
9020402,27,2
9020402,28,3
9020402,29,4
9020402,30,1
9020402,32,1
9020402,33,1
9020402,40,3
9020402,45,2
9020402,51,3
9020402,52,4
9020402,53,3
9020402,58,2
9020402,63,3
9020402,66,2
9020402,67,2
8020367,3,3
8020367,4,2
8020367,8,4
8020367,9,2
8020367,14,3
8020367,15,4
8020367,16,1
8020367,17,4
8020367,19,3
8020367,20,3
8020367,21,4
8020367,22,4
8020367,23,3
8020367,24,2
8020367,25,3
8020367,26,1
8020367,27,3
8020367,28,3
8020367,29,1
8020367,30,1
8020367,32,2
8020367,33,3
8020367,43,4
8020367,45,2
8020367,51,2
8020367,52,4
8020367,61,1
8020367,62,4
8020367,63,3
8020367,66,1
8020367,68,2
8020367,78,1
9020467,1,2
9020467,2,2
9020467,3,2
9020467,4,2
9020467,5,3
9020467,6,4
9020467,7,2
9020467,8,3
9020467,9,4
9020467,10,3
9020467,11,4
9020467,12,3
9020467,13,3
9020467,14,3
9020467,15,3
9020467,16,1
9020467,17,4
9020467,19,2
9020467,20,1
9020467,21,3
9020467,22,2
9020467,23,1
9020467,24,1
9020467,25,2
9020467,26,4
9020467,27,2
9020467,28,3
9020467,29,2
9020467,30,3
9020467,32,1
9020467,33,2
9020467,43,2
9020467,48,3
9020467,51,2
9020467,52,3
9020467,63,3
9020467,66,2
9020467,67,1
9020467,78,1
9020471,1,3
9020471,2,3
9020471,3,2
9020471,4,3
9020471,5,2
9020471,6,4
9020471,7,4
9020471,8,4
9020471,9,3
9020471,10,3
9020471,11,3
9020471,12,4
9020471,13,3
9020471,14,4
9020471,15,4
9020471,16,3
9020471,17,4
9020471,19,3
9020471,20,3
9020471,21,3
9020471,22,3
9020471,23,3
9020471,24,4
9020471,25,3
9020471,26,3
9020471,27,2
9020471,28,3
9020471,29,2
9020471,30,2
9020471,32,2
9020471,33,2
9020471,43,4
9020471,49,3
9020471,51,5
9020471,52,3
9020471,56,3
9020471,58,1
9020471,60,3
9020471,63,2
9020471,66,3
9020471,68,1
8020384,3,3
8020384,4,4
8020384,6,2
8020384,8,4
8020384,9,4
8020384,11,2
8020384,14,3
8020384,15,2
8020384,16,3
8020384,17,4
8020384,19,2
8020384,20,3
8020384,21,3
8020384,22,5
8020384,23,3
8020384,24,3
8020384,25,3
8020384,26,3
8020384,27,1
8020384,28,2
8020384,29,1
8020384,30,2
8020384,32,2
8020384,33,1
8020384,45,2
8020384,51,1
8020384,52,1
8020384,58,1
8020384,61,1
8020384,63,4
8020384,66,1
8020384,68,1
8020384,78,1
9020512,1,3
9020512,2,3
9020512,3,3
9020512,4,2
9020512,5,2
9020512,6,3
9020512,7,3
9020512,8,3
9020512,9,3
9020512,10,5
9020512,11,3
9020512,12,4
9020512,13,4
9020512,14,5
9020512,15,4
9020512,16,3
9020512,17,4
9020512,19,4
9020512,20,3
9020512,21,4
9020512,22,3
9020512,23,4
9020512,24,3
9020512,25,4
9020512,26,2
9020512,27,4
9020512,28,3
9020512,29,2
9020512,30,3
9020512,32,2
9020512,33,3
9020512,40,4
9020512,43,2
9020512,45,5
9020512,51,1
9020512,52,4
9020512,61,1
9020512,63,3
9020512,64,5
9020512,66,1
9020512,68,2
9020512,78,3
9020536,1,2
9020536,2,2
9020536,3,3
9020536,4,2
9020536,5,1
9020536,6,3
9020536,7,3
9020536,8,4
9020536,9,3
9020536,10,3
9020536,11,3
9020536,12,3
9020536,13,4
9020536,14,3
9020536,15,3
9020536,16,2
9020536,17,2
9020536,19,1
9020536,20,2
9020536,21,2
9020536,22,1
9020536,23,3
9020536,24,4
9020536,25,2
9020536,26,3
9020536,27,4
9020536,28,3
9020536,29,4
9020536,30,3
9020536,32,2
9020536,33,1
9020536,43,2
9020536,45,2
9020536,51,1
9020536,52,3
9020536,56,3
9020536,63,3
9020536,66,1
9020536,67,1
9020540,1,3
9020540,2,3
9020540,3,2
9020540,4,3
9020540,5,1
9020540,6,1
9020540,7,2
9020540,8,3
9020540,9,3
9020540,10,1
9020540,11,2
9020540,12,2
9020540,13,1
9020540,14,3
9020540,15,1
9020540,16,1
9020540,17,1
9020540,19,1
9020540,20,1
9020540,21,1
9020540,22,2
9020540,23,1
9020540,24,2
9020540,25,3
9020540,26,1
9020540,27,2
9020540,28,1
9020540,29,1
9020540,30,4
9020540,32,1
9020540,33,1
9020540,45,3
9020540,48,5
9020540,51,1
9020540,52,5
9020540,60,5
9020540,61,5
9020540,63,2
9020540,64,5
9020540,66,5
9020540,68,5
8020418,3,3
8020418,4,5
8020418,8,4
8020418,9,2
8020418,10,3
8020418,13,2
8020418,14,3
8020418,15,4
8020418,16,2
8020418,17,3
8020418,19,3
8020418,20,4
8020418,21,4
8020418,22,4
8020418,23,4
8020418,24,3
8020418,25,4
8020418,26,3
8020418,27,2
8020418,28,4
8020418,29,4
8020418,30,4
8020418,32,2
8020418,33,4
8020418,43,5
8020418,51,5
8020418,52,4
8020418,53,5
8020418,56,3
8020418,58,2
8020418,61,1
8020418,62,4
8020418,63,4
8020418,64,5
8020418,66,2
8020418,68,2
8020418,78,4
9020552,1,3
9020552,2,3
9020552,3,2
9020552,4,2
9020552,5,3
9020552,6,1
9020552,7,3
9020552,8,3
9020552,9,4
9020552,10,2
9020552,11,3
9020552,12,2
9020552,13,2
9020552,14,4
9020552,15,3
9020552,16,4
9020552,17,3
9020552,19,2
9020552,20,3
9020552,21,4
9020552,22,2
9020552,23,2
9020552,24,2
9020552,25,2
9020552,26,2
9020552,27,2
9020552,28,2
9020552,29,3
9020552,30,3
9020552,32,2
9020552,33,3
9020552,40,2
9020552,45,2
9020552,51,3
9020552,52,4
9020552,56,3
9020552,58,1
9020552,63,3
9020552,66,1
9020552,67,1
9020569,1,5
9020569,2,5
9020569,3,3
9020569,4,3
9020569,5,2
9020569,6,5
9020569,7,3
9020569,8,4
9020569,9,4
9020569,10,4
9020569,11,3
9020569,12,3
9020569,13,4
9020569,14,3
9020569,15,4
9020569,16,3
9020569,17,4
9020569,19,4
9020569,20,3
9020569,21,2
9020569,22,2
9020569,23,4
9020569,24,3
9020569,25,4
9020569,26,4
9020569,27,2
9020569,28,3
9020569,29,5
9020569,30,2
9020569,31,5
9020569,32,4
9020569,33,3
9020569,43,3
9020569,48,3
9020569,51,1
9020569,52,4
9020569,61,1
9020569,63,4
9020569,64,5
9020569,66,2
9020569,68,1
9020569,70,4
9020571,1,3
9020571,2,3
9020571,3,3
9020571,4,3
9020571,5,4
9020571,6,4
9020571,7,2
9020571,8,3
9020571,9,3
9020571,10,4
9020571,11,4
9020571,12,3
9020571,13,3
9020571,14,4
9020571,15,4
9020571,16,3
9020571,17,4
9020571,19,4
9020571,20,3
9020571,21,2
9020571,22,3
9020571,23,4
9020571,24,4
9020571,25,4
9020571,26,3
9020571,27,2
9020571,28,5
9020571,29,5
9020571,30,3
9020571,32,3
9020571,33,4
9020571,48,3
9020571,51,1
9020571,52,4
9020571,56,5
9020571,61,1
9020571,63,4
9020571,66,1
9020571,68,5
9020580,1,2
9020580,2,2
9020580,3,3
9020580,4,3
9020580,5,2
9020580,6,3
9020580,7,3
9020580,8,4
9020580,9,4
9020580,10,3
9020580,11,3
9020580,12,3
9020580,13,3
9020580,14,2
9020580,15,4
9020580,16,4
9020580,17,4
9020580,19,3
9020580,20,3
9020580,21,4
9020580,22,3
9020580,23,3
9020580,24,4
9020580,25,2
9020580,26,2
9020580,27,2
9020580,28,4
9020580,29,2
9020580,30,4
9020580,32,3
9020580,33,2
9020580,43,3
9020580,51,2
9020580,52,3
9020580,56,4
9020580,58,1
9020580,61,1
9020580,63,3
9020580,66,1
9020580,68,3
8020474,3,3
8020474,4,3
8020474,6,1
8020474,7,3
8020474,8,4
8020474,9,4
8020474,10,5
8020474,11,2
8020474,12,1
8020474,14,5
8020474,15,3
8020474,16,2
8020474,17,3
8020474,19,3
8020474,20,4
8020474,21,2
8020474,22,4
8020474,23,3
8020474,24,4
8020474,25,3
8020474,26,1
8020474,27,3
8020474,28,4
8020474,29,4
8020474,30,3
8020474,32,1
8020474,33,2
8020474,45,3
8020474,48,4
8020474,51,5
8020474,52,2
8020474,53,5
8020474,58,1
8020474,61,1
8020474,63,3
8020474,64,5
8020474,66,1
8020474,68,1
8020474,70,2
8020475,3,4
8020475,4,3
8020475,8,3
8020475,9,4
8020475,12,1
8020475,13,3
8020475,14,2
8020475,15,3
8020475,16,3
8020475,17,3
8020475,19,3
8020475,20,3
8020475,21,4
8020475,22,4
8020475,23,1
8020475,24,4
8020475,25,3
8020475,26,3
8020475,27,2
8020475,28,3
8020475,29,5
8020475,30,3
8020475,32,3
8020475,33,2
8020475,43,4
8020475,51,1
8020475,52,4
8020475,58,1
8020475,60,2
8020475,62,3
8020475,63,3
8020475,66,1
8020475,68,1
8020475,78,5
9020001,1,2
9020001,2,2
9020001,3,3
9020001,4,2
9020001,5,3
9020001,6,3
9020001,7,2
9020001,8,4
9020001,9,3
9020001,10,4
9020001,11,4
9020001,12,3
9020001,13,2
9020001,14,4
9020001,15,3
9020001,16,4
9020001,17,3
9020001,19,3
9020001,20,4
9020001,21,4
9020001,22,4
9020001,23,4
9020001,24,4
9020001,25,4
9020001,26,3
9020001,27,2
9020001,28,3
9020001,29,5
9020001,30,2
9020001,32,3
9020001,33,2
9020001,40,5
9020001,45,3
9020001,48,4
9020001,51,3
9020001,52,2
9020001,61,1
9020001,63,4
9020001,66,1
9020001,68,2
9020001,78,2
9020005,1,3
9020005,2,3
9020005,3,3
9020005,4,3
9020005,5,4
9020005,6,1
9020005,7,1
9020005,8,1
9020005,9,1
9020005,10,3
9020005,11,3
9020005,12,3
9020005,13,3
9020005,14,3
9020005,15,2
9020005,16,3
9020005,17,1
9020005,19,1
9020005,20,3
9020005,21,4
9020005,22,1
9020005,23,2
9020005,24,1
9020005,25,2
9020005,26,3
9020005,27,1
9020005,28,2
9020005,29,4
9020005,30,2
9020005,32,1
9020005,33,2
9020005,51,1
9020005,52,1
9020005,53,3
9020005,56,1
9020005,63,1
9020005,66,2
9020005,67,1
9020005,78,1
9020064,1,3
9020064,2,3
9020064,3,3
9020064,4,3
9020064,5,2
9020064,6,3
9020064,7,3
9020064,8,4
9020064,9,4
9020064,10,3
9020064,11,4
9020064,12,1
9020064,13,4
9020064,14,3
9020064,15,3
9020064,16,3
9020064,17,4
9020064,19,3
9020064,20,3
9020064,21,4
9020064,22,2
9020064,23,1
9020064,24,3
9020064,25,2
9020064,26,2
9020064,27,4
9020064,28,3
9020064,29,1
9020064,30,2
9020064,32,3
9020064,33,3
9020064,45,2
9020064,48,3
9020064,51,1
9020064,52,3
9020064,53,5
9020064,60,3
9020064,61,1
9020064,62,2
9020064,63,3
9020064,64,5
9020064,66,1
9020064,68,2
9020064,70,5
9020065,1,3
9020065,2,3
9020065,3,3
9020065,4,2
9020065,5,3
9020065,6,1
9020065,7,2
9020065,8,3
9020065,9,3
9020065,10,2
9020065,11,3
9020065,12,2
9020065,13,4
9020065,14,3
9020065,15,2
9020065,16,3
9020065,17,2
9020065,19,4
9020065,20,3
9020065,21,2
9020065,22,1
9020065,23,4
9020065,24,1
9020065,25,3
9020065,26,2
9020065,27,2
9020065,28,3
9020065,29,3
9020065,30,2
9020065,32,1
9020065,33,1
9020065,43,1
9020065,51,1
9020065,52,4
9020065,53,3
9020065,63,2
9020065,66,1
9020065,67,1
9020065,78,1
9020099,1,3
9020099,2,3
9020099,3,3
9020099,4,2
9020099,5,3
9020099,6,1
9020099,7,3
9020099,8,3
9020099,9,3
9020099,10,3
9020099,11,2
9020099,12,1
9020099,13,3
9020099,14,2
9020099,15,3
9020099,16,3
9020099,17,3
9020099,19,3
9020099,20,2
9020099,21,3
9020099,22,3
9020099,23,3
9020099,24,3
9020099,25,2
9020099,26,2
9020099,27,2
9020099,28,2
9020099,29,1
9020099,30,1
9020099,32,1
9020099,33,2
9020099,43,2
9020099,48,3
9020099,51,1
9020099,52,1
9020099,56,2
9020099,58,1
9020099,63,4
9020099,66,1
9020099,67,2
8020106,3,3
8020106,4,3
8020106,8,5
8020106,9,1
8020106,10,5
8020106,13,5
8020106,14,3
8020106,15,4
8020106,16,5
8020106,17,3
8020106,19,4
8020106,20,5
8020106,21,3
8020106,22,4
8020106,23,5
8020106,24,3
8020106,25,5
8020106,26,3
8020106,27,5
8020106,28,4
8020106,29,3
8020106,30,5
8020106,32,5
8020106,33,4
8020106,49,5
8020106,51,5
8020106,52,4
8020106,53,5
8020106,56,5
8020106,61,1
8020106,63,5
8020106,64,5
8020106,68,2
8020106,70,5
9020149,1,2
9020149,2,2
9020149,3,3
9020149,4,3
9020149,5,3
9020149,6,4
9020149,7,2
9020149,8,3
9020149,9,3
9020149,10,4
9020149,11,4
9020149,12,3
9020149,13,3
9020149,14,4
9020149,15,4
9020149,16,3
9020149,17,4
9020149,19,3
9020149,20,3
9020149,21,3
9020149,22,2
9020149,23,4
9020149,24,4
9020149,25,4
9020149,26,3
9020149,27,3
9020149,28,3
9020149,29,3
9020149,30,3
9020149,32,2
9020149,33,3
9020149,51,5
9020149,52,4
9020149,53,3
9020149,56,2
9020149,58,4
9020149,61,2
9020149,63,4
9020149,64,3
9020149,66,2
9020149,68,2
8020150,3,3
8020150,4,2
8020150,8,4
8020150,9,3
8020150,12,4
8020150,14,4
8020150,15,4
8020150,16,3
8020150,17,4
8020150,19,4
8020150,20,4
8020150,21,4
8020150,22,3
8020150,23,4
8020150,24,4
8020150,25,3
8020150,26,4
8020150,27,4
8020150,28,4
8020150,29,4
8020150,30,2
8020150,32,3
8020150,33,2
8020150,43,5
8020150,48,5
8020150,49,5
8020150,51,5
8020150,52,1
8020150,53,3
8020150,56,5
8020150,58,1
8020150,61,1
8020150,63,3
8020150,66,5
8020150,68,2
8020150,70,4
8020150,72,5
8020150,75,4
9020191,1,6.7
9020191,2,6.7
9020191,3,8
9020191,4,7.5
9020191,5,7.4
9020191,6,7.5
9020191,7,8
9020191,8,7.2
9020191,9,7.4
9020191,10,4.95
9020191,11,5.5
9020191,12,7
9020191,13,4.9
9020191,14,5.45
9020191,15,5.1
9020191,16,7
9020191,19,7.5
9020191,20,7.3
9020191,21,4
9020191,22,6.6
9020191,23,6.4
9020191,24,7.1
9020191,25,7.6
9020191,26,8.1
9020191,32,6.2
9020191,33,8.7
9020191,53,7.1
9020199,1,3
9020199,2,3
9020199,3,3
9020199,4,2
9020199,5,3
9020199,6,1
9020199,7,2
9020199,8,2
9020199,9,1
9020199,10,2
9020199,11,4
9020199,12,2
9020199,13,4
9020199,14,2
9020199,15,3
9020199,16,3
9020199,17,1
9020199,19,4
9020199,20,2
9020199,21,4
9020199,22,3
9020199,23,3
9020199,24,2
9020199,25,4
9020199,26,4
9020199,27,2
9020199,28,2
9020199,29,1
9020199,30,1
9020199,32,2
9020199,33,1
9020199,40,2
9020199,43,2
9020199,51,1
9020199,52,4
9020199,53,3
9020199,58,1
9020199,63,3
9020199,66,1
9020199,67,2
9020213,1,1
9020213,2,1
9020213,3,3
9020213,4,3
9020213,5,5
9020213,6,3
9020213,7,3
9020213,8,4
9020213,9,4
9020213,10,3
9020213,11,3
9020213,12,3
9020213,13,4
9020213,14,3
9020213,15,2
9020213,16,3
9020213,17,2
9020213,19,2
9020213,20,2
9020213,21,3
9020213,22,4
9020213,23,2
9020213,24,3
9020213,25,2
9020213,26,2
9020213,27,2
9020213,28,2
9020213,29,3
9020213,30,2
9020213,32,2
9020213,33,1
9020213,51,1
9020213,52,4
9020213,56,2
9020213,58,1
9020213,63,1
9020213,66,1
9020213,67,1
9020213,78,1
9020227,1,3
9020227,2,3
9020227,3,3
9020227,4,3
9020227,5,3
9020227,6,4
9020227,7,3
9020227,8,3
9020227,9,4
9020227,10,3
9020227,11,3
9020227,12,2
9020227,13,4
9020227,14,3
9020227,15,3
9020227,16,2
9020227,17,2
9020227,19,3
9020227,20,4
9020227,21,4
9020227,22,3
9020227,23,2
9020227,24,2
9020227,25,2
9020227,26,3
9020227,27,2
9020227,28,3
9020227,29,5
9020227,30,2
9020227,32,2
9020227,33,2
9020227,43,5
9020227,49,4
9020227,51,1
9020227,52,4
9020227,53,3
9020227,56,2
9020227,58,1
9020227,61,1
9020227,63,3
9020227,66,1
9020227,68,1
8020186,3,2
8020186,4,2
8020186,6,1
8020186,8,4
8020186,9,3
8020186,14,5
8020186,15,2
8020186,16,3
8020186,17,4
8020186,19,4
8020186,20,3
8020186,21,3
8020186,22,1
8020186,23,1
8020186,24,2
8020186,25,1
8020186,26,1
8020186,27,3
8020186,28,3
8020186,29,2
8020186,30,2
8020186,32,1
8020186,33,2
8020186,43,5
8020186,45,2
8020186,48,4
8020186,49,1
8020186,51,5
8020186,52,3
8020186,53,3
8020186,61,1
8020186,63,4
8020186,66,1
8020186,68,2
8020186,75,4
9020272,1,2
9020272,2,2
9020272,3,3
9020272,4,3
9020272,5,2
9020272,6,2
9020272,7,2
9020272,8,2
9020272,9,2
9020272,10,3
9020272,11,2
9020272,12,2
9020272,13,3
9020272,14,4
9020272,15,4
9020272,16,2
9020272,17,4
9020272,19,3
9020272,20,2
9020272,21,3
9020272,22,4
9020272,23,4
9020272,24,2
9020272,25,3
9020272,26,2
9020272,27,3
9020272,28,3
9020272,29,4
9020272,30,2
9020272,32,1
9020272,33,3
9020272,43,2
9020272,48,3
9020272,51,5
9020272,52,4
9020272,61,1
9020272,62,3
9020272,63,3
9020272,66,2
9020272,68,1
9020272,70,4
9020278,1,2
9020278,2,2
9020278,3,2
9020278,4,3
9020278,5,2
9020278,6,3
9020278,7,2
9020278,8,3
9020278,9,3
9020278,10,1
9020278,11,2
9020278,12,1
9020278,13,2
9020278,14,2
9020278,15,2
9020278,16,2
9020278,17,3
9020278,19,2
9020278,20,3
9020278,21,2
9020278,22,4
9020278,23,2
9020278,24,4
9020278,25,3
9020278,26,3
9020278,27,2
9020278,28,2
9020278,29,1
9020278,30,2
9020278,32,2
9020278,33,3
9020278,43,1
9020278,45,3
9020278,51,1
9020278,52,1
9020278,53,3
9020278,56,1
9020278,58,5
9020278,63,4
9020278,66,1
9020278,67,1
9020312,1,5
9020312,2,5
9020312,3,3
9020312,4,2
9020312,5,3
9020312,6,3
9020312,7,2
9020312,8,3
9020312,9,3
9020312,10,2
9020312,11,2
9020312,12,3
9020312,13,3
9020312,14,5
9020312,15,2
9020312,16,4
9020312,17,3
9020312,19,3
9020312,20,2
9020312,21,2
9020312,22,1
9020312,23,4
9020312,24,2
9020312,25,4
9020312,26,4
9020312,27,2
9020312,28,4
9020312,29,5
9020312,30,2
9020312,32,4
9020312,33,2
9020312,40,2
9020312,45,4
9020312,51,5
9020312,52,4
9020312,56,3
9020312,58,1
9020312,61,1
9020312,63,4
9020312,66,2
9020312,68,2
9020319,1,2
9020319,2,2
9020319,3,2
9020319,4,2
9020319,5,3
9020319,6,1
9020319,7,2
9020319,8,2
9020319,9,3
9020319,10,2
9020319,11,3
9020319,12,1
9020319,13,3
9020319,14,3
9020319,15,1
9020319,16,2
9020319,17,2
9020319,19,1
9020319,20,2
9020319,21,3
9020319,22,1
9020319,23,3
9020319,24,2
9020319,25,2
9020319,26,2
9020319,27,2
9020319,28,3
9020319,29,1
9020319,30,2
9020319,32,2
9020319,33,2
9020319,40,2
9020319,43,1
9020319,51,2
9020319,52,2
9020319,53,3
9020319,63,2
9020319,66,1
9020319,67,1
9020320,1,2
9020320,2,2
9020320,3,2
9020320,4,3
9020320,5,2
9020320,6,2
9020320,7,2
9020320,8,3
9020320,9,3
9020320,10,2
9020320,11,3
9020320,12,2
9020320,13,4
9020320,14,2
9020320,15,2
9020320,16,3
9020320,17,4
9020320,19,3
9020320,20,4
9020320,21,2
9020320,22,1
9020320,23,4
9020320,24,2
9020320,25,4
9020320,26,2
9020320,27,2
9020320,28,2
9020320,29,5
9020320,30,2
9020320,32,2
9020320,33,2
9020320,49,2
9020320,51,3
9020320,52,1
9020320,56,1
9020320,58,1
9020320,63,3
9020320,66,1
9020320,67,1
9020330,1,3
9020330,2,3
9020330,3,3
9020330,4,3
9020330,5,2
9020330,6,2
9020330,7,3
9020330,8,4
9020330,9,4
9020330,10,4
9020330,11,3
9020330,12,3
9020330,13,3
9020330,14,5
9020330,15,4
9020330,16,2
9020330,17,4
9020330,19,4
9020330,20,4
9020330,21,4
9020330,22,2
9020330,23,3
9020330,24,4
9020330,25,4
9020330,26,4
9020330,27,3
9020330,28,3
9020330,29,4
9020330,30,3
9020330,32,4
9020330,33,3
9020330,51,2
9020330,52,4
9020330,53,4
9020330,56,4
9020330,58,1
9020330,61,1
9020330,63,4
9020330,66,2
9020330,68,2
8020262,3,3
8020262,4,3
8020262,6,5
8020262,8,4
8020262,9,3
8020262,14,4
8020262,15,3
8020262,16,4
8020262,17,4
8020262,19,4
8020262,20,4
8020262,21,4
8020262,22,3
8020262,23,2
8020262,24,3
8020262,25,3
8020262,26,3
8020262,27,3
8020262,28,3
8020262,29,5
8020262,30,3
8020262,32,4
8020262,33,3
8020262,40,4
8020262,43,5
8020262,45,4
8020262,51,5
8020262,52,3
8020262,61,1
8020262,62,4
8020262,63,4
8020262,66,1
8020262,68,1
8020262,76,1
9020345,1,2
9020345,2,2
9020345,3,3
9020345,4,2
9020345,5,2
9020345,6,2
9020345,7,2
9020345,8,2
9020345,9,3
9020345,10,3
9020345,11,3
9020345,12,4
9020345,13,3
9020345,14,4
9020345,15,3
9020345,16,2
9020345,17,4
9020345,19,4
9020345,20,4
9020345,21,2
9020345,22,2
9020345,23,2
9020345,24,4
9020345,25,4
9020345,26,3
9020345,27,2
9020345,28,3
9020345,29,2
9020345,30,3
9020345,32,3
9020345,33,4
9020345,48,5
9020345,51,3
9020345,52,4
9020345,53,3
9020345,56,3
9020345,58,1
9020345,61,1
9020345,63,4
9020345,66,1
9020345,68,1
9020354,1,2
9020354,2,2
9020354,3,4
9020354,4,3
9020354,5,2
9020354,6,1
9020354,7,1
9020354,8,1
9020354,9,2
9020354,10,3
9020354,11,1
9020354,12,2
9020354,13,2
9020354,14,4
9020354,15,3
9020354,16,3
9020354,17,3
9020354,19,3
9020354,20,2
9020354,21,3
9020354,22,2
9020354,23,3
9020354,24,3
9020354,25,2
9020354,26,3
9020354,27,1
9020354,28,3
9020354,29,1
9020354,30,2
9020354,32,2
9020354,33,3
9020354,49,2
9020354,51,1
9020354,52,3
9020354,56,2
9020354,62,2
9020354,63,3
9020354,66,1
9020354,67,1
9020354,76,2
9020356,1,2
9020356,2,2
9020356,3,2
9020356,4,2
9020356,5,1
9020356,6,1
9020356,7,2
9020356,8,2
9020356,9,2
9020356,10,2
9020356,11,3
9020356,12,3
9020356,13,4
9020356,14,2
9020356,15,1
9020356,16,2
9020356,17,2
9020356,19,2
9020356,20,4
9020356,21,2
9020356,22,3
9020356,23,4
9020356,24,4
9020356,25,3
9020356,26,4
9020356,27,4
9020356,28,4
9020356,29,3
9020356,30,3
9020356,32,2
9020356,33,2
9020356,43,1
9020356,45,1
9020356,49,2
9020356,51,5
9020356,52,1
9020356,56,3
9020356,63,4
9020356,66,2
9020356,67,2
9020396,1,2
9020396,2,2
9020396,3,2
9020396,4,2
9020396,5,2
9020396,6,2
9020396,7,2
9020396,8,2
9020396,9,2
9020396,10,3
9020396,11,3
9020396,12,2
9020396,13,3
9020396,14,4
9020396,15,4
9020396,16,4
9020396,17,2
9020396,19,4
9020396,20,3
9020396,21,4
9020396,22,2
9020396,23,3
9020396,24,2
9020396,25,3
9020396,26,4
9020396,27,2
9020396,28,3
9020396,29,2
9020396,30,2
9020396,32,3
9020396,33,2
9020396,48,2
9020396,51,1
9020396,52,3
9020396,53,3
9020396,63,4
9020396,66,1
9020396,67,1
9020396,78,1
9020408,1,2
9020408,2,2
9020408,3,3
9020408,4,2
9020408,5,3
9020408,6,1
9020408,7,3
9020408,8,4
9020408,9,3
9020408,10,3
9020408,11,1
9020408,12,4
9020408,13,2
9020408,14,5
9020408,15,5
9020408,16,4
9020408,17,4
9020408,19,4
9020408,20,1
9020408,21,3
9020408,22,2
9020408,23,2
9020408,24,4
9020408,25,4
9020408,26,4
9020408,27,4
9020408,28,3
9020408,29,1
9020408,30,2
9020408,32,3
9020408,33,3
9020408,48,3
9020408,51,1
9020408,52,1
9020408,53,3
9020408,56,4
9020408,58,1
9020408,63,4
9020408,66,2
9020408,68,1
9020408,70,3
9020463,1,3
9020463,2,3
9020463,3,2
9020463,4,2
9020463,5,3
9020463,6,1
9020463,7,3
9020463,8,4
9020463,9,3
9020463,10,2
9020463,11,3
9020463,12,1
9020463,13,3
9020463,14,4
9020463,15,2
9020463,16,4
9020463,17,3
9020463,19,3
9020463,20,3
9020463,21,2
9020463,22,3
9020463,23,3
9020463,24,2
9020463,25,3
9020463,26,1
9020463,27,3
9020463,28,2
9020463,29,1
9020463,30,3
9020463,32,2
9020463,33,2
9020463,43,1
9020463,45,2
9020463,49,2
9020463,51,1
9020463,52,1
9020463,53,4
9020463,63,2
9020463,66,1
9020463,67,1
9020456,1,3
9020456,2,3
9020456,3,3
9020456,4,3
9020456,5,3
9020456,6,1
9020456,7,3
9020456,8,2
9020456,9,4
9020456,10,3
9020456,11,5
9020456,12,3
9020456,13,4
9020456,14,4
9020456,15,5
9020456,16,4
9020456,17,4
9020456,19,4
9020456,20,2
9020456,21,2
9020456,22,3
9020456,23,4
9020456,24,4
9020456,25,3
9020456,26,4
9020456,27,3
9020456,28,5
9020456,29,1
9020456,30,2
9020456,32,3
9020456,33,2
9020456,51,5
9020456,60,5
9020456,63,2
9020456,64,5
9020466,1,3
9020466,2,3
9020466,3,2
9020466,4,2
9020466,5,3
9020466,6,2
9020466,7,2
9020466,8,2
9020466,9,2
9020466,10,2
9020466,11,3
9020466,12,2
9020466,13,4
9020466,14,5
9020466,15,3
9020466,16,2
9020466,17,3
9020466,19,4
9020466,20,2
9020466,21,3
9020466,22,1
9020466,23,3
9020466,24,2
9020466,25,2
9020466,26,4
9020466,27,3
9020466,28,3
9020466,29,3
9020466,30,2
9020466,32,3
9020466,33,2
9020466,40,2
9020466,48,3
9020466,51,1
9020466,52,2
9020466,53,3
9020466,63,3
9020466,66,1
9020466,67,1
9020490,1,2
9020490,2,2
9020490,3,3
9020490,4,2
9020490,5,2
9020490,6,3
9020490,7,3
9020490,8,4
9020490,9,4
9020490,10,4
9020490,11,4
9020490,12,3
9020490,13,4
9020490,14,3
9020490,15,3
9020490,16,3
9020490,17,4
9020490,19,2
9020490,20,2
9020490,21,4
9020490,22,3
9020490,23,1
9020490,24,2
9020490,25,3
9020490,26,3
9020490,27,2
9020490,28,2
9020490,29,1
9020490,30,2
9020490,32,2
9020490,33,1
9020490,40,1
9020490,45,2
9020490,48,2
9020490,51,1
9020490,52,2
9020490,63,2
9020490,66,1
9020490,67,1
8020396,3,3
8020396,4,4
8020396,8,3
8020396,9,4
8020396,10,5
8020396,11,1
8020396,14,4
8020396,15,4
8020396,16,2
8020396,17,2
8020396,19,2
8020396,20,2
8020396,21,3
8020396,22,5
8020396,23,3
8020396,24,3
8020396,25,2
8020396,26,4
8020396,27,3
8020396,28,3
8020396,29,5
8020396,30,3
8020396,32,2
8020396,33,2
8020396,40,4
8020396,45,1
8020396,51,2
8020396,52,4
8020396,58,1
8020396,61,1
8020396,63,2
8020396,66,1
8020396,68,2
9020511,1,2
9020511,2,2
9020511,3,2
9020511,4,2
9020511,5,3
9020511,6,1
9020511,7,3
9020511,8,4
9020511,9,4
9020511,10,2
9020511,11,1
9020511,12,1
9020511,13,4
9020511,14,3
9020511,15,3
9020511,16,3
9020511,17,4
9020511,19,3
9020511,20,3
9020511,21,4
9020511,22,4
9020511,23,3
9020511,24,4
9020511,25,3
9020511,26,3
9020511,27,2
9020511,28,3
9020511,29,5
9020511,30,3
9020511,32,1
9020511,33,2
9020511,43,2
9020511,45,2
9020511,48,2
9020511,51,3
9020511,52,4
9020511,63,4
9020511,66,1
9020511,67,2
9020532,1,3
9020532,2,3
9020532,3,2
9020532,4,2
9020532,5,3
9020532,6,2
9020532,7,2
9020532,8,2
9020532,9,2
9020532,10,3
9020532,11,2
9020532,12,1
9020532,13,4
9020532,14,3
9020532,15,2
9020532,16,4
9020532,17,2
9020532,19,1
9020532,20,4
9020532,21,4
9020532,22,2
9020532,23,2
9020532,24,1
9020532,25,2
9020532,26,3
9020532,27,2
9020532,28,1
9020532,29,2
9020532,30,2
9020532,32,2
9020532,33,1
9020532,45,1
9020532,51,1
9020532,52,4
9020532,53,3
9020532,63,2
9020532,66,1
9020532,67,1
9020532,78,1
9020533,1,2
9020533,2,2
9020533,3,2
9020533,4,3
9020533,5,3
9020533,6,4
9020533,7,2
9020533,8,3
9020533,9,3
9020533,10,2
9020533,11,2
9020533,12,3
9020533,13,3
9020533,14,3
9020533,15,4
9020533,16,3
9020533,17,2
9020533,19,3
9020533,20,3
9020533,21,4
9020533,22,2
9020533,23,3
9020533,24,3
9020533,25,4
9020533,26,4
9020533,27,2
9020533,28,2
9020533,29,4
9020533,30,3
9020533,32,1
9020533,33,1
9020533,48,3
9020533,51,1
9020533,52,2
9020533,56,3
9020533,58,1
9020533,63,2
9020533,66,1
9020533,67,1
9020539,1,2
9020539,2,2
9020539,3,3
9020539,4,4
9020539,5,3
9020539,6,2
9020539,7,4
9020539,8,5
9020539,9,4
9020539,10,3
9020539,11,3
9020539,12,3
9020539,13,3
9020539,14,4
9020539,15,2
9020539,16,4
9020539,17,4
9020539,19,4
9020539,20,4
9020539,21,4
9020539,22,3
9020539,23,4
9020539,24,3
9020539,25,4
9020539,26,2
9020539,27,4
9020539,28,5
9020539,29,1
9020539,30,1
9020539,32,2
9020539,33,2
9020539,43,5
9020539,49,3
9020539,51,5
9020539,52,1
9020539,56,4
9020539,58,1
9020539,61,1
9020539,63,2
9020539,66,1
9020539,68,2
9020539,78,1
9020544,1,7.1
9020544,2,7.1
9020544,3,5.9
9020544,4,6.9
9020544,5,5.9
9020544,6,7.6
9020544,7,5.7
9020544,8,4.7
9020544,9,4.5
9020544,10,6.9
9020544,11,5
9020544,12,7.4
9020544,13,6.4
9020544,14,6.6
9020544,15,6.3
9020544,17,4.6
9020544,19,6.6
9020544,21,6
9020544,22,8.6
9020544,23,7.5
9020544,24,7.1
9020544,25,6
9020544,26,7.6
9020544,32,8.5
9020544,33,7.6
8020427,3,3
8020427,4,2
8020427,8,4
8020427,9,4
8020427,14,3
8020427,15,1
8020427,16,2
8020427,17,3
8020427,19,3
8020427,20,2
8020427,21,4
8020427,22,1
8020427,23,2
8020427,24,3
8020427,25,3
8020427,26,1
8020427,27,2
8020427,28,2
8020427,29,1
8020427,30,3
8020427,32,2
8020427,33,1
8020427,40,4
8020427,45,3
8020427,51,1
8020427,52,3
8020427,61,1
8020427,63,2
8020427,66,2
8020427,68,2
8020427,78,1
8020435,3,3
8020435,4,4
8020435,6,4
8020435,8,4
8020435,9,4
8020435,10,5
8020435,14,3
8020435,15,4
8020435,16,3
8020435,17,4
8020435,19,5
8020435,20,4
8020435,21,4
8020435,22,5
8020435,23,4
8020435,24,4
8020435,25,4
8020435,26,4
8020435,27,4
8020435,28,4
8020435,29,5
8020435,30,3
8020435,32,4
8020435,33,3
8020435,40,4
8020435,45,3
8020435,51,5
8020435,52,2
8020435,56,5
8020435,58,1
8020435,61,2
8020435,63,5
8020435,66,1
8020435,68,2
8020435,70,5
8020435,75,5
9020581,1,2
9020581,2,2
9020581,3,4
9020581,4,4
9020581,5,3
9020581,6,1
9020581,7,3
9020581,8,3
9020581,9,3
9020581,10,3
9020581,11,3
9020581,12,3
9020581,13,1
9020581,14,3
9020581,15,4
9020581,16,1
9020581,17,3
9020581,19,1
9020581,20,2
9020581,21,3
9020581,22,1
9020581,23,3
9020581,24,4
9020581,25,2
9020581,26,2
9020581,27,3
9020581,28,3
9020581,29,2
9020581,30,2
9020581,32,2
9020581,33,2
9020581,43,4
9020581,45,3
9020581,51,2
9020581,52,4
9020581,53,3
9020581,63,2
9020581,66,1
9020581,67,2
9020584,1,3
9020584,2,3
9020584,3,3
9020584,4,3
9020584,5,3
9020584,6,3
9020584,7,3
9020584,8,4
9020584,9,4
9020584,10,3
9020584,11,2
9020584,12,2
9020584,13,3
9020584,14,3
9020584,15,3
9020584,16,4
9020584,17,4
9020584,19,3
9020584,20,3
9020584,21,4
9020584,22,1
9020584,23,2
9020584,24,3
9020584,25,3
9020584,26,2
9020584,27,2
9020584,28,2
9020584,29,5
9020584,30,2
9020584,32,1
9020584,33,3
9020584,43,4
9020584,45,3
9020584,51,5
9020584,52,4
9020584,53,3
9020584,54,2
9020584,61,1
9020584,62,4
9020584,63,3
9020584,66,2
9020584,68,3
9020573,1,3
9020573,2,3
9020573,3,2
9020573,4,2
9020573,5,2
9020573,6,1
9020573,7,3
9020573,8,3
9020573,9,3
9020573,10,2
9020573,11,3
9020573,12,4
9020573,13,3
9020573,14,3
9020573,15,4
9020573,16,3
9020573,17,3
9020573,19,1
9020573,20,3
9020573,21,3
9020573,22,1
9020573,23,4
9020573,24,3
9020573,25,4
9020573,26,4
9020573,27,2
9020573,28,2
9020573,29,3
9020573,30,2
9020573,32,2
9020573,33,1
9020573,43,2
9020573,51,1
9020573,52,3
9020573,56,3
9020573,58,1
9020573,63,1
9020573,66,2
9020573,67,1
8020009,1,4
8020009,2,4
8020009,3,3
8020009,4,2
8020009,5,2
8020009,6,3
8020009,7,4
8020009,8,3
8020009,9,4
8020009,10,4
8020009,11,2
8020009,12,3
8020009,13,2
8020009,14,4
8020009,15,4
8020009,16,3
8020009,17,3
8020009,19,2
8020009,20,5
8020009,21,3
8020009,22,5
8020009,23,3
8020009,24,2
8020009,25,3
8020009,26,3
8020009,27,2
8020009,28,2
8020009,29,5
8020009,30,3
8020009,33,3
8020009,48,5
8020009,49,4
8020009,51,1
8020009,52,1
8020009,60,3
8020009,61,1
8020009,63,3
8020009,68,2
8020009,70,1
8020009,77,3
8020009,78,2
8020022,1,2
8020022,2,2
8020022,3,2
8020022,4,2
8020022,5,3
8020022,6,3
8020022,7,3
8020022,8,3
8020022,9,4
8020022,10,3
8020022,11,2
8020022,12,2
8020022,13,3
8020022,14,4
8020022,15,3
8020022,16,3
8020022,17,2
8020022,19,3
8020022,20,4
8020022,21,4
8020022,22,4
8020022,23,3
8020022,24,2
8020022,25,2
8020022,26,4
8020022,27,4
8020022,28,4
8020022,29,5
8020022,30,3
8020022,33,3
8020022,49,2
8020022,51,2
8020022,52,4
8020022,56,2
8020022,58,3
8020022,61,1
8020022,63,4
8020022,68,1
8020022,70,1
8020022,77,4
8020037,1,2
8020037,2,2
8020037,3,2
8020037,4,1
8020037,5,2
8020037,6,2
8020037,7,3
8020037,8,4
8020037,9,4
8020037,10,2
8020037,11,1
8020037,12,1
8020037,13,3
8020037,14,3
8020037,15,2
8020037,16,3
8020037,17,3
8020037,19,2
8020037,20,3
8020037,21,4
8020037,22,3
8020037,23,3
8020037,24,3
8020037,25,4
8020037,26,3
8020037,27,4
8020037,28,3
8020037,29,1
8020037,30,2
8020037,33,2
8020037,40,1
8020037,45,4
8020037,51,2
8020037,52,4
8020037,63,3
8020037,67,1
8020037,70,1
8020037,77,3
8020037,78,2
8020078,1,3
8020078,2,3
8020078,3,2
8020078,4,3
8020078,5,3
8020078,6,4
8020078,7,4
8020078,8,3
8020078,9,4
8020078,10,3
8020078,11,4
8020078,12,2
8020078,13,4
8020078,14,2
8020078,15,3
8020078,16,4
8020078,17,3
8020078,19,2
8020078,20,3
8020078,21,4
8020078,22,4
8020078,23,3
8020078,24,4
8020078,25,4
8020078,26,3
8020078,27,4
8020078,28,3
8020078,29,4
8020078,30,3
8020078,33,4
8020078,45,3
8020078,48,3
8020078,51,3
8020078,52,5
8020078,53,5
8020078,61,2
8020078,63,3
8020078,68,2
8020078,70,1
8020078,77,4
8020078,78,2
7020072,1,4
7020072,2,4
7020072,3,3
7020072,4,4
7020072,7,2
7020072,8,5
7020072,9,5
7020072,10,4
7020072,11,2
7020072,14,3
7020072,15,3
7020072,16,4
7020072,17,3
7020072,19,3
7020072,20,3
7020072,21,2
7020072,22,3
7020072,23,4
7020072,24,2
7020072,25,3
7020072,26,3
7020072,27,4
7020072,28,5
7020072,29,4
7020072,30,4
7020072,33,3
7020072,43,5
7020072,51,5
7020072,52,3
7020072,56,5
7020072,60,5
7020072,61,2
7020072,62,2
7020072,63,4
7020072,68,3
7020072,70,4
7020072,77,4
7020072,78,2
8020135,1,4
8020135,2,4
8020135,3,4
8020135,4,2
8020135,5,2
8020135,6,3
8020135,7,3
8020135,8,3
8020135,9,4
8020135,10,3
8020135,11,2
8020135,12,2
8020135,13,4
8020135,14,3
8020135,15,3
8020135,16,2
8020135,17,3
8020135,19,3
8020135,20,4
8020135,21,4
8020135,22,4
8020135,23,4
8020135,24,3
8020135,25,3
8020135,26,3
8020135,27,4
8020135,28,3
8020135,29,4
8020135,30,2
8020135,33,4
8020135,40,4
8020135,49,2
8020135,51,1
8020135,52,4
8020135,58,2
8020135,63,3
8020135,67,2
8020135,70,1
8020135,77,4
8020141,1,3
8020141,2,3
8020141,3,3
8020141,4,2
8020141,5,2
8020141,6,2
8020141,7,3
8020141,8,3
8020141,9,4
8020141,10,4
8020141,11,2
8020141,12,5
8020141,13,3
8020141,14,3
8020141,15,2
8020141,16,2
8020141,17,3
8020141,19,3
8020141,20,4
8020141,21,2
8020141,22,2
8020141,23,4
8020141,24,3
8020141,25,3
8020141,26,4
8020141,27,3
8020141,28,4
8020141,29,5
8020141,30,2
8020141,33,2
8020141,49,3
8020141,51,5
8020141,52,3
8020141,53,4
8020141,56,2
8020141,58,3
8020141,60,5
8020141,61,2
8020141,63,3
8020141,68,3
8020141,70,1
8020141,77,3
8020153,1,3
8020153,2,3
8020153,3,3
8020153,4,2
8020153,5,1
8020153,6,4
8020153,7,4
8020153,8,3
8020153,9,4
8020153,10,3
8020153,11,2
8020153,12,2
8020153,13,2
8020153,14,3
8020153,15,3
8020153,16,3
8020153,17,2
8020153,19,1
8020153,20,4
8020153,21,3
8020153,22,4
8020153,23,4
8020153,24,3
8020153,25,3
8020153,26,3
8020153,27,4
8020153,28,2
8020153,29,4
8020153,30,2
8020153,33,3
8020153,48,3
8020153,49,3
8020153,51,1
8020153,52,3
8020153,63,3
8020153,67,1
8020153,70,1
8020153,77,2
8020153,78,2
8020172,1,3
8020172,2,3
8020172,3,3
8020172,4,3
8020172,5,3
8020172,6,3
8020172,7,4
8020172,8,3
8020172,9,4
8020172,10,3
8020172,11,3
8020172,12,2
8020172,13,4
8020172,14,3
8020172,15,2
8020172,16,3
8020172,17,2
8020172,19,3
8020172,20,4
8020172,21,5
8020172,22,2
8020172,23,4
8020172,24,4
8020172,25,3
8020172,26,4
8020172,27,4
8020172,28,3
8020172,29,5
8020172,30,5
8020172,33,3
8020172,51,1
8020172,52,4
8020172,58,4
8020172,61,1
8020172,62,3
8020172,63,4
8020172,68,3
8020172,70,1
8020172,77,3
8020172,78,2
8020176,1,5.8
8020176,2,5.8
8020176,3,7.3
8020176,4,6.3
8020176,5,5
8020176,6,6.2
8020176,7,5.3
8020176,8,6.5
8020176,9,7.2
8020176,10,7
8020176,11,6.6
8020176,12,6.1
8020176,13,4.4
8020176,14,5.7
8020176,15,4.2
8020176,16,5.6
8020176,17,6
8020176,19,6.4
8020176,20,4.9
8020176,21,5.2
8020176,22,5
8020176,23,5.8
8020176,25,4.5
8020176,26,5.5
8020176,27,6.6
8020176,28,4.4
8020176,29,2.9
8020176,30,6.4
8020176,33,6.6
8020176,49,5.6
8020176,52,4
8020176,53,7.3
8020176,63,5.1
8020176,70,9
8020176,78,7.8
8020190,1,3
8020190,2,3
8020190,3,2
8020190,4,3
8020190,5,2
8020190,6,3
8020190,7,2
8020190,8,2
8020190,9,3
8020190,10,3
8020190,11,2
8020190,12,3
8020190,13,3
8020190,14,3
8020190,15,2
8020190,16,2
8020190,17,4
8020190,19,3
8020190,20,4
8020190,21,4
8020190,22,3
8020190,23,2
8020190,24,3
8020190,25,1
8020190,26,1
8020190,27,4
8020190,28,1
8020190,29,3
8020190,30,3
8020190,33,2
8020190,40,4
8020190,45,4
8020190,51,1
8020190,52,3
8020190,62,4
8020190,63,4
8020190,67,2
8020190,70,1
8020190,77,4
8020220,1,6.9
8020220,2,6.9
8020220,3,5.6
8020220,4,6.4
8020220,5,7.2
8020220,6,5.8
8020220,7,5.8
8020220,8,5.6
8020220,9,4.6
8020220,10,5.7
8020220,11,6
8020220,12,6.3
8020220,13,5.4
8020220,14,4
8020220,15,4.3
8020220,16,6.3
8020220,17,4.7
8020220,20,0
8020220,21,4.2
8020220,22,4.8
8020220,23,3.8
8020220,25,6.2
8020220,26,6.2
8020220,27,5
8020220,28,4.2
8020220,29,1.7
8020220,30,6.2
8020220,33,6
8020220,40,3.7
8020220,45,4.6
8020220,52,2.6
8020220,53,5.5
8020220,62,3.2
8020220,63,6.3
8020220,70,9
8020220,77,6.2
8020225,1,3
8020225,2,3
8020225,3,3
8020225,4,3
8020225,5,1
8020225,6,2
8020225,7,3
8020225,8,3
8020225,9,4
8020225,10,2
8020225,11,2
8020225,12,3
8020225,13,2
8020225,14,3
8020225,15,4
8020225,16,4
8020225,17,2
8020225,19,3
8020225,20,3
8020225,21,4
8020225,22,2
8020225,23,4
8020225,24,4
8020225,25,4
8020225,26,3
8020225,27,4
8020225,28,3
8020225,29,5
8020225,30,3
8020225,33,4
8020225,51,2
8020225,52,4
8020225,53,4
8020225,56,3
8020225,58,3
8020225,63,4
8020225,67,2
8020225,70,2
8020225,77,3
8020242,1,3
8020242,2,3
8020242,3,4
8020242,4,3
8020242,5,2
8020242,6,3
8020242,7,3
8020242,8,3
8020242,9,3
8020242,10,3
8020242,11,2
8020242,12,3
8020242,13,4
8020242,14,3
8020242,15,4
8020242,16,4
8020242,17,2
8020242,19,3
8020242,20,5
8020242,21,4
8020242,22,5
8020242,23,3
8020242,24,4
8020242,25,3
8020242,26,3
8020242,27,3
8020242,28,3
8020242,29,3
8020242,30,3
8020242,33,3
8020242,49,5
8020242,51,3
8020242,52,4
8020242,53,4
8020242,56,1
8020242,58,2
8020242,61,1
8020242,63,2
8020242,68,2
8020242,70,2
8020242,77,4
8020259,1,3
8020259,2,3
8020259,3,2
8020259,4,2
8020259,5,1
8020259,6,4
8020259,7,3
8020259,8,3
8020259,9,4
8020259,10,3
8020259,11,3
8020259,12,3
8020259,13,3
8020259,14,4
8020259,15,4
8020259,16,3
8020259,17,3
8020259,19,3
8020259,20,4
8020259,21,4
8020259,22,4
8020259,23,4
8020259,24,3
8020259,25,3
8020259,26,3
8020259,27,4
8020259,28,3
8020259,29,2
8020259,30,3
8020259,33,3
8020259,40,4
8020259,45,4
8020259,48,3
8020259,49,5
8020259,51,2
8020259,52,5
8020259,61,1
8020259,63,3
8020259,68,1
8020259,70,1
8020259,77,4
8020302,1,4
8020302,2,4
8020302,3,2
8020302,4,2
8020302,5,1
8020302,6,3
8020302,7,4
8020302,8,3
8020302,9,4
8020302,10,3
8020302,11,3
8020302,12,4
8020302,13,4
8020302,14,4
8020302,15,4
8020302,16,3
8020302,17,3
8020302,19,4
8020302,20,2
8020302,21,2
8020302,22,4
8020302,23,3
8020302,24,4
8020302,25,2
8020302,26,2
8020302,27,3
8020302,28,4
8020302,29,2
8020302,30,3
8020302,33,4
8020302,51,2
8020302,52,4
8020302,56,3
8020302,58,4
8020302,61,1
8020302,62,2
8020302,63,5
8020302,68,2
8020302,70,2
8020302,77,4
8020308,1,3
8020308,2,3
8020308,3,3
8020308,4,2
8020308,5,2
8020308,6,4
8020308,7,3
8020308,8,2
8020308,9,3
8020308,10,3
8020308,11,4
8020308,12,3
8020308,13,2
8020308,14,4
8020308,15,3
8020308,16,2
8020308,17,1
8020308,19,2
8020308,20,1
8020308,21,2
8020308,22,1
8020308,23,3
8020308,24,2
8020308,25,2
8020308,26,2
8020308,27,2
8020308,28,2
8020308,29,2
8020308,30,2
8020308,33,3
8020308,48,2
8020308,51,1
8020308,52,4
8020308,62,2
8020308,63,2
8020308,67,1
8020308,70,1
8020308,77,2
8020308,78,1
8020338,1,7.1
8020338,2,7.1
8020338,3,6.6
8020338,4,8.2
8020338,5,7.4
8020338,6,5.8
8020338,7,6.3
8020338,8,5.6
8020338,9,4.6
8020338,10,7.8
8020338,11,8.1
8020338,12,6
8020338,13,6.9
8020338,14,5.5
8020338,15,6.4
8020338,16,5.5
8020338,17,8.8
8020338,19,7.1
8020338,20,4.2
8020338,21,5.4
8020338,23,6.2
8020338,24,6.5
8020338,25,5.5
8020338,26,7.2
8020338,27,4.1
8020338,28,6.7
8020338,29,0
8020338,30,7.7
8020338,33,7
8020338,40,5.9
8020338,45,5.6
8020338,49,2.8
8020338,58,6.3
8020338,63,7.4
8020338,70,9.2
8020338,77,7.4
8020352,1,4
8020352,2,4
8020352,3,2
8020352,4,2
8020352,5,2
8020352,6,1
8020352,7,2
8020352,8,3
8020352,9,3
8020352,10,3
8020352,11,3
8020352,12,3
8020352,13,2
8020352,14,4
8020352,15,2
8020352,16,3
8020352,17,3
8020352,19,3
8020352,20,1
8020352,21,4
8020352,22,3
8020352,23,3
8020352,24,3
8020352,25,3
8020352,26,2
8020352,27,2
8020352,28,3
8020352,29,4
8020352,30,3
8020352,33,3
8020352,40,3
8020352,45,3
8020352,51,1
8020352,52,4
8020352,56,2
8020352,63,3
8020352,67,2
8020352,70,1
8020352,77,2
8020370,1,3
8020370,2,3
8020370,3,3
8020370,4,2
8020370,5,2
8020370,6,3
8020370,7,3
8020370,8,3
8020370,9,4
8020370,10,3
8020370,11,1
8020370,12,3
8020370,13,3
8020370,14,3
8020370,15,4
8020370,16,2
8020370,17,3
8020370,19,3
8020370,20,4
8020370,21,3
8020370,22,4
8020370,23,3
8020370,24,3
8020370,25,3
8020370,26,3
8020370,27,3
8020370,28,2
8020370,29,4
8020370,30,2
8020370,33,2
8020370,48,3
8020370,51,1
8020370,52,5
8020370,62,1
8020370,63,2
8020370,67,1
8020370,70,1
8020370,77,2
8020370,78,1
8020381,1,2
8020381,2,2
8020381,3,2
8020381,4,3
8020381,5,2
8020381,6,1
8020381,7,3
8020381,8,3
8020381,9,4
8020381,10,3
8020381,11,1
8020381,12,3
8020381,13,3
8020381,14,2
8020381,15,4
8020381,16,4
8020381,17,3
8020381,19,4
8020381,20,3
8020381,21,4
8020381,22,3
8020381,23,4
8020381,24,3
8020381,25,3
8020381,26,4
8020381,27,3
8020381,28,4
8020381,29,4
8020381,30,2
8020381,33,2
8020381,49,3
8020381,51,2
8020381,52,4
8020381,53,2
8020381,63,4
8020381,67,1
8020381,70,2
8020381,77,3
8020381,78,2
8020389,1,3
8020389,2,3
8020389,3,4
8020389,4,4
8020389,5,3
8020389,6,2
8020389,7,1
8020389,8,4
8020389,9,2
8020389,10,4
8020389,11,3
8020389,12,4
8020389,13,3
8020389,14,4
8020389,15,4
8020389,16,4
8020389,17,3
8020389,19,2
8020389,20,3
8020389,21,4
8020389,22,4
8020389,23,3
8020389,24,4
8020389,25,3
8020389,26,3
8020389,27,4
8020389,28,3
8020389,29,2
8020389,30,4
8020389,33,3
8020389,49,4
8020389,51,4
8020389,52,4
8020389,53,2
8020389,56,5
8020389,58,2
8020389,61,2
8020389,63,4
8020389,68,2
8020389,70,5
8020389,77,3
8020394,1,3
8020394,2,3
8020394,3,3
8020394,4,1
8020394,5,2
8020394,6,5
8020394,7,3
8020394,8,3
8020394,9,4
8020394,10,3
8020394,11,3
8020394,12,1
8020394,13,3
8020394,14,4
8020394,15,4
8020394,16,3
8020394,17,2
8020394,19,1
8020394,20,4
8020394,21,4
8020394,22,1
8020394,23,3
8020394,24,3
8020394,25,3
8020394,26,3
8020394,27,3
8020394,28,4
8020394,29,4
8020394,30,3
8020394,33,3
8020394,51,1
8020394,52,3
8020394,56,2
8020394,58,3
8020394,61,1
8020394,63,4
8020394,68,1
8020394,70,1
8020394,77,4
8020394,78,2
8020426,1,3
8020426,2,3
8020426,3,2
8020426,4,4
8020426,5,2
8020426,6,3
8020426,7,3
8020426,8,3
8020426,9,3
8020426,10,3
8020426,11,2
8020426,12,3
8020426,13,3
8020426,14,4
8020426,15,2
8020426,16,2
8020426,17,3
8020426,19,3
8020426,20,4
8020426,21,3
8020426,22,4
8020426,23,2
8020426,24,2
8020426,25,3
8020426,26,3
8020426,27,1
8020426,28,2
8020426,29,1
8020426,30,1
8020426,33,3
8020426,40,3
8020426,45,3
8020426,51,1
8020426,52,4
8020426,63,3
8020426,67,1
8020426,70,1
8020426,77,3
8020426,78,2
8020464,1,2
8020464,2,2
8020464,3,3
8020464,4,4
8020464,5,2
8020464,6,1
8020464,7,3
8020464,8,3
8020464,9,4
8020464,10,2
8020464,11,2
8020464,12,2
8020464,13,2
8020464,14,3
8020464,15,3
8020464,16,3
8020464,17,3
8020464,19,3
8020464,20,1
8020464,21,4
8020464,22,2
8020464,23,3
8020464,24,3
8020464,25,3
8020464,26,3
8020464,27,4
8020464,28,5
8020464,29,1
8020464,30,3
8020464,33,1
8020464,51,4
8020464,52,5
8020464,53,2
8020464,56,5
8020464,58,4
8020464,61,2
8020464,62,3
8020464,63,3
8020464,68,3
8020464,70,1
8020464,77,2
8020466,1,4
8020466,2,4
8020466,3,3
8020466,4,4
8020466,5,2
8020466,6,3
8020466,7,3
8020466,8,3
8020466,9,4
8020466,10,2
8020466,11,2
8020466,12,4
8020466,13,3
8020466,14,4
8020466,15,3
8020466,16,4
8020466,17,3
8020466,19,2
8020466,20,3
8020466,21,3
8020466,22,2
8020466,23,3
8020466,24,2
8020466,25,4
8020466,26,3
8020466,27,4
8020466,28,2
8020466,29,5
8020466,30,3
8020466,33,1
8020466,43,3
8020466,51,5
8020466,52,4
8020466,53,2
8020466,56,1
8020466,58,2
8020466,63,3
8020466,67,2
8020466,70,1
8020466,77,3
8020468,1,3
8020468,2,3
8020468,3,3
8020468,4,2
8020468,5,2
8020468,6,1
8020468,7,2
8020468,8,2
8020468,9,3
8020468,10,3
8020468,11,3
8020468,12,1
8020468,13,1
8020468,14,3
8020468,15,3
8020468,16,2
8020468,17,2
8020468,19,2
8020468,20,1
8020468,21,3
8020468,22,2
8020468,23,1
8020468,24,1
8020468,25,2
8020468,26,3
8020468,27,3
8020468,28,2
8020468,29,5
8020468,30,2
8020468,33,1
8020468,49,2
8020468,51,1
8020468,52,4
8020468,56,1
8020468,61,1
8020468,62,3
8020468,63,3
8020468,68,1
8020468,70,1
8020468,77,1
8020476,1,3
8020476,2,3
8020476,3,2
8020476,4,3
8020476,5,1
8020476,6,1
8020476,7,2
8020476,8,3
8020476,9,3
8020476,10,2
8020476,11,1
8020476,12,2
8020476,13,2
8020476,14,3
8020476,15,4
8020476,16,1
8020476,17,3
8020476,19,2
8020476,20,1
8020476,21,4
8020476,22,1
8020476,23,2
8020476,24,3
8020476,25,3
8020476,26,2
8020476,27,2
8020476,28,3
8020476,29,3
8020476,30,2
8020476,33,2
8020476,48,1
8020476,51,1
8020476,52,4
8020476,62,2
8020476,63,2
8020476,67,1
8020476,70,1
8020476,77,3
8020476,78,1
7020179,1,3
7020179,2,3
7020179,3,2
7020179,4,4
7020179,8,2
7020179,9,2
7020179,12,1
7020179,13,4
7020179,14,4
7020179,15,3
7020179,16,4
7020179,17,4
7020179,19,3
7020179,20,3
7020179,21,4
7020179,22,5
7020179,23,4
7020179,24,4
7020179,25,4
7020179,26,3
7020179,27,4
7020179,28,1
7020179,29,4
7020179,30,3
7020179,33,2
7020179,45,4
7020179,48,4
7020179,49,4
7020179,51,5
7020179,52,3
7020179,61,2
7020179,63,3
7020179,68,3
7020179,70,1
7020179,77,4
7020179,78,2
8020001,1,4
8020001,2,4
8020001,3,4
8020001,4,3
8020001,5,3
8020001,6,1
8020001,7,4
8020001,8,4
8020001,9,4
8020001,10,3
8020001,11,1
8020001,12,3
8020001,13,2
8020001,14,4
8020001,15,3
8020001,16,1
8020001,17,4
8020001,19,3
8020001,20,2
8020001,21,4
8020001,22,2
8020001,23,2
8020001,24,2
8020001,25,3
8020001,26,1
8020001,27,3
8020001,28,2
8020001,29,5
8020001,30,2
8020001,33,1
8020001,49,2
8020001,51,1
8020001,52,4
8020001,56,1
8020001,63,4
8020001,67,2
8020001,70,1
8020001,77,2
8020001,78,2
8020024,1,3
8020024,2,3
8020024,3,3
8020024,4,2
8020024,5,2
8020024,6,3
8020024,7,3
8020024,8,4
8020024,9,3
8020024,10,3
8020024,11,2
8020024,12,3
8020024,13,3
8020024,14,2
8020024,15,2
8020024,16,4
8020024,17,4
8020024,19,3
8020024,20,4
8020024,21,4
8020024,22,3
8020024,23,3
8020024,24,4
8020024,25,3
8020024,26,3
8020024,27,3
8020024,28,2
8020024,29,3
8020024,30,2
8020024,33,2
8020024,48,4
8020024,49,3
8020024,51,4
8020024,52,4
8020024,61,1
8020024,63,4
8020024,68,1
8020024,70,2
8020024,77,2
8020024,78,2
8020050,1,3
8020050,2,3
8020050,3,3
8020050,4,2
8020050,5,3
8020050,6,4
8020050,7,3
8020050,8,3
8020050,9,4
8020050,10,3
8020050,11,2
8020050,12,3
8020050,13,3
8020050,14,3
8020050,15,3
8020050,16,4
8020050,17,4
8020050,19,4
8020050,20,3
8020050,21,3
8020050,22,4
8020050,23,3
8020050,24,3
8020050,25,2
8020050,26,2
8020050,27,3
8020050,28,3
8020050,29,5
8020050,30,3
8020050,33,2
8020050,40,3
8020050,45,4
8020050,51,5
8020050,52,1
8020050,56,5
8020050,58,2
8020050,61,2
8020050,63,4
8020050,68,4
8020050,70,4
8020050,77,3
8020099,1,2
8020099,2,2
8020099,3,2
8020099,4,2
8020099,5,3
8020099,6,3
8020099,7,4
8020099,8,4
8020099,9,3
8020099,10,4
8020099,11,1
8020099,12,2
8020099,13,2
8020099,14,4
8020099,15,2
8020099,16,2
8020099,17,3
8020099,19,3
8020099,20,2
8020099,21,2
8020099,22,3
8020099,23,3
8020099,24,3
8020099,25,3
8020099,26,3
8020099,27,3
8020099,28,3
8020099,29,3
8020099,30,2
8020099,33,2
8020099,40,3
8020099,48,4
8020099,49,4
8020099,51,4
8020099,52,3
8020099,61,1
8020099,63,3
8020099,68,1
8020099,70,2
8020099,77,2
8020099,78,2
8020137,1,3
8020137,2,3
8020137,3,3
8020137,4,2
8020137,5,2
8020137,6,2
8020137,7,2
8020137,8,4
8020137,9,3
8020137,10,4
8020137,11,3
8020137,12,3
8020137,13,3
8020137,14,4
8020137,15,3
8020137,16,2
8020137,17,3
8020137,19,3
8020137,20,2
8020137,21,4
8020137,22,2
8020137,23,5
8020137,24,2
8020137,25,2
8020137,26,2
8020137,27,3
8020137,28,2
8020137,29,2
8020137,30,2
8020137,33,1
8020137,43,3
8020137,48,4
8020137,49,4
8020137,51,5
8020137,52,4
8020137,61,1
8020137,63,3
8020137,68,1
8020137,70,5
8020137,77,2
8020137,78,2
8020171,1,2
8020171,2,2
8020171,3,3
8020171,4,3
8020171,5,1
8020171,6,3
8020171,7,3
8020171,8,3
8020171,9,3
8020171,10,3
8020171,11,3
8020171,12,3
8020171,13,4
8020171,14,5
8020171,15,2
8020171,16,3
8020171,17,4
8020171,19,4
8020171,20,3
8020171,21,2
8020171,22,5
8020171,23,2
8020171,24,2
8020171,25,2
8020171,26,4
8020171,27,3
8020171,28,2
8020171,29,4
8020171,30,2
8020171,33,2
8020171,40,2
8020171,45,2
8020171,51,1
8020171,52,3
8020171,62,2
8020171,63,2
8020171,67,1
8020171,70,2
8020171,77,1
8020171,78,2
6020157,1,3
6020157,2,3
6020157,3,4
6020157,4,5
6020157,9,3
6020157,11,3
6020157,12,1
6020157,14,4
6020157,15,3
6020157,16,4
6020157,17,2
6020157,19,4
6020157,20,4
6020157,21,4
6020157,22,5
6020157,23,4
6020157,24,3
6020157,25,1
6020157,26,4
6020157,27,5
6020157,28,1
6020157,29,4
6020157,30,5
6020157,33,2
6020157,43,5
6020157,45,4
6020157,49,5
6020157,51,5
6020157,52,5
6020157,53,5
6020157,54,5
6020157,60,5
6020157,63,5
6020157,68,3
6020157,70,2
6020157,77,5
8020212,1,4
8020212,2,4
8020212,3,3
8020212,4,3
8020212,5,2
8020212,6,1
8020212,7,4
8020212,8,4
8020212,9,4
8020212,10,4
8020212,11,3
8020212,12,3
8020212,13,3
8020212,14,4
8020212,15,4
8020212,16,4
8020212,17,4
8020212,19,3
8020212,20,3
8020212,21,4
8020212,22,2
8020212,23,2
8020212,24,4
8020212,25,2
8020212,26,4
8020212,27,3
8020212,28,3
8020212,29,4
8020212,30,3
8020212,33,2
8020212,40,4
8020212,45,3
8020212,51,1
8020212,52,4
8020212,56,5
8020212,58,2
8020212,61,1
8020212,63,4
8020212,68,2
8020212,70,1
8020212,77,3
8020239,1,3
8020239,2,3
8020239,3,2
8020239,4,2
8020239,5,2
8020239,6,1
8020239,7,1
8020239,8,2
8020239,9,3
8020239,10,3
8020239,11,2
8020239,12,2
8020239,13,2
8020239,14,3
8020239,15,2
8020239,16,2
8020239,17,3
8020239,19,3
8020239,20,2
8020239,21,3
8020239,22,4
8020239,23,2
8020239,24,3
8020239,25,2
8020239,26,2
8020239,27,4
8020239,28,2
8020239,29,5
8020239,30,1
8020239,33,3
8020239,48,3
8020239,49,4
8020239,51,1
8020239,52,2
8020239,63,2
8020239,67,2
8020239,70,2
8020239,77,2
8020239,78,2
8020488,1,3
8020488,2,3
8020488,3,2
8020488,4,4
8020488,5,3
8020488,6,4
8020488,7,2
8020488,8,3
8020488,9,3
8020488,10,3
8020488,11,3
8020488,12,2
8020488,13,2
8020488,14,2
8020488,15,3
8020488,16,3
8020488,17,4
8020488,19,4
8020488,20,3
8020488,21,4
8020488,22,2
8020488,23,2
8020488,24,4
8020488,25,2
8020488,26,3
8020488,27,4
8020488,28,2
8020488,29,5
8020488,30,2
8020488,33,1
8020488,43,3
8020488,49,3
8020488,51,2
8020488,52,4
8020488,58,2
8020488,63,4
8020488,67,2
8020488,70,1
8020488,77,2
8020272,1,6.7
8020272,2,6.7
8020272,3,7
8020272,4,7
8020272,5,8.1
8020272,6,7.9
8020272,7,4.7
8020272,8,5.5
8020272,9,5
8020272,10,6.95
8020272,11,6.3
8020272,12,6.6
8020272,13,7.1
8020272,14,7.15
8020272,15,3
8020272,16,8.2
8020272,19,6.7
8020272,20,8.3
8020272,21,6
8020272,22,8.1
8020272,23,7.5
8020272,24,7.2
8020272,25,8.4
8020272,27,4.4
8020272,28,4.9
8020272,29,4.5
8020272,30,5.3
8020272,33,8.4
8020272,52,5.9
8020272,77,7.5
8020296,1,6.1
8020296,2,6.1
8020296,3,7
8020296,4,7.1
8020296,5,6.6
8020296,6,7.9
8020296,7,6.3
8020296,8,5.9
8020296,9,5.1
8020296,10,7.95
8020296,11,6.9
8020296,12,6.1
8020296,13,8.1
8020296,14,5.15
8020296,15,8.3
8020296,16,8
8020296,17,7.6
8020296,19,9.1
8020296,20,6.8
8020296,21,9.3
8020296,22,8.3
8020296,23,6.8
8020296,24,8
8020296,25,7.8
8020296,26,6.2
8020296,27,5
8020296,28,7.8
8020296,29,5.4
8020296,30,8.4
8020296,33,8
8020296,52,5.8
8020296,77,9.4
6020479,1,4
6020479,2,4
6020479,3,4
6020479,4,5
6020479,9,4
6020479,10,5
6020479,14,5
6020479,15,2
6020479,16,2
6020479,17,3
6020479,19,4
6020479,20,3
6020479,21,5
6020479,22,1
6020479,23,4
6020479,24,4
6020479,25,5
6020479,26,3
6020479,27,3
6020479,29,5
6020479,30,4
6020479,33,5
6020479,40,5
6020479,43,5
6020479,48,5
6020479,49,5
6020479,51,5
6020479,52,4
6020479,53,5
6020479,55,5
6020479,58,2
6020479,60,5
6020479,61,2
6020479,62,4
6020479,63,3
6020479,68,3
6020479,70,2
6020479,77,5
6020479,78,3
8020322,1,3
8020322,2,3
8020322,3,3
8020322,4,2
8020322,5,3
8020322,6,3
8020322,7,3
8020322,8,3
8020322,9,3
8020322,10,3
8020322,11,2
8020322,12,2
8020322,13,4
8020322,14,3
8020322,15,4
8020322,16,4
8020322,17,3
8020322,19,3
8020322,20,4
8020322,21,3
8020322,22,3
8020322,23,4
8020322,24,4
8020322,25,4
8020322,26,2
8020322,27,4
8020322,28,3
8020322,29,1
8020322,30,3
8020322,33,4
8020322,48,3
8020322,51,4
8020322,52,3
8020322,56,5
8020322,58,3
8020322,60,4
8020322,63,4
8020322,68,1
8020322,70,5
8020322,77,3
8020332,1,3
8020332,2,3
8020332,3,2
8020332,4,3
8020332,5,1
8020332,6,3
8020332,7,1
8020332,8,2
8020332,9,2
8020332,10,4
8020332,11,4
8020332,12,4
8020332,13,4
8020332,14,5
8020332,15,4
8020332,16,2
8020332,17,4
8020332,19,2
8020332,20,3
8020332,21,3
8020332,22,2
8020332,23,3
8020332,24,3
8020332,25,3
8020332,26,3
8020332,27,3
8020332,28,2
8020332,29,5
8020332,30,1
8020332,33,3
8020332,40,3
8020332,45,5
8020332,51,3
8020332,52,4
8020332,53,4
8020332,55,5
8020332,60,1
8020332,61,1
8020332,63,4
8020332,68,3
8020332,70,5
8020332,77,3
8020332,78,3
8020388,1,2
8020388,2,2
8020388,3,3
8020388,4,3
8020388,5,2
8020388,6,1
8020388,7,3
8020388,8,3
8020388,9,4
8020388,10,3
8020388,11,4
8020388,12,4
8020388,13,4
8020388,14,3
8020388,15,3
8020388,16,3
8020388,17,4
8020388,19,1
8020388,20,2
8020388,21,4
8020388,22,1
8020388,23,3
8020388,24,3
8020388,25,2
8020388,26,3
8020388,27,4
8020388,28,4
8020388,29,5
8020388,30,2
8020388,33,3
8020388,40,3
8020388,43,5
8020388,45,5
8020388,49,4
8020388,51,3
8020388,52,4
8020388,56,5
8020388,60,1
8020388,63,3
8020388,67,1
8020388,70,1
8020388,77,4
8020388,78,2
7020185,1,3
7020185,2,3
7020185,3,3
7020185,4,3
7020185,5,2
7020185,6,4
7020185,7,2
7020185,8,3
7020185,9,4
7020185,10,4
7020185,11,4
7020185,12,4
7020185,13,4
7020185,14,4
7020185,15,3
7020185,16,1
7020185,17,3
7020185,19,4
7020185,20,3
7020185,21,2
7020185,22,5
7020185,23,3
7020185,24,2
7020185,25,4
7020185,26,3
7020185,29,4
7020185,49,1
7020185,51,2
7020185,52,4
7020185,60,3
7020185,62,4
7020185,63,4
7020185,68,1
7020185,69,2
7020185,71,4
7020185,73,2
7020185,74,3
7020185,77,2
7020185,78,3
7020294,1,2
7020294,2,2
7020294,3,2
7020294,4,3
7020294,5,2
7020294,6,1
7020294,7,2
7020294,8,3
7020294,9,3
7020294,10,2
7020294,11,3
7020294,12,3
7020294,13,4
7020294,14,3
7020294,15,4
7020294,16,3
7020294,17,1
7020294,19,2
7020294,20,3
7020294,21,4
7020294,22,4
7020294,23,4
7020294,24,2
7020294,25,3
7020294,26,2
7020294,29,3
7020294,49,3
7020294,51,2
7020294,52,4
7020294,60,2
7020294,62,2
7020294,63,3
7020294,68,1
7020294,69,2
7020294,71,3
7020294,73,3
7020294,74,2
7020294,77,3
7020294,78,2
6020413,1,2
6020413,2,2
6020413,3,2
6020413,4,3
6020413,5,2
6020413,6,3
6020413,7,2
6020413,8,4
6020413,9,3
6020413,10,2
6020413,11,3
6020413,12,4
6020413,13,2
6020413,14,3
6020413,15,4
6020413,16,4
6020413,17,2
6020413,19,3
6020413,20,4
6020413,21,3
6020413,22,4
6020413,23,2
6020413,24,5
6020413,25,3
6020413,26,4
6020413,29,3
6020413,49,2
6020413,51,5
6020413,52,4
6020413,60,3
6020413,62,4
6020413,63,3
6020413,68,2
6020413,69,3
6020413,71,3
6020413,73,3
6020413,74,3
6020413,77,4
6020413,78,3
